Time,BKK_P.CURR
,Average
,
,mA
09.12.2025 11:10:05.708,  0.0
09.12.2025 11:53:03.722,  0.0
09.12.2025 11:53:08.332,  0.0
09.12.2025 11:53:11.722,  0.0
09.12.2025 11:53:15.732,  0.0
09.12.2025 11:53:19.732,  0.0
09.12.2025 11:53:23.722,  0.0
09.12.2025 11:53:27.722,  0.0
09.12.2025 11:53:31.732,  0.0
09.12.2025 11:53:35.732,  0.0
09.12.2025 11:53:39.722,  0.0
09.12.2025 11:53:43.722,  0.0
09.12.2025 11:53:47.732,  0.0
09.12.2025 11:53:51.733,  0.0
09.12.2025 11:53:55.722,  0.0
09.12.2025 11:53:59.732,  0.0
09.12.2025 11:54:03.732,  0.0
09.12.2025 11:54:07.722,  0.0
09.12.2025 11:54:11.732,  0.0
09.12.2025 11:54:15.722,  0.0
09.12.2025 11:54:19.732,  0.0
09.12.2025 11:54:23.892,  0.0
09.12.2025 11:54:27.722,  0.0
09.12.2025 11:54:31.732,  0.0
09.12.2025 11:54:35.733,  0.0
09.12.2025 11:54:39.732,  0.0
09.12.2025 11:54:43.733,  0.0
09.12.2025 11:54:47.732,  0.0
09.12.2025 11:54:51.722,  0.0
09.12.2025 11:54:55.722,  0.0
09.12.2025 11:54:59.732,  0.0
09.12.2025 11:55:03.722,  0.0
09.12.2025 11:55:07.760,  0.0
09.12.2025 11:55:11.760,  0.0
09.12.2025 11:55:15.761,  0.0
09.12.2025 11:55:19.750,  0.0
09.12.2025 11:55:23.760,  0.0
09.12.2025 11:55:27.750,  0.0
09.12.2025 11:55:31.761,  0.0
09.12.2025 11:55:35.750,  0.0
09.12.2025 11:55:39.760,  0.0
09.12.2025 11:55:43.750,  0.0
09.12.2025 11:55:47.760,  0.0
09.12.2025 11:55:51.760,  0.0
09.12.2025 11:55:55.750,  0.0
09.12.2025 11:55:59.760,  0.0
09.12.2025 11:56:03.750,  0.0
09.12.2025 11:56:07.760,  0.0
09.12.2025 11:56:11.750,  0.0
09.12.2025 11:56:15.750,  0.0
09.12.2025 11:56:19.760,  0.0
09.12.2025 11:56:23.760,  0.0
09.12.2025 11:56:27.760,  0.0
09.12.2025 11:56:31.761,  0.0
09.12.2025 11:56:35.750,  0.0
09.12.2025 11:56:39.760,  0.0
09.12.2025 11:56:43.761,  0.0
09.12.2025 11:56:47.760,  0.0
09.12.2025 11:56:51.760,  0.0
09.12.2025 11:56:55.760,  0.0
09.12.2025 11:56:59.760,  0.0
09.12.2025 11:57:03.760,  0.0
09.12.2025 11:57:07.760,  0.0
09.12.2025 11:57:11.750,  0.0
09.12.2025 11:57:15.760,  0.0
09.12.2025 11:57:19.760,  0.0
09.12.2025 11:57:23.760,  0.0
09.12.2025 11:57:27.770,  0.0
09.12.2025 11:57:31.760,  0.0
09.12.2025 11:57:35.760,  0.0
09.12.2025 11:57:39.760,  0.0
09.12.2025 11:57:43.770,  0.0
09.12.2025 11:57:47.760,  0.0
09.12.2025 11:57:51.770,  0.0
09.12.2025 11:57:55.760,  0.0
09.12.2025 11:57:59.760,  0.0
09.12.2025 11:58:03.760,  0.0
09.12.2025 11:58:07.770,  0.0
09.12.2025 11:58:11.770,  0.0
09.12.2025 11:58:15.770,  0.0
09.12.2025 11:58:19.771,  0.0
09.12.2025 11:58:23.770,  0.0
09.12.2025 11:58:27.770,  0.0
09.12.2025 11:58:31.760,  0.0
09.12.2025 11:58:35.771,  0.0
09.12.2025 11:58:39.771,  0.0
09.12.2025 11:58:43.760,  0.0
09.12.2025 11:58:47.760,  0.0
09.12.2025 11:58:51.770,  0.0
09.12.2025 11:58:55.771,  0.0
09.12.2025 11:58:59.760,  0.0
09.12.2025 11:59:03.860,  0.0
09.12.2025 11:59:07.771,  0.0
09.12.2025 11:59:11.760,  0.0
09.12.2025 11:59:15.780,  0.0
09.12.2025 11:59:19.781,  0.0
09.12.2025 11:59:23.770,  0.0
09.12.2025 11:59:27.780,  0.0
09.12.2025 11:59:31.780,  0.0
09.12.2025 11:59:35.780,  0.0
09.12.2025 11:59:39.781,  0.0
09.12.2025 11:59:43.780,  0.0
09.12.2025 11:59:47.780,  0.0
09.12.2025 11:59:51.770,  0.0
09.12.2025 11:59:55.780,  0.0
09.12.2025 11:59:59.780,  0.0
09.12.2025 12:00:03.770,  0.0
09.12.2025 12:00:07.798,  0.0
09.12.2025 12:00:11.808,  0.0
09.12.2025 12:00:15.798,  0.0
09.12.2025 12:00:19.808,  0.0
09.12.2025 12:00:23.818,  0.0
09.12.2025 12:00:27.828,  0.0
09.12.2025 12:00:31.828,  0.0
09.12.2025 12:00:35.828,  0.0
09.12.2025 12:00:39.848,  0.0
09.12.2025 12:00:43.838,  0.0
09.12.2025 12:00:47.848,  0.0
09.12.2025 12:00:51.848,  0.0
09.12.2025 12:00:55.858,  0.0
09.12.2025 12:00:59.858,  0.0
09.12.2025 12:01:03.858,  0.0
09.12.2025 12:01:07.858,  0.0
09.12.2025 12:01:11.858,  0.0
09.12.2025 12:01:15.848,  0.0
09.12.2025 12:01:19.858,  0.0
09.12.2025 12:01:23.858,  0.0
09.12.2025 12:01:27.848,  0.0
09.12.2025 12:01:31.859,  0.0
09.12.2025 12:01:35.858,  0.0
09.12.2025 12:01:39.858,  0.0
09.12.2025 12:01:43.858,  0.0
09.12.2025 12:01:47.858,  0.0
09.12.2025 12:01:51.858,  0.0
09.12.2025 12:01:55.848,  0.0
09.12.2025 12:01:59.858,  0.0
09.12.2025 12:02:03.859,  0.0
09.12.2025 12:02:07.848,  0.0
09.12.2025 12:02:11.858,  0.0
09.12.2025 12:02:15.858,  0.0
09.12.2025 12:02:19.848,  0.0
09.12.2025 12:02:23.858,  0.0
09.12.2025 12:02:27.858,  0.0
09.12.2025 12:02:31.858,  0.0
09.12.2025 12:02:35.848,  0.0
09.12.2025 12:02:39.858,  0.0
09.12.2025 12:02:43.848,  0.0
09.12.2025 12:02:47.858,  0.0
09.12.2025 12:02:51.859,  0.0
09.12.2025 12:02:55.858,  0.0
09.12.2025 12:02:59.848,  0.0
09.12.2025 12:03:03.848,  0.0
09.12.2025 12:03:07.848,  0.0
09.12.2025 12:03:11.858,  0.0
09.12.2025 12:03:15.858,  0.0
09.12.2025 12:03:19.848,  0.0
09.12.2025 12:03:23.848,  0.0
09.12.2025 12:03:27.848,  0.0
09.12.2025 12:03:31.848,  0.0
09.12.2025 12:03:35.859,  0.0
09.12.2025 12:03:39.848,  0.0
09.12.2025 12:03:43.858,  0.0
09.12.2025 12:03:47.848,  0.0
09.12.2025 12:03:51.859,  0.0
09.12.2025 12:03:55.848,  0.0
09.12.2025 12:03:59.848,  0.0
09.12.2025 12:04:03.858,  0.0
09.12.2025 12:04:07.859,  0.0
09.12.2025 12:04:11.858,  0.0
09.12.2025 12:04:15.859,  0.0
09.12.2025 12:04:19.948,  0.0
09.12.2025 12:04:23.858,  0.0
09.12.2025 12:04:27.848,  0.0
09.12.2025 12:04:31.858,  0.0
09.12.2025 12:04:35.848,  0.0
09.12.2025 12:04:39.858,  0.0
09.12.2025 12:04:43.858,  0.0
09.12.2025 12:20:53.236,  0.0
09.12.2025 12:20:58.026,  0.0
09.12.2025 12:21:02.036,  0.0
09.12.2025 12:21:06.026,  0.0
09.12.2025 12:21:10.036,  0.0
09.12.2025 12:21:14.036,  0.0
09.12.2025 12:21:18.026,  0.0
09.12.2025 12:21:22.036,  0.0
09.12.2025 12:21:26.026,  0.0
09.12.2025 12:21:30.037,  0.0
09.12.2025 12:21:34.036,  0.0
09.12.2025 12:21:38.036,  0.0
09.12.2025 12:21:42.026,  0.0
09.12.2025 12:21:46.036,  0.0
09.12.2025 12:21:50.036,  0.0
09.12.2025 12:21:54.046,  0.0
09.12.2025 12:21:58.036,  0.0
09.12.2025 12:22:02.046,  0.0
09.12.2025 12:22:06.046,  0.0
09.12.2025 12:22:10.036,  0.0
09.12.2025 12:22:14.046,  0.0
09.12.2025 12:22:18.036,  0.0
09.12.2025 12:22:22.046,  0.0
09.12.2025 12:22:26.047,  0.0
09.12.2025 12:22:30.036,  0.0
09.12.2025 12:22:34.046,  0.0
09.12.2025 12:22:38.036,  0.0
09.12.2025 12:22:42.036,  0.0
09.12.2025 12:22:46.046,  0.0
09.12.2025 12:22:50.036,  0.0
09.12.2025 12:22:54.046,  0.0
09.12.2025 12:22:58.046,  0.0
09.12.2025 12:23:02.036,  0.0
09.12.2025 12:23:06.046,  0.0
09.12.2025 12:23:10.036,  0.0
09.12.2025 12:23:14.046,  0.0
09.12.2025 12:23:18.046,  0.0
09.12.2025 12:23:22.046,  0.0
09.12.2025 12:23:26.036,  0.0
09.12.2025 12:23:30.046,  0.0
09.12.2025 12:23:34.046,  0.0
09.12.2025 12:23:38.047,  0.0
09.12.2025 12:23:42.046,  0.0
09.12.2025 12:23:46.046,  0.0
09.12.2025 12:23:50.046,  0.0
09.12.2025 12:23:55.046,  0.6
09.12.2025 12:23:59.046,  0.4
09.12.2025 12:24:03.046,  0.4
09.12.2025 12:24:07.056,  0.4
09.12.2025 12:24:11.046,  0.5
09.12.2025 12:24:15.046,  0.5
09.12.2025 12:24:19.056,  0.5
09.12.2025 12:24:23.046,  0.5
09.12.2025 12:24:27.056,  0.5
09.12.2025 12:24:31.046,  0.5
09.12.2025 12:24:35.056,  0.5
09.12.2025 12:24:39.046,  0.5
09.12.2025 12:24:43.056,  0.5
09.12.2025 12:24:47.046,  0.5
09.12.2025 12:24:51.056,  0.5
09.12.2025 12:24:55.046,  0.5
09.12.2025 12:24:59.056,  0.5
09.12.2025 12:25:03.156,  0.5
09.12.2025 12:25:07.054,  0.5
09.12.2025 12:25:11.064,  0.5
09.12.2025 12:25:15.064,  0.5
09.12.2025 12:25:19.054,  0.5
09.12.2025 12:25:23.064,  0.5
09.12.2025 12:25:27.054,  0.5
09.12.2025 12:25:31.064,  0.5
09.12.2025 12:25:35.064,  0.5
09.12.2025 12:25:39.064,  0.5
09.12.2025 12:25:43.064,  0.5
09.12.2025 12:25:47.064,  0.5
09.12.2025 12:25:51.054,  0.5
09.12.2025 12:25:55.064,  0.5
09.12.2025 12:25:59.064,  0.5
09.12.2025 12:26:03.054,  0.5
09.12.2025 12:26:07.064,  0.5
09.12.2025 12:26:11.054,  0.5
09.12.2025 12:26:15.054,  0.5
09.12.2025 12:26:19.054,  0.5
09.12.2025 12:26:23.064,  0.5
09.12.2025 12:26:27.054,  0.5
09.12.2025 12:26:31.064,  0.5
09.12.2025 12:26:35.064,  0.5
09.12.2025 12:26:39.064,  0.5
09.12.2025 12:26:43.054,  0.5
09.12.2025 12:26:47.064,  0.5
09.12.2025 12:26:51.054,  0.5
09.12.2025 12:26:55.054,  0.5
09.12.2025 12:26:59.064,  0.5
09.12.2025 12:27:03.154,  0.5
09.12.2025 12:27:07.154,  0.5
09.12.2025 12:27:11.054,  0.5
09.12.2025 12:27:15.054,  0.5
09.12.2025 12:27:19.064,  0.0
09.12.2025 12:27:23.065,  0.0
09.12.2025 12:27:27.064,  0.0
09.12.2025 12:27:31.064,  0.0
09.12.2025 12:27:35.054,  0.0
09.12.2025 12:27:39.064,  0.0
09.12.2025 12:27:43.064,  0.0
09.12.2025 12:27:47.054,  0.0
09.12.2025 12:27:51.054,  0.0
09.12.2025 12:27:55.065,  0.0
09.12.2025 12:27:59.064,  0.0
09.12.2025 12:28:03.054,  0.0
09.12.2025 12:28:07.064,  0.0
09.12.2025 12:28:11.064,  0.0
09.12.2025 12:28:15.064,  0.0
09.12.2025 12:28:19.054,  0.0
09.12.2025 12:28:23.074,  0.0
09.12.2025 12:28:27.074,  0.0
09.12.2025 12:28:31.064,  0.0
09.12.2025 12:28:35.074,  0.0
09.12.2025 12:28:39.075,  0.0
09.12.2025 12:28:43.074,  0.0
09.12.2025 12:28:47.074,  0.0
09.12.2025 12:28:51.064,  0.0
09.12.2025 12:28:55.074,  0.0
09.12.2025 12:28:59.074,  0.0
09.12.2025 12:29:03.074,  0.0
09.12.2025 12:29:07.074,  0.0
09.12.2025 12:29:11.084,  0.0
09.12.2025 12:29:15.074,  0.0
09.12.2025 12:29:19.084,  0.0
09.12.2025 12:29:23.084,  0.0
09.12.2025 12:29:27.084,  0.0
09.12.2025 12:29:31.074,  0.0
09.12.2025 12:29:35.084,  0.0
09.12.2025 12:29:39.074,  0.0
09.12.2025 12:29:43.084,  0.0
09.12.2025 12:29:47.085,  0.0
09.12.2025 12:29:51.084,  0.0
09.12.2025 12:29:55.084,  0.0
09.12.2025 12:29:59.084,  0.0
09.12.2025 12:30:03.074,  0.0
09.12.2025 12:30:07.089,  0.0
09.12.2025 12:30:11.099,  0.0
09.12.2025 12:30:15.089,  0.0
09.12.2025 12:30:19.089,  0.0
09.12.2025 12:30:23.099,  0.0
09.12.2025 12:30:27.099,  0.0
09.12.2025 12:30:31.089,  0.0
09.12.2025 12:30:35.089,  0.0
09.12.2025 12:30:39.099,  0.0
09.12.2025 12:30:43.099,  0.0
09.12.2025 12:30:47.089,  0.0
09.12.2025 12:30:51.089,  0.0
09.12.2025 12:30:55.099,  0.0
09.12.2025 12:30:59.099,  0.0
09.12.2025 12:31:03.119,  0.0
09.12.2025 12:31:07.119,  0.0
09.12.2025 12:31:11.119,  0.0
09.12.2025 12:31:15.109,  0.0
09.12.2025 12:31:19.109,  0.0
09.12.2025 12:31:23.130,  0.0
09.12.2025 12:31:27.129,  0.0
09.12.2025 12:31:31.119,  0.0
09.12.2025 12:31:35.129,  0.0
09.12.2025 12:31:39.119,  0.0
09.12.2025 12:31:43.129,  0.0
09.12.2025 12:31:47.130,  0.0
09.12.2025 12:31:51.129,  0.0
09.12.2025 12:31:55.129,  0.0
09.12.2025 12:31:59.319,  0.0
09.12.2025 12:32:03.129,  0.0
09.12.2025 12:32:07.129,  0.0
09.12.2025 12:32:11.119,  0.0
09.12.2025 12:32:15.129,  0.0
09.12.2025 12:32:19.130,  0.0
09.12.2025 12:32:23.129,  0.0
09.12.2025 12:32:27.119,  0.0
09.12.2025 12:32:31.129,  0.0
09.12.2025 12:32:35.119,  0.0
09.12.2025 12:32:39.129,  0.0
09.12.2025 12:32:43.119,  0.0
09.12.2025 12:32:47.119,  0.0
09.12.2025 12:32:51.129,  0.0
09.12.2025 12:32:55.129,  0.0
09.12.2025 12:32:59.119,  0.0
09.12.2025 12:33:03.129,  0.0
09.12.2025 12:33:07.129,  0.0
09.12.2025 12:33:11.129,  0.0
09.12.2025 12:33:15.119,  0.0
09.12.2025 12:33:19.129,  0.0
09.12.2025 12:33:23.129,  0.0
09.12.2025 12:33:27.129,  0.0
09.12.2025 12:33:31.119,  0.0
09.12.2025 12:33:35.129,  0.0
09.12.2025 12:33:39.129,  0.0
09.12.2025 12:33:43.119,  0.0
09.12.2025 12:33:47.129,  0.0
09.12.2025 12:33:51.119,  0.0
09.12.2025 12:33:55.119,  0.0
09.12.2025 12:33:59.129,  0.0
09.12.2025 12:34:03.129,  0.0
09.12.2025 12:34:07.119,  0.0
09.12.2025 12:34:11.129,  0.0
09.12.2025 12:34:15.129,  0.0
09.12.2025 12:34:19.119,  0.0
09.12.2025 12:34:23.129,  0.0
09.12.2025 12:34:27.119,  0.0
09.12.2025 12:34:31.129,  0.0
09.12.2025 12:34:35.139,  0.0
09.12.2025 12:34:39.129,  0.0
09.12.2025 12:34:43.129,  0.0
09.12.2025 12:34:47.139,  0.0
09.12.2025 12:34:51.139,  0.0
09.12.2025 12:34:55.129,  0.0
09.12.2025 12:34:59.229,  0.0
09.12.2025 12:35:03.139,  0.0
09.12.2025 12:35:07.143,  0.0
09.12.2025 12:35:11.153,  0.0
09.12.2025 12:35:15.153,  0.0
09.12.2025 12:35:19.143,  0.0
09.12.2025 12:35:23.153,  0.0
09.12.2025 12:35:27.163,  0.0
09.12.2025 12:35:31.163,  0.0
09.12.2025 12:35:35.163,  0.0
09.12.2025 12:35:39.163,  0.0
09.12.2025 12:35:44.153,  0.7
09.12.2025 12:35:48.153,  0.5
09.12.2025 12:35:52.163,  0.5
09.12.2025 12:35:56.153,  0.4
09.12.2025 12:36:00.163,  0.5
09.12.2025 12:36:04.163,  0.5
09.12.2025 12:36:08.164,  0.4
09.12.2025 12:36:12.163,  0.3
09.12.2025 12:36:16.163,  0.4
09.12.2025 12:36:20.153,  0.4
09.12.2025 12:36:24.163,  0.4
09.12.2025 12:36:28.163,  0.4
09.12.2025 12:36:32.163,  0.4
09.12.2025 12:36:36.153,  0.4
09.12.2025 12:36:40.163,  0.4
09.12.2025 12:36:44.163,  0.4
09.12.2025 12:36:48.153,  0.4
09.12.2025 12:36:52.163,  0.4
09.12.2025 12:36:56.163,  0.4
09.12.2025 12:37:00.153,  0.4
09.12.2025 12:37:04.163,  0.4
09.12.2025 12:37:08.163,  0.4
09.12.2025 12:37:12.163,  0.4
09.12.2025 12:37:16.163,  0.4
09.12.2025 12:37:20.153,  0.4
09.12.2025 12:37:24.163,  0.4
09.12.2025 12:37:28.153,  0.4
09.12.2025 12:37:32.163,  0.4
09.12.2025 12:37:36.153,  0.4
09.12.2025 12:37:40.153,  0.4
09.12.2025 12:37:44.164,  0.4
09.12.2025 12:37:48.153,  0.4
09.12.2025 12:37:52.163,  0.4
09.12.2025 12:37:56.153,  0.4
09.12.2025 12:38:00.163,  0.4
09.12.2025 12:38:04.163,  0.4
09.12.2025 12:38:08.163,  0.4
09.12.2025 12:38:12.153,  0.5
09.12.2025 12:38:16.163,  0.5
09.12.2025 12:38:20.163,  0.4
09.12.2025 12:38:24.163,  0.4
09.12.2025 12:38:28.153,  0.4
09.12.2025 12:38:32.243,  0.4
09.12.2025 12:38:36.163,  0.4
09.12.2025 12:38:40.164,  0.4
09.12.2025 12:38:44.153,  0.4
09.12.2025 12:38:48.163,  0.4
09.12.2025 12:38:52.163,  0.4
09.12.2025 12:38:56.153,  0.5
09.12.2025 12:39:00.163,  0.4
09.12.2025 12:39:04.163,  0.5
09.12.2025 12:39:08.153,  0.4
09.12.2025 12:39:12.163,  0.4
09.12.2025 12:39:16.163,  0.4
09.12.2025 12:39:20.163,  0.4
09.12.2025 12:39:24.184,  0.5
09.12.2025 12:39:28.183,  0.4
09.12.2025 12:39:32.184,  0.5
09.12.2025 12:39:36.173,  0.4
09.12.2025 12:39:40.173,  0.5
09.12.2025 12:39:44.173,  0.4
09.12.2025 12:39:48.183,  0.4
09.12.2025 12:39:52.173,  0.4
09.12.2025 12:39:56.173,  0.5
09.12.2025 12:40:00.184,  0.4
09.12.2025 12:40:04.184,  0.4
09.12.2025 12:40:08.199,  0.5
09.12.2025 12:40:12.189,  0.5
09.12.2025 12:40:16.199,  0.4
09.12.2025 12:40:20.199,  0.5
09.12.2025 12:40:24.189,  0.4
09.12.2025 12:40:28.199,  0.5
09.12.2025 12:40:32.200,  0.5
09.12.2025 12:40:36.189,  0.4
09.12.2025 12:40:40.189,  0.4
09.12.2025 12:40:44.189,  0.5
09.12.2025 12:40:48.199,  0.5
09.12.2025 12:40:52.189,  0.5
09.12.2025 12:40:56.199,  0.5
09.12.2025 12:41:00.199,  0.5
09.12.2025 12:41:04.189,  0.4
09.12.2025 12:41:08.199,  0.5
09.12.2025 12:41:12.189,  0.4
09.12.2025 12:41:16.189,  0.5
09.12.2025 12:41:20.199,  0.5
09.12.2025 12:41:24.189,  0.5
09.12.2025 12:41:28.199,  0.4
09.12.2025 12:41:32.199,  0.5
09.12.2025 12:41:36.189,  0.5
09.12.2025 12:41:40.189,  0.5
09.12.2025 12:41:44.199,  0.4
09.12.2025 12:41:48.199,  0.5
09.12.2025 12:41:52.199,  0.5
09.12.2025 12:41:56.189,  0.4
09.12.2025 12:42:00.189,  0.4
09.12.2025 12:42:04.199,  0.5
09.12.2025 12:42:08.199,  0.5
09.12.2025 12:42:12.199,  0.5
09.12.2025 12:42:16.199,  0.4
09.12.2025 12:42:20.199,  0.0
09.12.2025 12:42:24.199,  0.0
09.12.2025 12:42:28.189,  0.0
09.12.2025 12:42:32.189,  0.0
09.12.2025 12:42:36.199,  0.0
09.12.2025 12:42:40.189,  0.0
09.12.2025 12:42:44.209,  0.0
09.12.2025 12:42:48.209,  0.0
09.12.2025 12:42:52.199,  0.0
09.12.2025 12:42:56.209,  0.0
09.12.2025 12:43:00.209,  0.0
09.12.2025 12:43:04.199,  0.0
09.12.2025 12:43:08.199,  0.0
09.12.2025 12:43:12.209,  0.0
09.12.2025 12:43:16.199,  0.0
09.12.2025 12:43:20.210,  0.0
09.12.2025 12:43:24.209,  0.0
09.12.2025 12:43:28.199,  0.0
09.12.2025 12:43:32.209,  0.0
09.12.2025 12:43:36.209,  0.0
09.12.2025 12:43:40.209,  0.0
09.12.2025 12:43:44.200,  0.0
09.12.2025 12:43:48.220,  0.0
09.12.2025 12:43:52.220,  0.0
09.12.2025 12:43:56.219,  0.0
09.12.2025 12:44:00.219,  0.0
09.12.2025 12:44:04.209,  0.0
09.12.2025 12:44:08.219,  0.0
09.12.2025 12:44:12.219,  0.0
09.12.2025 12:44:16.209,  0.0
09.12.2025 12:44:20.219,  0.0
09.12.2025 12:44:24.229,  0.0
09.12.2025 12:44:28.229,  0.0
09.12.2025 12:44:32.219,  0.0
09.12.2025 12:44:36.229,  0.0
09.12.2025 12:44:40.229,  0.0
09.12.2025 12:44:44.219,  0.0
09.12.2025 12:44:48.229,  0.0
09.12.2025 12:44:52.229,  0.0
09.12.2025 12:44:56.229,  0.0
09.12.2025 12:45:00.239,  0.0
09.12.2025 12:45:04.239,  0.0
09.12.2025 12:45:08.242,  0.0
09.12.2025 12:45:12.252,  0.0
09.12.2025 12:45:16.252,  0.0
09.12.2025 12:45:20.242,  0.0
09.12.2025 12:45:24.252,  0.0
09.12.2025 12:45:28.252,  0.0
09.12.2025 12:45:32.242,  0.0
09.12.2025 12:45:36.252,  0.0
09.12.2025 12:45:40.252,  0.0
09.12.2025 12:45:44.252,  0.0
09.12.2025 12:45:48.252,  0.0
09.12.2025 12:45:52.242,  0.0
09.12.2025 12:45:56.252,  0.0
09.12.2025 12:46:00.242,  0.0
09.12.2025 12:46:04.253,  0.0
09.12.2025 12:46:08.242,  0.0
09.12.2025 12:46:12.252,  0.0
09.12.2025 12:46:16.242,  0.0
09.12.2025 12:46:20.252,  0.0
09.12.2025 12:46:24.252,  0.0
09.12.2025 12:46:28.242,  0.0
09.12.2025 12:46:32.252,  0.0
09.12.2025 12:46:36.242,  0.0
09.12.2025 12:46:40.252,  0.0
09.12.2025 12:46:44.242,  0.0
09.12.2025 12:46:48.242,  0.0
09.12.2025 12:46:52.252,  0.0
09.12.2025 12:46:56.242,  0.0
09.12.2025 12:47:00.252,  0.0
09.12.2025 12:47:04.242,  0.0
09.12.2025 12:47:08.252,  0.0
09.12.2025 12:47:12.242,  0.0
09.12.2025 12:47:16.252,  0.0
09.12.2025 12:47:20.242,  0.0
09.12.2025 12:47:24.252,  0.0
09.12.2025 12:47:28.252,  0.0
09.12.2025 12:47:32.252,  0.0
09.12.2025 12:47:36.253,  0.0
09.12.2025 12:47:40.252,  0.0
09.12.2025 12:47:44.242,  0.0
09.12.2025 12:47:48.252,  0.0
09.12.2025 12:47:52.242,  0.0
09.12.2025 12:47:56.253,  0.0
09.12.2025 12:48:00.242,  0.0
09.12.2025 12:48:04.252,  0.0
09.12.2025 12:48:08.252,  0.0
09.12.2025 12:48:14.252,  0.8
09.12.2025 12:48:18.252,  0.6
09.12.2025 12:48:22.252,  0.6
09.12.2025 12:48:26.242,  0.6
09.12.2025 12:48:30.252,  0.8
09.12.2025 12:48:34.252,  0.8
09.12.2025 12:48:38.253,  0.8
09.12.2025 12:48:42.253,  0.7
09.12.2025 12:48:46.262,  0.8
09.12.2025 12:48:50.262,  0.8
09.12.2025 12:48:54.252,  0.8
09.12.2025 12:48:58.262,  0.8
09.12.2025 12:49:02.252,  0.7
09.12.2025 12:49:06.262,  0.7
09.12.2025 12:49:10.252,  0.8
09.12.2025 12:49:14.252,  0.8
09.12.2025 12:49:18.272,  0.8
09.12.2025 12:49:22.362,  0.8
09.12.2025 12:49:26.272,  0.8
09.12.2025 12:49:30.272,  0.8
09.12.2025 12:49:34.262,  0.8
09.12.2025 12:49:38.273,  0.8
09.12.2025 12:49:42.272,  0.8
09.12.2025 12:49:46.262,  0.8
09.12.2025 12:49:50.272,  0.8
09.12.2025 12:49:54.272,  0.8
09.12.2025 12:49:58.272,  0.8
09.12.2025 12:50:02.262,  0.7
09.12.2025 12:50:06.281,  0.8
09.12.2025 12:50:10.291,  0.8
09.12.2025 12:50:14.281,  0.8
09.12.2025 12:50:18.291,  0.8
09.12.2025 12:50:22.281,  0.8
09.12.2025 12:50:26.281,  0.8
09.12.2025 12:50:30.291,  0.8
09.12.2025 12:50:34.291,  0.8
09.12.2025 12:50:38.301,  0.8
09.12.2025 12:50:42.301,  0.8
09.12.2025 12:50:46.291,  0.8
09.12.2025 12:50:50.301,  0.8
09.12.2025 12:50:54.302,  0.8
09.12.2025 12:50:58.312,  0.8
09.12.2025 12:51:02.301,  0.8
09.12.2025 12:51:06.311,  0.7
09.12.2025 12:51:10.311,  0.8
09.12.2025 12:51:14.301,  0.8
09.12.2025 12:51:18.311,  0.8
09.12.2025 12:51:22.301,  0.8
09.12.2025 12:51:26.311,  0.8
09.12.2025 12:51:30.311,  0.8
09.12.2025 12:51:34.321,  0.8
09.12.2025 12:51:38.321,  0.8
09.12.2025 12:51:42.311,  0.8
09.12.2025 12:51:46.321,  0.0
09.12.2025 12:51:50.311,  0.0
09.12.2025 12:51:54.321,  0.0
09.12.2025 12:51:58.321,  0.0
09.12.2025 12:52:02.321,  0.0
09.12.2025 12:52:06.321,  0.0
09.12.2025 12:52:10.321,  0.0
09.12.2025 12:52:14.321,  0.0
09.12.2025 12:52:18.322,  0.0
09.12.2025 12:52:22.311,  0.0
09.12.2025 12:52:26.311,  0.0
09.12.2025 12:52:30.321,  0.0
09.12.2025 12:52:34.321,  0.0
09.12.2025 12:52:38.321,  0.0
09.12.2025 12:52:42.311,  0.0
09.12.2025 12:52:46.321,  0.0
09.12.2025 12:52:50.321,  0.0
09.12.2025 12:52:54.321,  0.0
09.12.2025 12:52:58.311,  0.0
09.12.2025 12:53:02.321,  0.0
09.12.2025 12:53:06.321,  0.0
09.12.2025 12:53:10.321,  0.0
09.12.2025 12:53:14.321,  0.0
09.12.2025 12:53:18.321,  0.0
09.12.2025 12:53:22.321,  0.0
09.12.2025 12:53:26.311,  0.0
09.12.2025 12:53:30.321,  0.0
09.12.2025 12:53:34.321,  0.0
09.12.2025 12:53:38.321,  0.0
09.12.2025 12:53:42.321,  0.0
09.12.2025 12:53:46.311,  0.0
09.12.2025 12:53:50.311,  0.0
09.12.2025 12:53:54.321,  0.0
09.12.2025 12:53:58.311,  0.0
09.12.2025 12:54:02.321,  0.0
09.12.2025 12:54:06.311,  0.0
09.12.2025 12:54:10.311,  0.0
09.12.2025 12:54:14.311,  0.0
09.12.2025 12:54:18.321,  0.0
09.12.2025 12:54:22.321,  0.0
09.12.2025 12:54:26.321,  0.0
09.12.2025 12:54:30.321,  0.0
09.12.2025 12:54:34.311,  0.0
09.12.2025 12:54:38.321,  0.0
09.12.2025 12:54:42.311,  0.0
09.12.2025 12:54:46.321,  0.0
09.12.2025 12:54:50.321,  0.0
09.12.2025 12:54:54.321,  0.0
09.12.2025 12:54:58.311,  0.0
09.12.2025 12:55:02.311,  0.0
09.12.2025 12:55:06.336,  0.0
09.12.2025 12:55:10.336,  0.0
09.12.2025 12:55:14.326,  0.0
09.12.2025 12:55:18.336,  0.0
09.12.2025 12:55:22.336,  0.0
09.12.2025 12:55:26.326,  0.0
09.12.2025 12:55:30.336,  0.0
09.12.2025 12:55:34.346,  0.0
09.12.2025 12:55:38.346,  0.0
09.12.2025 12:55:42.336,  0.0
09.12.2025 12:55:46.346,  0.0
09.12.2025 12:55:50.346,  0.0
09.12.2025 12:55:54.346,  0.0
09.12.2025 12:55:58.336,  0.0
09.12.2025 12:56:02.346,  0.0
09.12.2025 12:56:06.346,  0.0
09.12.2025 12:56:10.336,  0.0
09.12.2025 12:56:14.346,  0.0
09.12.2025 12:56:18.336,  0.0
09.12.2025 12:56:22.346,  0.0
09.12.2025 12:56:26.346,  0.0
09.12.2025 12:56:30.336,  0.0
09.12.2025 12:56:34.346,  0.0
09.12.2025 12:56:38.346,  0.0
09.12.2025 12:56:42.346,  0.0
09.12.2025 12:56:46.346,  0.0
09.12.2025 12:56:50.346,  0.0
09.12.2025 12:56:54.346,  0.0
09.12.2025 12:56:58.336,  0.0
09.12.2025 12:57:02.346,  0.0
09.12.2025 12:57:06.336,  0.0
09.12.2025 12:57:10.346,  0.0
09.12.2025 12:57:14.346,  0.0
09.12.2025 12:57:18.346,  0.0
09.12.2025 12:57:22.356,  0.0
09.12.2025 12:57:26.346,  0.0
09.12.2025 12:57:30.356,  0.0
09.12.2025 12:57:34.346,  0.0
09.12.2025 12:57:38.456,  0.0
09.12.2025 12:57:42.346,  0.0
09.12.2025 12:57:46.346,  0.0
09.12.2025 12:57:50.346,  0.0
09.12.2025 12:57:54.356,  0.0
09.12.2025 12:57:58.356,  0.0
09.12.2025 12:58:02.366,  0.0
09.12.2025 12:58:06.366,  0.0
09.12.2025 12:58:10.366,  0.0
09.12.2025 12:58:14.357,  0.0
09.12.2025 12:58:18.376,  0.0
09.12.2025 12:58:22.376,  0.0
09.12.2025 12:58:26.366,  0.0
09.12.2025 12:58:30.376,  0.0
09.12.2025 12:58:34.366,  0.0
09.12.2025 12:58:38.376,  0.0
09.12.2025 12:58:42.376,  0.0
09.12.2025 12:58:46.376,  0.0
09.12.2025 12:58:50.376,  0.0
09.12.2025 12:58:54.376,  0.0
09.12.2025 12:58:58.376,  0.0
09.12.2025 12:59:02.366,  0.0
09.12.2025 12:59:06.456,  0.0
09.12.2025 12:59:10.376,  0.0
09.12.2025 12:59:14.386,  0.0
09.12.2025 12:59:18.386,  0.0
09.12.2025 12:59:22.396,  0.0
09.12.2025 12:59:26.397,  0.0
09.12.2025 12:59:30.406,  0.0
09.12.2025 12:59:34.497,  0.0
09.12.2025 12:59:38.407,  0.0
09.12.2025 12:59:42.436,  0.0
09.12.2025 12:59:46.436,  0.0
09.12.2025 12:59:50.426,  0.0
09.12.2025 12:59:54.426,  0.0
09.12.2025 12:59:58.446,  0.0
09.12.2025 13:00:02.436,  0.0
09.12.2025 13:00:06.464,  0.0
09.12.2025 13:00:10.454,  0.0
09.12.2025 13:00:14.454,  0.0
09.12.2025 13:00:18.464,  0.0
09.12.2025 13:00:22.454,  0.0
09.12.2025 13:00:26.454,  0.0
09.12.2025 13:00:30.464,  0.0
09.12.2025 13:00:34.464,  0.0
09.12.2025 13:00:38.464,  0.0
09.12.2025 13:00:42.464,  0.0
09.12.2025 13:00:46.464,  0.0
09.12.2025 13:00:50.464,  0.0
09.12.2025 13:00:54.464,  0.0
09.12.2025 13:00:58.464,  0.0
09.12.2025 13:01:02.474,  0.0
09.12.2025 13:01:06.474,  0.0
09.12.2025 13:01:10.474,  0.0
09.12.2025 13:01:14.474,  0.0
09.12.2025 13:01:18.474,  0.0
09.12.2025 13:01:22.464,  0.0
09.12.2025 13:01:26.474,  0.0
09.12.2025 13:01:30.474,  0.0
09.12.2025 13:01:35.484,  0.9
09.12.2025 13:01:39.474,  0.6
09.12.2025 13:01:43.484,  0.6
09.12.2025 13:01:47.474,  0.6
09.12.2025 13:01:51.474,  0.7
09.12.2025 13:01:55.484,  0.6
09.12.2025 13:01:59.474,  0.5
09.12.2025 13:02:03.484,  0.5
09.12.2025 13:02:07.474,  0.4
09.12.2025 13:02:11.474,  0.4
09.12.2025 13:02:15.474,  0.3
09.12.2025 13:02:19.484,  0.3
09.12.2025 13:02:23.485,  0.4
09.12.2025 13:02:27.474,  0.4
09.12.2025 13:02:31.484,  0.5
09.12.2025 13:02:35.485,  0.5
09.12.2025 13:02:39.484,  0.5
09.12.2025 13:02:43.484,  0.5
09.12.2025 13:02:47.494,  0.5
09.12.2025 13:02:51.484,  0.5
09.12.2025 13:02:55.494,  0.5
09.12.2025 13:02:59.494,  0.5
09.12.2025 13:03:03.484,  0.5
09.12.2025 13:03:07.494,  0.5
09.12.2025 13:03:11.494,  0.6
09.12.2025 13:03:15.484,  0.5
09.12.2025 13:03:19.484,  0.5
09.12.2025 13:03:23.484,  0.6
09.12.2025 13:03:27.494,  0.5
09.12.2025 13:03:31.484,  0.6
09.12.2025 13:03:35.484,  0.6
09.12.2025 13:03:39.494,  0.6
09.12.2025 13:03:43.494,  0.5
09.12.2025 13:03:47.484,  0.5
09.12.2025 13:03:51.494,  0.6
09.12.2025 13:03:55.484,  0.5
09.12.2025 13:03:59.494,  0.6
09.12.2025 13:04:03.494,  0.5
09.12.2025 13:04:07.484,  0.6
09.12.2025 13:04:11.495,  0.5
09.12.2025 13:04:15.494,  0.6
09.12.2025 13:04:19.494,  0.5
09.12.2025 13:04:23.484,  0.6
09.12.2025 13:04:27.494,  0.5
09.12.2025 13:04:31.494,  0.6
09.12.2025 13:04:35.484,  0.5
09.12.2025 13:04:39.494,  0.6
09.12.2025 13:04:43.494,  0.5
09.12.2025 13:04:47.494,  0.6
09.12.2025 13:04:51.494,  0.6
09.12.2025 13:04:55.494,  0.5
09.12.2025 13:04:59.484,  0.6
09.12.2025 13:05:03.494,  0.5
09.12.2025 13:05:07.493,  0.5
09.12.2025 13:05:11.503,  0.6
09.12.2025 13:05:15.493,  0.6
09.12.2025 13:05:19.503,  0.5
09.12.2025 13:05:23.503,  0.6
09.12.2025 13:05:27.503,  0.5
09.12.2025 13:05:31.493,  0.6
09.12.2025 13:05:35.503,  0.5
09.12.2025 13:05:39.503,  0.6
09.12.2025 13:05:43.503,  0.5
09.12.2025 13:05:47.493,  0.6
09.12.2025 13:05:51.503,  0.6
09.12.2025 13:05:55.493,  0.6
09.12.2025 13:05:59.503,  0.6
09.12.2025 13:06:03.493,  0.5
09.12.2025 13:06:07.503,  0.5
09.12.2025 13:06:11.503,  0.5
09.12.2025 13:06:15.513,  0.5
09.12.2025 13:06:19.513,  0.5
09.12.2025 13:06:23.503,  0.6
09.12.2025 13:06:27.513,  0.5
09.12.2025 13:06:31.503,  0.5
09.12.2025 13:06:35.513,  0.5
09.12.2025 13:06:39.523,  0.6
09.12.2025 13:06:43.523,  0.6
09.12.2025 13:06:47.523,  0.6
09.12.2025 13:06:51.513,  0.5
09.12.2025 13:06:55.524,  0.6
09.12.2025 13:06:59.524,  0.5
09.12.2025 13:07:03.513,  0.6
09.12.2025 13:07:07.523,  0.6
09.12.2025 13:07:11.513,  0.6
09.12.2025 13:07:15.513,  0.5
09.12.2025 13:07:19.513,  0.6
09.12.2025 13:07:23.523,  0.6
09.12.2025 13:07:27.523,  0.5
09.12.2025 13:07:31.523,  0.6
09.12.2025 13:07:35.523,  0.6
09.12.2025 13:07:39.523,  0.5
09.12.2025 13:07:43.513,  0.5
09.12.2025 13:07:47.513,  0.5
09.12.2025 13:07:51.523,  0.6
09.12.2025 13:07:55.523,  0.6
09.12.2025 13:07:59.523,  0.5
09.12.2025 13:08:03.523,  0.6
09.12.2025 13:08:07.533,  0.5
09.12.2025 13:08:11.533,  0.5
09.12.2025 13:08:15.533,  0.5
09.12.2025 13:08:19.533,  0.5
09.12.2025 13:08:23.533,  0.5
09.12.2025 13:08:27.523,  0.6
09.12.2025 13:08:31.533,  0.6
09.12.2025 13:08:35.534,  0.5
09.12.2025 13:08:39.533,  0.6
09.12.2025 13:08:43.523,  0.6
09.12.2025 13:08:47.523,  0.5
09.12.2025 13:08:51.523,  0.5
09.12.2025 13:08:55.533,  0.6
09.12.2025 13:08:59.523,  0.5
09.12.2025 13:09:03.533,  0.6
09.12.2025 13:09:07.533,  0.6
09.12.2025 13:09:11.533,  0.5
09.12.2025 13:09:15.533,  0.6
09.12.2025 13:09:19.523,  0.5
09.12.2025 13:09:23.523,  0.5
09.12.2025 13:09:27.533,  0.5
09.12.2025 13:09:31.533,  0.5
09.12.2025 13:09:35.523,  0.6
09.12.2025 13:09:39.533,  0.5
09.12.2025 13:09:43.523,  0.5
09.12.2025 13:09:47.533,  0.5
09.12.2025 13:09:51.533,  0.6
09.12.2025 13:09:55.533,  0.5
09.12.2025 13:09:59.533,  0.5
09.12.2025 13:10:03.533,  0.5
09.12.2025 13:10:07.551,  0.6
09.12.2025 13:10:11.541,  0.6
09.12.2025 13:10:15.552,  0.6
09.12.2025 13:10:19.541,  0.0
09.12.2025 13:10:23.551,  0.0
09.12.2025 13:10:27.552,  0.0
09.12.2025 13:10:31.551,  0.0
09.12.2025 13:10:35.551,  0.0
09.12.2025 13:10:39.541,  0.0
09.12.2025 13:10:43.551,  0.0
09.12.2025 13:10:47.551,  0.0
09.12.2025 13:10:51.551,  0.0
09.12.2025 13:10:55.541,  0.0
09.12.2025 13:10:59.551,  0.0
09.12.2025 13:11:03.541,  0.0
09.12.2025 13:11:07.551,  0.0
09.12.2025 13:11:11.551,  0.0
09.12.2025 13:11:15.551,  0.0
09.12.2025 13:11:19.551,  0.0
09.12.2025 13:11:23.541,  0.0
09.12.2025 13:11:27.551,  0.0
09.12.2025 13:11:31.561,  0.0
09.12.2025 13:11:35.551,  0.0
09.12.2025 13:11:39.561,  0.0
09.12.2025 13:11:43.551,  0.0
09.12.2025 13:11:47.561,  0.0
09.12.2025 13:11:51.561,  0.0
09.12.2025 13:11:55.561,  0.0
09.12.2025 13:11:59.551,  0.0
09.12.2025 13:12:03.561,  0.0
09.12.2025 13:12:07.561,  0.0
09.12.2025 13:12:11.551,  0.0
09.12.2025 13:12:15.551,  0.0
09.12.2025 13:12:19.561,  0.0
09.12.2025 13:12:23.561,  0.0
09.12.2025 13:12:27.561,  0.0
09.12.2025 13:12:31.551,  0.0
09.12.2025 13:12:35.561,  0.0
09.12.2025 13:12:39.551,  0.0
09.12.2025 13:12:43.561,  0.0
09.12.2025 13:12:47.561,  0.0
09.12.2025 13:12:51.551,  0.0
09.12.2025 13:12:55.551,  0.0
09.12.2025 13:12:59.551,  0.0
09.12.2025 13:13:03.561,  0.0
09.12.2025 13:13:07.561,  0.0
09.12.2025 13:13:11.561,  0.0
09.12.2025 13:13:15.551,  0.0
09.12.2025 13:13:19.551,  0.0
09.12.2025 13:13:23.561,  0.0
09.12.2025 13:13:27.561,  0.0
09.12.2025 13:13:31.551,  0.0
09.12.2025 13:13:35.561,  0.0
09.12.2025 13:13:39.561,  0.0
09.12.2025 13:13:43.551,  0.0
09.12.2025 13:13:47.561,  0.0
09.12.2025 13:13:51.561,  0.0
09.12.2025 13:13:55.551,  0.0
09.12.2025 13:13:59.661,  0.0
09.12.2025 13:14:03.551,  0.0
09.12.2025 13:14:07.571,  0.0
09.12.2025 13:14:11.571,  0.0
09.12.2025 13:14:15.561,  0.0
09.12.2025 13:14:19.571,  0.0
09.12.2025 13:14:23.561,  0.0
09.12.2025 13:14:27.571,  0.0
09.12.2025 13:14:31.661,  0.0
09.12.2025 13:14:35.581,  0.0
09.12.2025 13:14:39.582,  0.0
09.12.2025 13:14:43.582,  0.0
09.12.2025 13:14:47.581,  0.0
09.12.2025 13:14:51.571,  0.0
09.12.2025 13:14:55.581,  0.0
09.12.2025 13:14:59.581,  0.0
09.12.2025 13:15:03.571,  0.0
09.12.2025 13:15:07.582,  0.0
09.12.2025 13:15:11.592,  0.0
09.12.2025 13:15:15.582,  0.0
09.12.2025 13:15:19.592,  0.0
09.12.2025 13:15:23.582,  0.0
09.12.2025 13:15:27.592,  0.0
09.12.2025 13:15:31.592,  0.0
09.12.2025 13:15:35.582,  0.0
09.12.2025 13:15:39.592,  0.0
09.12.2025 13:15:43.592,  0.0
09.12.2025 13:15:47.592,  0.0
09.12.2025 13:15:51.582,  0.0
09.12.2025 13:15:55.592,  0.0
09.12.2025 13:15:59.582,  0.0
09.12.2025 13:16:03.592,  0.0
09.12.2025 13:16:07.582,  0.0
09.12.2025 13:16:11.592,  0.0
09.12.2025 13:16:15.582,  0.0
09.12.2025 13:16:19.582,  0.0
09.12.2025 13:16:23.592,  0.0
09.12.2025 13:16:27.592,  0.0
09.12.2025 13:16:31.592,  0.0
09.12.2025 13:16:35.592,  0.0
09.12.2025 13:16:39.603,  0.0
09.12.2025 13:16:43.602,  0.0
09.12.2025 13:16:47.602,  0.0
09.12.2025 13:16:51.612,  0.0
09.12.2025 13:16:55.612,  0.0
09.12.2025 13:16:59.602,  0.0
09.12.2025 13:17:03.612,  0.0
09.12.2025 13:17:07.612,  0.0
09.12.2025 13:17:11.612,  0.0
09.12.2025 13:17:15.602,  0.0
09.12.2025 13:17:19.612,  0.0
09.12.2025 13:17:24.612,  0.5
09.12.2025 13:17:28.612,  0.5
09.12.2025 13:17:32.602,  0.4
09.12.2025 13:17:36.612,  0.4
09.12.2025 13:17:40.602,  0.5
09.12.2025 13:17:44.612,  0.4
09.12.2025 13:17:48.602,  0.4
09.12.2025 13:17:52.602,  0.5
09.12.2025 13:17:56.602,  0.5
09.12.2025 13:18:00.622,  0.5
09.12.2025 13:18:04.612,  0.5
09.12.2025 13:18:08.622,  0.5
09.12.2025 13:18:12.622,  0.5
09.12.2025 13:18:16.622,  0.5
09.12.2025 13:18:20.623,  0.5
09.12.2025 13:18:24.612,  0.5
09.12.2025 13:18:28.622,  0.5
09.12.2025 13:18:32.622,  0.5
09.12.2025 13:18:36.612,  0.5
09.12.2025 13:18:40.622,  0.5
09.12.2025 13:18:44.612,  0.5
09.12.2025 13:18:48.623,  0.5
09.12.2025 13:18:52.622,  0.5
09.12.2025 13:18:56.622,  0.5
09.12.2025 13:19:00.622,  0.5
09.12.2025 13:19:04.622,  0.5
09.12.2025 13:19:08.622,  0.5
09.12.2025 13:19:12.622,  0.6
09.12.2025 13:19:16.612,  0.5
09.12.2025 13:19:20.622,  0.5
09.12.2025 13:19:24.612,  0.5
09.12.2025 13:19:28.622,  0.5
09.12.2025 13:19:32.612,  0.5
09.12.2025 13:19:36.622,  0.5
09.12.2025 13:19:40.612,  0.5
09.12.2025 13:19:44.612,  0.5
09.12.2025 13:19:48.622,  0.5
09.12.2025 13:19:52.612,  0.5
09.12.2025 13:19:56.622,  0.5
09.12.2025 13:20:00.612,  0.6
09.12.2025 13:20:04.622,  0.5
09.12.2025 13:20:08.633,  0.5
09.12.2025 13:20:12.623,  0.5
09.12.2025 13:20:16.633,  0.5
09.12.2025 13:20:20.633,  0.5
09.12.2025 13:20:24.623,  0.5
09.12.2025 13:20:28.623,  0.5
09.12.2025 13:20:32.633,  0.5
09.12.2025 13:20:36.633,  0.5
09.12.2025 13:20:40.634,  0.5
09.12.2025 13:20:44.633,  0.6
09.12.2025 13:20:48.633,  0.5
09.12.2025 13:20:52.633,  0.5
09.12.2025 13:20:56.634,  0.5
09.12.2025 13:21:00.633,  0.5
09.12.2025 13:21:04.633,  0.5
09.12.2025 13:21:08.633,  0.5
09.12.2025 13:21:12.633,  0.5
09.12.2025 13:21:16.633,  0.5
09.12.2025 13:21:20.634,  0.5
09.12.2025 13:21:24.633,  0.5
09.12.2025 13:21:28.623,  0.5
09.12.2025 13:21:32.623,  0.5
09.12.2025 13:21:36.633,  0.5
09.12.2025 13:21:40.633,  0.5
09.12.2025 13:21:44.633,  0.5
09.12.2025 13:21:48.623,  0.5
09.12.2025 13:21:52.633,  0.5
09.12.2025 13:21:56.623,  0.5
09.12.2025 13:22:00.633,  0.5
09.12.2025 13:22:04.623,  0.5
09.12.2025 13:22:08.633,  0.0
09.12.2025 13:22:12.633,  0.0
09.12.2025 13:22:16.633,  0.0
09.12.2025 13:22:20.623,  0.0
09.12.2025 13:22:24.633,  0.0
09.12.2025 13:22:28.623,  0.0
09.12.2025 13:22:32.634,  0.0
09.12.2025 13:22:36.623,  0.0
09.12.2025 13:22:40.633,  0.0
09.12.2025 13:22:44.633,  0.0
09.12.2025 13:22:48.643,  0.0
09.12.2025 13:22:52.643,  0.0
09.12.2025 13:22:56.644,  0.0
09.12.2025 13:23:00.633,  0.0
09.12.2025 13:23:04.643,  0.0
09.12.2025 13:23:08.633,  0.0
09.12.2025 13:23:12.633,  0.0
09.12.2025 13:23:16.643,  0.0
09.12.2025 13:23:20.633,  0.0
09.12.2025 13:23:24.633,  0.0
09.12.2025 13:23:28.633,  0.0
09.12.2025 13:23:32.643,  0.0
09.12.2025 13:23:36.633,  0.0
09.12.2025 13:23:40.633,  0.0
09.12.2025 13:23:44.643,  0.0
09.12.2025 13:23:48.633,  0.0
09.12.2025 13:23:52.643,  0.0
09.12.2025 13:23:56.643,  0.0
09.12.2025 13:24:00.643,  0.0
09.12.2025 13:24:04.633,  0.0
09.12.2025 13:24:08.633,  0.0
09.12.2025 13:24:12.643,  0.0
09.12.2025 13:24:16.643,  0.0
09.12.2025 13:24:20.633,  0.0
09.12.2025 13:24:24.643,  0.0
09.12.2025 13:24:28.643,  0.0
09.12.2025 13:24:32.643,  0.0
09.12.2025 13:24:36.643,  0.0
09.12.2025 13:24:40.633,  0.0
09.12.2025 13:24:44.643,  0.0
09.12.2025 13:24:48.633,  0.0
09.12.2025 13:24:52.633,  0.0
09.12.2025 13:24:56.643,  0.0
09.12.2025 13:25:00.653,  0.0
09.12.2025 13:25:04.663,  0.0
09.12.2025 13:25:08.674,  0.0
09.12.2025 13:25:12.674,  0.0
09.12.2025 13:25:16.684,  0.0
09.12.2025 13:25:20.684,  0.0
09.12.2025 13:25:24.684,  0.0
09.12.2025 13:25:28.694,  0.0
09.12.2025 13:25:32.694,  0.0
09.12.2025 13:25:36.684,  0.0
09.12.2025 13:25:40.694,  0.0
09.12.2025 13:25:44.684,  0.0
09.12.2025 13:25:48.684,  0.0
09.12.2025 13:25:52.694,  0.0
09.12.2025 13:25:56.684,  0.0
09.12.2025 13:26:00.704,  0.0
09.12.2025 13:26:04.694,  0.0
09.12.2025 13:26:08.704,  0.0
09.12.2025 13:26:12.694,  0.0
09.12.2025 13:26:16.704,  0.0
09.12.2025 13:26:20.694,  0.0
09.12.2025 13:26:24.694,  0.0
09.12.2025 13:26:28.714,  0.0
09.12.2025 13:26:32.704,  0.0
09.12.2025 13:26:36.715,  0.0
09.12.2025 13:26:40.715,  0.0
09.12.2025 13:26:44.715,  0.0
09.12.2025 13:26:48.714,  0.0
09.12.2025 13:26:52.704,  0.0
09.12.2025 13:26:56.714,  0.0
09.12.2025 13:27:00.714,  0.0
09.12.2025 13:27:04.714,  0.0
09.12.2025 13:27:08.714,  0.0
09.12.2025 13:27:12.704,  0.0
09.12.2025 13:27:16.714,  0.0
09.12.2025 13:27:20.714,  0.0
09.12.2025 13:27:24.715,  0.0
09.12.2025 13:27:28.704,  0.0
09.12.2025 13:27:32.704,  0.0
09.12.2025 13:27:36.714,  0.0
09.12.2025 13:27:40.704,  0.0
09.12.2025 13:27:44.714,  0.0
09.12.2025 13:27:48.714,  0.0
09.12.2025 13:27:52.704,  0.0
09.12.2025 13:27:56.714,  0.0
09.12.2025 13:28:00.714,  0.0
09.12.2025 13:28:04.714,  0.0
09.12.2025 13:28:08.704,  0.0
09.12.2025 13:28:12.715,  0.0
09.12.2025 13:28:16.715,  0.0
09.12.2025 13:28:20.714,  0.0
09.12.2025 13:28:24.714,  0.0
09.12.2025 13:28:28.714,  0.0
09.12.2025 13:28:32.714,  0.0
09.12.2025 13:28:36.714,  0.0
09.12.2025 13:28:40.704,  0.0
09.12.2025 13:28:44.724,  0.0
09.12.2025 13:28:49.724,  0.9
09.12.2025 13:28:53.724,  0.7
09.12.2025 13:28:57.714,  0.7
09.12.2025 13:29:01.714,  0.8
09.12.2025 13:29:05.724,  0.7
09.12.2025 13:29:09.724,  0.8
09.12.2025 13:29:13.724,  0.8
09.12.2025 13:29:17.724,  0.8
09.12.2025 13:29:21.714,  0.8
09.12.2025 13:29:25.724,  0.8
09.12.2025 13:29:29.714,  0.8
09.12.2025 13:29:33.724,  0.9
09.12.2025 13:29:37.724,  0.9
09.12.2025 13:29:41.724,  0.9
09.12.2025 13:29:45.724,  0.9
09.12.2025 13:29:49.724,  0.9
09.12.2025 13:29:53.724,  0.8
09.12.2025 13:29:57.714,  0.9
09.12.2025 13:30:01.724,  0.9
09.12.2025 13:30:05.714,  0.9
09.12.2025 13:30:09.737,  0.9
09.12.2025 13:30:13.737,  0.9
09.12.2025 13:30:17.727,  0.9
09.12.2025 13:30:21.727,  0.9
09.12.2025 13:30:25.737,  0.9
09.12.2025 13:30:29.727,  0.9
09.12.2025 13:30:33.737,  0.9
09.12.2025 13:30:37.727,  0.9
09.12.2025 13:30:41.728,  0.9
09.12.2025 13:30:45.837,  0.9
09.12.2025 13:30:49.747,  0.9
09.12.2025 13:30:53.737,  0.9
09.12.2025 13:30:57.747,  0.9
09.12.2025 13:31:01.748,  0.9
09.12.2025 13:31:05.747,  0.9
09.12.2025 13:31:09.747,  0.9
09.12.2025 13:31:13.737,  0.9
09.12.2025 13:31:18.077,  0.9
09.12.2025 13:31:21.737,  0.9
09.12.2025 13:31:25.757,  0.9
09.12.2025 13:31:29.757,  0.9
09.12.2025 13:31:33.747,  0.9
09.12.2025 13:31:37.747,  0.9
09.12.2025 13:31:41.757,  0.9
09.12.2025 13:31:45.747,  0.9
09.12.2025 13:31:49.757,  0.9
09.12.2025 13:31:53.757,  0.9
09.12.2025 13:31:57.747,  0.9
09.12.2025 13:32:01.757,  0.9
09.12.2025 13:32:05.747,  0.9
09.12.2025 13:32:09.757,  0.9
09.12.2025 13:32:13.747,  0.9
09.12.2025 13:32:17.757,  0.9
09.12.2025 13:32:21.757,  0.9
09.12.2025 13:32:25.747,  0.9
09.12.2025 13:32:29.747,  0.9
09.12.2025 13:32:33.767,  0.9
09.12.2025 13:32:37.767,  0.9
09.12.2025 13:32:41.777,  0.9
09.12.2025 13:32:45.777,  0.9
09.12.2025 13:32:49.767,  0.9
09.12.2025 13:32:53.767,  0.0
09.12.2025 13:32:57.777,  0.0
09.12.2025 13:33:01.777,  0.0
09.12.2025 13:33:05.777,  0.0
09.12.2025 13:33:09.777,  0.0
09.12.2025 13:33:13.877,  0.0
09.12.2025 13:33:17.778,  0.0
09.12.2025 13:33:21.777,  0.0
09.12.2025 13:33:25.877,  0.0
09.12.2025 13:33:29.767,  0.0
09.12.2025 13:33:33.777,  0.0
09.12.2025 13:33:37.767,  0.0
09.12.2025 13:33:41.777,  0.0
09.12.2025 13:33:45.767,  0.0
09.12.2025 13:33:49.777,  0.0
09.12.2025 13:33:53.768,  0.0
09.12.2025 13:33:57.787,  0.0
09.12.2025 13:34:01.777,  0.0
09.12.2025 13:34:05.787,  0.0
09.12.2025 13:34:09.787,  0.0
09.12.2025 13:34:13.787,  0.0
09.12.2025 13:34:17.798,  0.0
09.12.2025 13:34:21.797,  0.0
09.12.2025 13:34:25.797,  0.0
09.12.2025 13:34:29.787,  0.0
09.12.2025 13:34:33.787,  0.0
09.12.2025 13:34:37.787,  0.0
09.12.2025 13:34:41.797,  0.0
09.12.2025 13:34:45.797,  0.0
09.12.2025 13:34:49.787,  0.0
09.12.2025 13:34:53.797,  0.0
09.12.2025 13:34:57.797,  0.0
09.12.2025 13:35:01.787,  0.0
09.12.2025 13:35:05.797,  0.0
09.12.2025 13:35:09.813,  0.0
09.12.2025 13:35:13.803,  0.0
09.12.2025 13:35:17.803,  0.0
09.12.2025 13:35:21.823,  0.0
09.12.2025 13:35:25.813,  0.0
09.12.2025 13:35:29.823,  0.0
09.12.2025 13:35:33.823,  0.0
09.12.2025 13:35:37.813,  0.0
09.12.2025 13:35:41.823,  0.0
09.12.2025 13:35:45.813,  0.0
09.12.2025 13:35:49.813,  0.0
09.12.2025 13:35:53.823,  0.0
09.12.2025 13:35:57.823,  0.0
09.12.2025 13:36:01.823,  0.0
09.12.2025 13:36:05.823,  0.0
09.12.2025 13:36:09.823,  0.0
09.12.2025 13:36:13.823,  0.0
09.12.2025 13:36:17.823,  0.0
09.12.2025 13:36:21.813,  0.0
09.12.2025 13:36:25.823,  0.0
09.12.2025 13:36:29.823,  0.0
09.12.2025 13:36:33.833,  0.0
09.12.2025 13:36:37.833,  0.0
09.12.2025 13:36:41.833,  0.0
09.12.2025 13:36:45.833,  0.0
09.12.2025 13:36:49.834,  0.0
09.12.2025 13:36:53.833,  0.0
09.12.2025 13:36:57.833,  0.0
09.12.2025 13:37:01.823,  0.0
09.12.2025 13:37:05.823,  0.0
09.12.2025 13:37:09.833,  0.0
09.12.2025 13:37:13.823,  0.0
09.12.2025 13:37:17.833,  0.0
09.12.2025 13:37:21.834,  0.0
09.12.2025 13:37:25.833,  0.0
09.12.2025 13:37:29.833,  0.0
09.12.2025 13:37:33.833,  0.0
09.12.2025 13:37:37.823,  0.0
09.12.2025 13:37:41.823,  0.0
09.12.2025 13:37:45.833,  0.0
09.12.2025 13:37:49.833,  0.0
09.12.2025 13:37:53.823,  0.0
09.12.2025 13:37:57.833,  0.0
09.12.2025 13:38:01.834,  0.0
09.12.2025 13:38:05.833,  0.0
09.12.2025 13:38:09.834,  0.0
09.12.2025 13:38:13.833,  0.0
09.12.2025 13:38:17.833,  0.0
09.12.2025 13:38:21.833,  0.0
09.12.2025 13:38:25.833,  0.0
09.12.2025 13:38:29.823,  0.0
09.12.2025 13:38:33.833,  0.0
09.12.2025 13:38:37.833,  0.0
09.12.2025 13:38:41.823,  0.0
09.12.2025 13:38:45.833,  0.0
09.12.2025 13:38:49.823,  0.0
09.12.2025 13:38:53.833,  0.0
09.12.2025 13:38:57.834,  0.0
09.12.2025 13:39:01.833,  0.0
09.12.2025 13:39:05.833,  0.0
09.12.2025 13:39:09.823,  0.0
09.12.2025 13:39:14.073,  0.0
09.12.2025 13:39:17.823,  0.0
09.12.2025 13:39:22.833,  0.3
09.12.2025 13:39:26.843,  0.2
09.12.2025 13:39:30.843,  0.2
09.12.2025 13:39:34.843,  0.2
09.12.2025 13:39:38.843,  0.2
09.12.2025 13:39:42.843,  0.2
09.12.2025 13:39:46.843,  0.2
09.12.2025 13:39:50.843,  0.2
09.12.2025 13:39:54.843,  0.2
09.12.2025 13:39:58.833,  0.2
09.12.2025 13:40:02.843,  0.2
09.12.2025 13:40:06.842,  0.2
09.12.2025 13:40:10.852,  0.2
09.12.2025 13:40:14.852,  0.2
09.12.2025 13:40:18.852,  0.2
09.12.2025 13:40:22.852,  0.2
09.12.2025 13:40:26.852,  0.2
09.12.2025 13:40:30.842,  0.2
09.12.2025 13:40:34.852,  0.2
09.12.2025 13:40:38.852,  0.2
09.12.2025 13:40:42.862,  0.2
09.12.2025 13:40:46.862,  0.2
09.12.2025 13:40:50.862,  0.2
09.12.2025 13:40:54.872,  0.2
09.12.2025 13:40:58.883,  0.2
09.12.2025 13:41:02.872,  0.2
09.12.2025 13:41:06.882,  0.2
09.12.2025 13:41:10.872,  0.2
09.12.2025 13:41:14.882,  0.2
09.12.2025 13:41:18.872,  0.2
09.12.2025 13:41:22.872,  0.2
09.12.2025 13:41:26.882,  0.2
09.12.2025 13:41:30.873,  0.2
09.12.2025 13:41:34.892,  0.2
09.12.2025 13:41:38.892,  0.2
09.12.2025 13:41:42.892,  0.2
09.12.2025 13:41:46.892,  0.2
09.12.2025 13:41:50.882,  0.2
09.12.2025 13:41:54.902,  0.2
09.12.2025 13:41:58.902,  0.2
09.12.2025 13:42:02.902,  0.2
09.12.2025 13:42:06.892,  0.2
09.12.2025 13:42:10.892,  0.2
09.12.2025 13:42:14.902,  0.2
09.12.2025 13:42:18.903,  0.2
09.12.2025 13:42:22.902,  0.2
09.12.2025 13:42:26.902,  0.2
09.12.2025 13:42:30.892,  0.2
09.12.2025 13:42:34.903,  0.2
09.12.2025 13:42:38.902,  0.2
09.12.2025 13:42:42.892,  0.2
09.12.2025 13:42:46.902,  0.2
09.12.2025 13:42:50.903,  0.2
09.12.2025 13:42:54.892,  0.2
09.12.2025 13:42:58.902,  0.2
09.12.2025 13:43:02.892,  0.2
09.12.2025 13:43:06.902,  0.2
09.12.2025 13:43:10.892,  0.2
09.12.2025 13:43:14.902,  0.2
09.12.2025 13:43:18.892,  0.2
09.12.2025 13:43:22.902,  0.2
09.12.2025 13:43:26.892,  0.2
09.12.2025 13:43:30.902,  0.2
09.12.2025 13:43:34.892,  0.2
09.12.2025 13:43:38.892,  0.2
09.12.2025 13:43:42.902,  0.2
09.12.2025 13:43:46.892,  0.2
09.12.2025 13:43:50.902,  0.2
09.12.2025 13:43:54.902,  0.2
09.12.2025 13:43:58.902,  0.2
09.12.2025 13:44:02.902,  0.2
09.12.2025 13:44:06.892,  0.2
09.12.2025 13:44:10.892,  0.2
09.12.2025 13:44:14.902,  0.2
09.12.2025 13:44:18.902,  0.2
09.12.2025 13:44:22.902,  0.2
09.12.2025 13:44:26.903,  0.2
09.12.2025 13:44:30.892,  0.2
09.12.2025 13:44:34.902,  0.2
09.12.2025 13:44:38.902,  0.2
09.12.2025 13:44:42.902,  0.2
09.12.2025 13:44:46.892,  0.2
09.12.2025 13:44:50.902,  0.2
09.12.2025 13:44:54.892,  0.2
09.12.2025 13:44:58.902,  0.2
09.12.2025 13:45:02.902,  0.2
09.12.2025 13:45:06.913,  0.2
09.12.2025 13:45:10.913,  0.2
09.12.2025 13:45:14.923,  0.2
09.12.2025 13:45:18.923,  0.2
09.12.2025 13:45:22.913,  0.2
09.12.2025 13:45:26.923,  0.2
09.12.2025 13:45:30.913,  0.2
09.12.2025 13:45:34.923,  0.2
09.12.2025 13:45:38.923,  0.2
09.12.2025 13:45:42.913,  0.2
09.12.2025 13:45:46.923,  0.2
09.12.2025 13:45:50.923,  0.2
09.12.2025 13:45:54.924,  0.2
09.12.2025 13:45:58.923,  0.2
09.12.2025 13:46:02.923,  0.2
09.12.2025 13:46:06.933,  0.2
09.12.2025 13:46:10.934,  0.2
09.12.2025 13:46:14.923,  0.2
09.12.2025 13:46:18.933,  0.2
09.12.2025 13:46:22.933,  0.2
09.12.2025 13:46:26.933,  0.2
09.12.2025 13:46:30.933,  0.2
09.12.2025 13:46:34.923,  0.2
09.12.2025 13:46:38.933,  0.2
09.12.2025 13:46:42.933,  0.2
09.12.2025 13:46:46.934,  0.0
09.12.2025 13:46:50.923,  0.0
09.12.2025 13:46:54.933,  0.0
09.12.2025 13:46:58.923,  0.0
09.12.2025 13:47:03.134,  0.0
09.12.2025 13:47:06.923,  0.0
09.12.2025 13:47:10.923,  0.0
09.12.2025 13:47:14.933,  0.0
09.12.2025 13:47:18.953,  0.0
09.12.2025 13:47:22.943,  0.0
09.12.2025 13:47:26.943,  0.0
09.12.2025 13:47:30.953,  0.0
09.12.2025 13:47:35.043,  0.0
09.12.2025 13:47:38.953,  0.0
09.12.2025 13:47:42.943,  0.0
09.12.2025 13:47:46.943,  0.0
09.12.2025 13:47:50.954,  0.0
09.12.2025 13:47:54.943,  0.0
09.12.2025 13:47:58.943,  0.0
09.12.2025 13:48:02.953,  0.0
09.12.2025 13:48:06.943,  0.0
09.12.2025 13:48:10.953,  0.0
09.12.2025 13:48:14.953,  0.0
09.12.2025 13:48:18.943,  0.0
09.12.2025 13:48:22.943,  0.0
09.12.2025 13:48:26.953,  0.0
09.12.2025 13:48:30.943,  0.0
09.12.2025 13:48:34.953,  0.0
09.12.2025 13:48:38.953,  0.0
09.12.2025 13:48:42.953,  0.0
09.12.2025 13:48:46.973,  0.0
09.12.2025 13:48:50.965,  0.0
09.12.2025 13:48:54.983,  0.0
09.12.2025 13:48:58.984,  0.0
09.12.2025 13:49:02.983,  0.0
09.12.2025 13:49:06.983,  0.0
09.12.2025 13:49:10.973,  0.0
09.12.2025 13:49:14.984,  0.0
09.12.2025 13:49:18.983,  0.0
09.12.2025 13:49:22.983,  0.0
09.12.2025 13:49:26.983,  0.0
09.12.2025 13:49:30.983,  0.0
09.12.2025 13:49:34.973,  0.0
09.12.2025 13:49:38.983,  0.0
09.12.2025 13:49:42.973,  0.0
09.12.2025 13:49:46.983,  0.0
09.12.2025 13:49:50.973,  0.0
09.12.2025 13:49:54.973,  0.0
09.12.2025 13:49:58.983,  0.0
09.12.2025 13:50:02.983,  0.0
09.12.2025 13:50:06.991,  0.0
09.12.2025 13:50:11.001,  0.0
09.12.2025 13:50:15.001,  0.0
09.12.2025 13:50:19.001,  0.0
09.12.2025 13:50:22.991,  0.0
09.12.2025 13:50:26.991,  0.0
09.12.2025 13:50:31.001,  0.0
09.12.2025 13:50:35.012,  0.0
09.12.2025 13:50:39.011,  0.0
09.12.2025 13:50:43.011,  0.0
09.12.2025 13:50:47.001,  0.0
09.12.2025 13:50:51.001,  0.0
09.12.2025 13:50:55.012,  0.0
09.12.2025 13:50:59.011,  0.0
09.12.2025 13:51:03.011,  0.0
09.12.2025 13:51:07.032,  0.0
09.12.2025 13:51:11.041,  0.0
09.12.2025 13:51:15.031,  0.0
09.12.2025 13:51:19.041,  0.0
09.12.2025 13:51:23.031,  0.0
09.12.2025 13:51:27.041,  0.0
09.12.2025 13:51:31.041,  0.0
09.12.2025 13:51:35.041,  0.0
09.12.2025 13:51:39.041,  0.0
09.12.2025 13:51:43.141,  0.0
09.12.2025 13:51:47.031,  0.0
09.12.2025 13:51:51.041,  0.0
09.12.2025 13:51:55.031,  0.0
09.12.2025 13:51:59.041,  0.0
09.12.2025 13:52:03.041,  0.0
09.12.2025 13:52:07.031,  0.0
09.12.2025 13:52:11.031,  0.0
09.12.2025 13:52:15.141,  0.0
09.12.2025 13:52:19.041,  0.0
09.12.2025 13:52:23.031,  0.0
09.12.2025 13:52:27.041,  0.0
09.12.2025 13:52:31.031,  0.0
09.12.2025 13:52:35.031,  0.0
09.12.2025 13:52:39.041,  0.0
09.12.2025 13:52:43.041,  0.0
09.12.2025 13:52:47.031,  0.0
09.12.2025 13:52:51.041,  0.0
09.12.2025 13:52:55.041,  0.0
09.12.2025 13:52:59.031,  0.0
09.12.2025 13:53:03.041,  0.0
09.12.2025 13:53:07.031,  0.0
09.12.2025 13:53:11.031,  0.0
09.12.2025 13:53:15.041,  0.0
09.12.2025 13:53:19.042,  0.0
09.12.2025 13:53:23.031,  0.0
09.12.2025 13:53:27.041,  0.0
09.12.2025 13:53:31.041,  0.0
09.12.2025 13:53:35.031,  0.0
09.12.2025 13:53:39.041,  0.0
09.12.2025 13:53:43.041,  0.0
09.12.2025 13:53:47.041,  0.0
09.12.2025 13:53:51.031,  0.0
09.12.2025 13:53:55.041,  0.0
09.12.2025 13:53:59.031,  0.0
09.12.2025 13:54:03.041,  0.0
09.12.2025 13:54:07.041,  0.0
09.12.2025 13:54:11.041,  0.0
09.12.2025 13:54:15.031,  0.0
09.12.2025 13:54:19.031,  0.0
09.12.2025 13:54:23.041,  0.0
09.12.2025 13:54:27.041,  0.0
09.12.2025 13:54:31.041,  0.0
09.12.2025 13:54:35.041,  0.0
09.12.2025 13:54:39.031,  0.0
09.12.2025 13:54:43.041,  0.0
09.12.2025 13:54:47.031,  0.0
09.12.2025 13:54:51.031,  0.0
09.12.2025 13:54:55.041,  0.0
09.12.2025 13:54:59.031,  0.0
09.12.2025 13:55:03.031,  0.0
09.12.2025 13:55:07.048,  0.0
09.12.2025 13:55:11.038,  0.0
09.12.2025 13:55:15.048,  0.0
09.12.2025 13:55:19.048,  0.0
09.12.2025 13:55:23.038,  0.0
09.12.2025 13:55:27.048,  0.0
09.12.2025 13:55:31.038,  0.0
09.12.2025 13:55:35.049,  0.0
09.12.2025 13:55:39.048,  0.0
09.12.2025 13:55:43.038,  0.0
09.12.2025 13:55:47.048,  0.0
09.12.2025 13:55:51.048,  0.0
09.12.2025 13:55:55.048,  0.0
09.12.2025 13:55:59.048,  0.0
09.12.2025 13:56:03.048,  0.0
09.12.2025 13:56:07.038,  0.0
09.12.2025 13:56:11.048,  0.0
09.12.2025 13:56:15.048,  0.0
09.12.2025 13:56:19.048,  0.0
09.12.2025 13:56:23.138,  0.0
09.12.2025 13:56:27.048,  0.0
09.12.2025 13:56:31.048,  0.0
09.12.2025 13:56:35.048,  0.0
09.12.2025 13:56:39.048,  0.0
09.12.2025 13:56:43.048,  0.0
09.12.2025 13:56:47.038,  0.0
09.12.2025 13:56:51.048,  0.0
09.12.2025 13:56:55.049,  0.0
09.12.2025 13:56:59.048,  0.0
09.12.2025 13:57:03.038,  0.0
09.12.2025 13:57:07.048,  0.0
09.12.2025 13:57:11.038,  0.0
09.12.2025 13:57:15.038,  0.0
09.12.2025 13:57:19.038,  0.0
09.12.2025 13:57:23.048,  0.0
09.12.2025 13:57:27.048,  0.0
09.12.2025 13:57:31.048,  0.0
09.12.2025 13:57:35.048,  0.0
09.12.2025 13:57:39.168,  0.0
09.12.2025 13:57:43.038,  0.0
09.12.2025 13:57:47.038,  0.0
09.12.2025 13:57:51.048,  0.0
09.12.2025 13:57:55.048,  0.0
09.12.2025 13:57:59.038,  0.0
09.12.2025 13:58:03.048,  0.0
09.12.2025 13:58:07.038,  0.0
09.12.2025 13:58:11.048,  0.0
09.12.2025 13:58:15.048,  0.0
09.12.2025 13:58:19.049,  0.0
09.12.2025 13:58:24.049,  0.9
09.12.2025 13:58:28.048,  0.6
09.12.2025 13:58:32.038,  0.4
09.12.2025 13:58:36.048,  0.4
09.12.2025 13:58:40.048,  0.6
09.12.2025 13:58:44.048,  0.5
09.12.2025 13:58:48.038,  0.4
09.12.2025 13:58:52.048,  0.4
09.12.2025 13:58:56.038,  0.4
09.12.2025 13:59:00.048,  0.4
09.12.2025 13:59:04.039,  0.4
09.12.2025 13:59:08.058,  0.3
09.12.2025 13:59:12.048,  0.3
09.12.2025 13:59:16.058,  0.2
09.12.2025 13:59:20.059,  0.2
09.12.2025 13:59:24.048,  0.2
09.12.2025 13:59:28.058,  0.2
09.12.2025 13:59:32.058,  0.2
09.12.2025 13:59:36.058,  0.2
09.12.2025 13:59:40.058,  0.3
09.12.2025 13:59:44.168,  0.3
09.12.2025 13:59:48.068,  0.3
09.12.2025 13:59:52.058,  0.3
09.12.2025 13:59:56.058,  0.3
09.12.2025 14:00:00.068,  0.3
09.12.2025 14:00:04.058,  0.3
09.12.2025 14:00:08.086,  0.4
09.12.2025 14:00:12.085,  0.4
09.12.2025 14:00:16.075,  0.3
09.12.2025 14:00:20.085,  0.4
09.12.2025 14:00:24.075,  0.4
09.12.2025 14:00:28.085,  0.4
09.12.2025 14:00:32.085,  0.4
09.12.2025 14:00:36.085,  0.4
09.12.2025 14:00:40.085,  0.4
09.12.2025 14:00:44.085,  0.4
09.12.2025 14:00:48.075,  0.4
09.12.2025 14:00:52.075,  0.3
09.12.2025 14:00:56.085,  0.4
09.12.2025 14:01:00.075,  0.4
09.12.2025 14:01:04.085,  0.4
09.12.2025 14:01:08.085,  0.4
09.12.2025 14:01:12.075,  0.4
09.12.2025 14:01:16.175,  0.4
09.12.2025 14:01:20.085,  0.4
09.12.2025 14:01:24.085,  0.4
09.12.2025 14:01:28.085,  0.4
09.12.2025 14:01:32.075,  0.4
09.12.2025 14:01:36.085,  0.4
09.12.2025 14:01:40.075,  0.4
09.12.2025 14:01:44.085,  0.4
09.12.2025 14:01:48.075,  0.4
09.12.2025 14:01:52.085,  0.4
09.12.2025 14:01:56.085,  0.3
09.12.2025 14:02:00.075,  0.4
09.12.2025 14:02:04.075,  0.4
09.12.2025 14:02:08.085,  0.4
09.12.2025 14:02:12.085,  0.3
09.12.2025 14:02:16.085,  0.4
09.12.2025 14:02:20.075,  0.4
09.12.2025 14:02:24.075,  0.4
09.12.2025 14:02:28.085,  0.4
09.12.2025 14:02:32.085,  0.4
09.12.2025 14:02:36.075,  0.4
09.12.2025 14:02:40.085,  0.4
09.12.2025 14:02:44.085,  0.4
09.12.2025 14:02:48.085,  0.4
09.12.2025 14:02:52.085,  0.4
09.12.2025 14:02:56.075,  0.4
09.12.2025 14:03:00.075,  0.4
09.12.2025 14:03:04.085,  0.4
09.12.2025 14:03:08.085,  0.4
09.12.2025 14:03:12.086,  0.4
09.12.2025 14:03:16.075,  0.4
09.12.2025 14:03:20.085,  0.4
09.12.2025 14:03:24.075,  0.4
09.12.2025 14:03:28.085,  0.4
09.12.2025 14:03:32.075,  0.4
09.12.2025 14:03:36.095,  0.4
09.12.2025 14:03:40.085,  0.4
09.12.2025 14:03:44.085,  0.4
09.12.2025 14:03:48.096,  0.4
09.12.2025 14:03:52.085,  0.4
09.12.2025 14:03:56.095,  0.4
09.12.2025 14:04:00.085,  0.4
09.12.2025 14:04:04.095,  0.4
09.12.2025 14:04:08.095,  0.4
09.12.2025 14:04:12.095,  0.4
09.12.2025 14:04:16.095,  0.4
09.12.2025 14:04:20.215,  0.4
09.12.2025 14:04:24.095,  0.4
09.12.2025 14:04:28.105,  0.4
09.12.2025 14:04:32.095,  0.4
09.12.2025 14:04:36.105,  0.4
09.12.2025 14:04:40.095,  0.4
09.12.2025 14:04:44.105,  0.4
09.12.2025 14:04:48.095,  0.4
09.12.2025 14:04:52.105,  0.4
09.12.2025 14:04:56.095,  0.4
09.12.2025 14:05:00.105,  0.4
09.12.2025 14:05:04.107,  0.4
09.12.2025 14:05:08.120,  0.4
09.12.2025 14:05:12.120,  0.4
09.12.2025 14:05:16.110,  0.3
09.12.2025 14:05:20.110,  0.4
09.12.2025 14:05:24.110,  0.4
09.12.2025 14:05:28.120,  0.4
09.12.2025 14:05:32.120,  0.4
09.12.2025 14:05:36.120,  0.4
09.12.2025 14:05:40.110,  0.4
09.12.2025 14:05:44.110,  0.3
09.12.2025 14:05:48.110,  0.4
09.12.2025 14:05:52.121,  0.4
09.12.2025 14:05:56.110,  0.4
09.12.2025 14:06:00.360,  0.4
09.12.2025 14:06:04.120,  0.4
09.12.2025 14:06:08.120,  0.4
09.12.2025 14:06:12.130,  0.4
09.12.2025 14:06:16.130,  0.4
09.12.2025 14:06:20.130,  0.4
09.12.2025 14:06:24.120,  0.4
09.12.2025 14:06:28.130,  0.4
09.12.2025 14:06:32.120,  0.4
09.12.2025 14:06:36.130,  0.4
09.12.2025 14:06:40.130,  0.4
09.12.2025 14:06:44.130,  0.4
09.12.2025 14:06:48.130,  0.4
09.12.2025 14:06:52.130,  0.4
09.12.2025 14:06:56.130,  0.3
09.12.2025 14:07:00.130,  0.4
09.12.2025 14:07:04.120,  0.4
09.12.2025 14:07:08.130,  0.4
09.12.2025 14:07:12.130,  0.4
09.12.2025 14:07:16.130,  0.4
09.12.2025 14:07:20.130,  0.4
09.12.2025 14:07:24.130,  0.4
09.12.2025 14:07:28.130,  0.4
09.12.2025 14:07:32.130,  0.4
09.12.2025 14:07:36.130,  0.4
09.12.2025 14:07:40.130,  0.4
09.12.2025 14:07:44.120,  0.3
09.12.2025 14:07:48.120,  0.4
09.12.2025 14:07:52.120,  0.4
09.12.2025 14:07:56.220,  0.4
09.12.2025 14:08:00.130,  0.3
09.12.2025 14:08:04.130,  0.4
09.12.2025 14:08:08.120,  0.4
09.12.2025 14:08:12.130,  0.4
09.12.2025 14:08:16.130,  0.4
09.12.2025 14:08:20.131,  0.4
09.12.2025 14:08:24.130,  0.4
09.12.2025 14:08:28.120,  0.4
09.12.2025 14:08:32.130,  0.4
09.12.2025 14:08:36.130,  0.4
09.12.2025 14:08:40.130,  0.4
09.12.2025 14:08:44.130,  0.4
09.12.2025 14:08:48.120,  0.4
09.12.2025 14:08:52.130,  0.4
09.12.2025 14:08:56.130,  0.4
09.12.2025 14:09:00.130,  0.4
09.12.2025 14:09:04.210,  0.4
09.12.2025 14:09:08.120,  0.4
09.12.2025 14:09:12.130,  0.4
09.12.2025 14:09:16.120,  0.4
09.12.2025 14:09:20.130,  0.4
09.12.2025 14:09:24.120,  0.4
09.12.2025 14:09:28.130,  0.4
09.12.2025 14:09:32.120,  0.4
09.12.2025 14:09:36.130,  0.4
09.12.2025 14:09:40.130,  0.4
09.12.2025 14:09:44.120,  0.4
09.12.2025 14:09:48.210,  0.4
09.12.2025 14:09:52.130,  0.4
09.12.2025 14:09:56.130,  0.4
09.12.2025 14:10:00.130,  0.4
09.12.2025 14:10:04.120,  0.4
09.12.2025 14:10:08.146,  0.4
09.12.2025 14:10:12.136,  0.4
09.12.2025 14:10:16.136,  0.0
09.12.2025 14:10:20.146,  0.0
09.12.2025 14:10:24.146,  0.0
09.12.2025 14:10:28.136,  0.0
09.12.2025 14:10:32.146,  0.0
09.12.2025 14:10:36.136,  0.0
09.12.2025 14:10:40.146,  0.0
09.12.2025 14:10:44.146,  0.0
09.12.2025 14:10:48.136,  0.0
09.12.2025 14:10:52.136,  0.0
09.12.2025 14:10:56.156,  0.0
09.12.2025 14:11:00.146,  0.0
09.12.2025 14:11:04.156,  0.0
09.12.2025 14:11:08.146,  0.0
09.12.2025 14:11:12.156,  0.0
09.12.2025 14:11:16.146,  0.0
09.12.2025 14:11:20.156,  0.0
09.12.2025 14:11:24.146,  0.0
09.12.2025 14:11:28.156,  0.0
09.12.2025 14:11:32.146,  0.0
09.12.2025 14:11:36.156,  0.0
09.12.2025 14:11:40.157,  0.0
09.12.2025 14:11:44.146,  0.0
09.12.2025 14:11:48.156,  0.0
09.12.2025 14:11:52.146,  0.0
09.12.2025 14:11:56.156,  0.0
09.12.2025 14:12:00.146,  0.0
09.12.2025 14:12:04.157,  0.0
09.12.2025 14:12:08.156,  0.0
09.12.2025 14:12:12.166,  0.0
09.12.2025 14:12:16.166,  0.0
09.12.2025 14:12:20.166,  0.0
09.12.2025 14:12:24.156,  0.0
09.12.2025 14:12:28.166,  0.0
09.12.2025 14:12:32.156,  0.0
09.12.2025 14:12:36.166,  0.0
09.12.2025 14:12:40.167,  0.0
09.12.2025 14:12:44.166,  0.0
09.12.2025 14:12:48.166,  0.0
09.12.2025 14:12:52.166,  0.0
09.12.2025 14:12:56.166,  0.0
09.12.2025 14:13:00.166,  0.0
09.12.2025 14:13:04.156,  0.0
09.12.2025 14:13:08.166,  0.0
09.12.2025 14:13:12.166,  0.0
09.12.2025 14:13:16.166,  0.0
09.12.2025 14:13:20.166,  0.0
09.12.2025 14:13:24.167,  0.0
09.12.2025 14:13:28.186,  0.0
09.12.2025 14:13:32.186,  0.0
09.12.2025 14:13:36.196,  0.0
09.12.2025 14:13:40.187,  0.0
09.12.2025 14:13:44.206,  0.0
09.12.2025 14:13:48.206,  0.0
09.12.2025 14:13:52.216,  0.0
09.12.2025 14:13:56.216,  0.0
09.12.2025 14:14:00.206,  0.0
09.12.2025 14:14:04.216,  0.0
09.12.2025 14:14:08.217,  0.0
09.12.2025 14:14:12.216,  0.0
09.12.2025 14:14:16.206,  0.0
09.12.2025 14:14:20.216,  0.0
09.12.2025 14:14:24.206,  0.0
09.12.2025 14:14:28.206,  0.0
09.12.2025 14:14:32.216,  0.0
09.12.2025 14:14:36.216,  0.0
09.12.2025 14:14:40.206,  0.0
09.12.2025 14:14:44.216,  0.0
09.12.2025 14:14:48.216,  0.0
09.12.2025 14:14:52.216,  0.0
09.12.2025 14:14:56.216,  0.0
09.12.2025 14:15:00.226,  0.0
09.12.2025 14:15:04.226,  0.0
09.12.2025 14:15:08.243,  0.0
09.12.2025 14:15:12.233,  0.0
09.12.2025 14:15:16.243,  0.0
09.12.2025 14:15:20.233,  0.0
09.12.2025 14:15:24.233,  0.0
09.12.2025 14:15:28.243,  0.0
09.12.2025 14:15:32.243,  0.0
09.12.2025 14:15:36.233,  0.0
09.12.2025 14:15:40.233,  0.0
09.12.2025 14:15:44.243,  0.0
09.12.2025 14:15:48.243,  0.0
09.12.2025 14:15:52.243,  0.0
09.12.2025 14:15:56.243,  0.0
09.12.2025 14:16:00.243,  0.0
09.12.2025 14:16:06.233,  0.8
09.12.2025 14:16:10.233,  0.6
09.12.2025 14:16:14.243,  0.6
09.12.2025 14:16:18.243,  0.6
09.12.2025 14:16:22.233,  0.7
09.12.2025 14:16:26.243,  0.7
09.12.2025 14:16:30.233,  0.7
09.12.2025 14:16:34.243,  0.7
09.12.2025 14:16:38.243,  0.7
09.12.2025 14:16:42.233,  0.7
09.12.2025 14:16:46.243,  0.7
09.12.2025 14:16:50.243,  0.7
09.12.2025 14:16:54.243,  0.7
09.12.2025 14:16:58.243,  0.7
09.12.2025 14:17:02.233,  0.7
09.12.2025 14:17:06.243,  0.7
09.12.2025 14:17:10.244,  0.7
09.12.2025 14:17:14.243,  0.7
09.12.2025 14:17:18.243,  0.7
09.12.2025 14:17:22.233,  0.7
09.12.2025 14:17:26.243,  0.7
09.12.2025 14:17:30.243,  0.8
09.12.2025 14:17:34.243,  0.8
09.12.2025 14:17:38.233,  0.7
09.12.2025 14:17:42.243,  0.8
09.12.2025 14:17:46.243,  0.8
09.12.2025 14:17:50.244,  0.8
09.12.2025 14:17:54.243,  0.7
09.12.2025 14:17:58.233,  0.7
09.12.2025 14:18:02.243,  0.7
09.12.2025 14:18:06.233,  0.7
09.12.2025 14:18:10.233,  0.8
09.12.2025 14:18:14.243,  0.7
09.12.2025 14:18:18.243,  0.7
09.12.2025 14:18:22.243,  0.7
09.12.2025 14:18:26.233,  0.7
09.12.2025 14:18:30.244,  0.7
09.12.2025 14:18:34.243,  0.7
09.12.2025 14:18:38.233,  0.7
09.12.2025 14:18:42.233,  0.7
09.12.2025 14:18:46.243,  0.8
09.12.2025 14:18:50.233,  0.7
09.12.2025 14:18:54.243,  0.7
09.12.2025 14:18:58.233,  0.7
09.12.2025 14:19:02.243,  0.7
09.12.2025 14:19:06.243,  0.7
09.12.2025 14:19:10.243,  0.8
09.12.2025 14:19:14.243,  0.7
09.12.2025 14:19:18.244,  0.0
09.12.2025 14:19:22.233,  0.0
09.12.2025 14:19:26.244,  0.0
09.12.2025 14:19:30.243,  0.0
09.12.2025 14:19:34.243,  0.0
09.12.2025 14:19:38.253,  0.0
09.12.2025 14:19:42.253,  0.0
09.12.2025 14:19:46.243,  0.0
09.12.2025 14:19:50.253,  0.0
09.12.2025 14:19:54.254,  0.0
09.12.2025 14:19:58.243,  0.0
09.12.2025 14:20:02.253,  0.0
09.12.2025 14:20:06.253,  0.0
09.12.2025 14:20:10.260,  0.0
09.12.2025 14:20:14.270,  0.0
09.12.2025 14:20:18.270,  0.0
09.12.2025 14:20:22.270,  0.0
09.12.2025 14:20:26.260,  0.0
09.12.2025 14:20:30.360,  0.0
09.12.2025 14:20:34.270,  0.0
09.12.2025 14:20:38.260,  0.0
09.12.2025 14:20:42.270,  0.0
09.12.2025 14:20:46.260,  0.0
09.12.2025 14:20:50.270,  0.0
09.12.2025 14:20:54.270,  0.0
09.12.2025 14:20:58.270,  0.0
09.12.2025 14:21:02.280,  0.0
09.12.2025 14:21:06.280,  0.0
09.12.2025 14:21:10.280,  0.0
09.12.2025 14:21:14.280,  0.0
09.12.2025 14:21:18.280,  0.0
09.12.2025 14:21:22.281,  0.0
09.12.2025 14:21:26.290,  0.0
09.12.2025 14:21:30.280,  0.0
09.12.2025 14:21:34.280,  0.0
09.12.2025 14:21:38.290,  0.0
09.12.2025 14:21:42.290,  0.0
09.12.2025 14:21:46.280,  0.0
09.12.2025 14:21:50.290,  0.0
09.12.2025 14:21:54.290,  0.0
09.12.2025 14:21:58.290,  0.0
09.12.2025 14:22:02.280,  0.0
09.12.2025 14:22:06.290,  0.0
09.12.2025 14:22:10.290,  0.0
09.12.2025 14:22:14.280,  0.0
09.12.2025 14:22:18.290,  0.0
09.12.2025 14:22:22.280,  0.0
09.12.2025 14:22:26.290,  0.0
09.12.2025 14:22:30.291,  0.0
09.12.2025 14:22:34.280,  0.0
09.12.2025 14:22:38.290,  0.0
09.12.2025 14:22:42.290,  0.0
09.12.2025 14:22:46.290,  0.0
09.12.2025 14:22:50.290,  0.0
09.12.2025 14:22:54.300,  0.0
09.12.2025 14:22:58.300,  0.0
09.12.2025 14:23:02.290,  0.0
09.12.2025 14:23:06.300,  0.0
09.12.2025 14:23:10.300,  0.0
09.12.2025 14:23:14.290,  0.0
09.12.2025 14:23:18.300,  0.0
09.12.2025 14:23:22.300,  0.0
09.12.2025 14:23:26.300,  0.0
09.12.2025 14:23:30.290,  0.0
09.12.2025 14:23:34.300,  0.0
09.12.2025 14:23:38.300,  0.0
09.12.2025 14:23:42.300,  0.0
09.12.2025 14:23:46.290,  0.0
09.12.2025 14:23:50.300,  0.0
09.12.2025 14:23:54.300,  0.0
09.12.2025 14:23:58.290,  0.0
09.12.2025 14:24:02.300,  0.0
09.12.2025 14:24:06.300,  0.0
09.12.2025 14:24:10.300,  0.0
09.12.2025 14:24:14.310,  0.0
09.12.2025 14:24:18.311,  0.0
09.12.2025 14:24:22.300,  0.0
09.12.2025 14:24:26.510,  0.0
09.12.2025 14:24:30.300,  0.0
09.12.2025 14:24:34.300,  0.0
09.12.2025 14:24:38.300,  0.0
09.12.2025 14:24:42.310,  0.0
09.12.2025 14:24:46.310,  0.0
09.12.2025 14:24:50.310,  0.0
09.12.2025 14:24:54.310,  0.0
09.12.2025 14:24:58.301,  0.0
09.12.2025 14:25:02.320,  0.0
09.12.2025 14:25:06.310,  0.0
09.12.2025 14:25:10.329,  0.0
09.12.2025 14:25:14.319,  0.0
09.12.2025 14:25:18.329,  0.0
09.12.2025 14:25:22.329,  0.0
09.12.2025 14:25:26.319,  0.0
09.12.2025 14:25:30.329,  0.0
09.12.2025 14:25:34.329,  0.0
09.12.2025 14:25:38.319,  0.0
09.12.2025 14:25:42.319,  0.0
09.12.2025 14:25:46.329,  0.0
09.12.2025 14:25:50.319,  0.0
09.12.2025 14:25:54.329,  0.0
09.12.2025 14:25:58.329,  0.0
09.12.2025 14:26:02.329,  0.0
09.12.2025 14:26:06.319,  0.0
09.12.2025 14:26:10.329,  0.0
09.12.2025 14:26:14.329,  0.0
09.12.2025 14:26:18.329,  0.0
09.12.2025 14:26:22.319,  0.0
09.12.2025 14:26:26.319,  0.0
09.12.2025 14:26:30.319,  0.0
09.12.2025 14:26:34.329,  0.0
09.12.2025 14:26:38.329,  0.0
09.12.2025 14:26:42.319,  0.0
09.12.2025 14:26:47.329,  0.0
09.12.2025 14:26:51.329,  1.3
09.12.2025 14:26:55.339,  0.8
09.12.2025 14:26:59.329,  0.7
09.12.2025 14:27:03.339,  0.8
09.12.2025 14:27:07.339,  0.9
09.12.2025 14:27:11.349,  0.7
09.12.2025 14:27:15.339,  0.7
09.12.2025 14:27:19.349,  0.8
09.12.2025 14:27:23.349,  0.8
09.12.2025 14:27:27.339,  0.8
09.12.2025 14:27:31.349,  0.8
09.12.2025 14:27:35.349,  0.8
09.12.2025 14:27:39.350,  0.8
09.12.2025 14:27:43.349,  0.8
09.12.2025 14:27:47.349,  0.8
09.12.2025 14:27:51.349,  0.8
09.12.2025 14:27:55.349,  0.9
09.12.2025 14:27:59.359,  0.8
09.12.2025 14:28:03.349,  0.8
09.12.2025 14:28:07.359,  0.8
09.12.2025 14:28:11.359,  0.8
09.12.2025 14:28:15.349,  0.8
09.12.2025 14:28:19.349,  0.8
09.12.2025 14:28:23.359,  0.8
09.12.2025 14:28:27.359,  0.9
09.12.2025 14:28:31.359,  0.8
09.12.2025 14:28:35.369,  0.8
09.12.2025 14:28:39.369,  0.8
09.12.2025 14:28:43.359,  0.8
09.12.2025 14:28:47.369,  0.8
09.12.2025 14:28:51.379,  0.8
09.12.2025 14:28:55.369,  0.8
09.12.2025 14:28:59.379,  0.9
09.12.2025 14:29:03.379,  0.8
09.12.2025 14:29:07.379,  0.8
09.12.2025 14:29:11.379,  0.9
09.12.2025 14:29:15.379,  0.8
09.12.2025 14:29:19.369,  0.8
09.12.2025 14:29:27.399,  0.8
09.12.2025 14:29:31.389,  0.8
09.12.2025 14:29:35.390,  0.8
09.12.2025 14:29:39.409,  0.8
09.12.2025 14:29:43.399,  0.9
09.12.2025 14:29:47.409,  0.8
09.12.2025 14:29:51.410,  0.9
09.12.2025 14:29:55.409,  0.8
09.12.2025 14:29:59.399,  0.8
09.12.2025 14:30:03.509,  0.9
09.12.2025 14:30:07.410,  0.8
09.12.2025 14:30:11.420,  0.9
09.12.2025 14:30:15.410,  0.8
09.12.2025 14:30:19.420,  0.8
09.12.2025 14:30:23.410,  0.8
09.12.2025 14:30:27.420,  0.9
09.12.2025 14:30:31.420,  0.8
09.12.2025 14:30:35.410,  0.9
09.12.2025 14:30:39.420,  0.8
09.12.2025 14:30:43.410,  0.8
09.12.2025 14:30:47.420,  0.8
09.12.2025 14:30:51.410,  0.8
09.12.2025 14:30:55.410,  0.9
09.12.2025 14:30:59.420,  0.8
09.12.2025 14:31:03.410,  0.9
09.12.2025 14:31:07.420,  0.8
09.12.2025 14:31:11.410,  0.8
09.12.2025 14:31:15.420,  0.8
09.12.2025 14:31:19.420,  0.8
09.12.2025 14:31:23.430,  0.8
09.12.2025 14:31:27.420,  0.8
09.12.2025 14:31:31.430,  0.8
09.12.2025 14:31:35.430,  0.8
09.12.2025 14:31:39.430,  0.8
09.12.2025 14:31:43.430,  0.8
09.12.2025 14:31:47.420,  0.8
09.12.2025 14:31:51.430,  0.8
09.12.2025 14:31:55.420,  0.8
09.12.2025 14:31:59.430,  0.8
09.12.2025 14:32:03.420,  0.8
09.12.2025 14:32:07.430,  0.0
09.12.2025 14:32:11.450,  0.0
09.12.2025 14:32:15.451,  0.0
09.12.2025 14:32:19.440,  0.0
09.12.2025 14:32:23.440,  0.0
09.12.2025 14:32:27.451,  0.0
09.12.2025 14:32:31.450,  0.0
09.12.2025 14:32:35.450,  0.0
09.12.2025 14:32:39.440,  0.0
09.12.2025 14:32:43.450,  0.0
09.12.2025 14:32:47.460,  0.0
09.12.2025 14:32:51.450,  0.0
09.12.2025 14:32:55.450,  0.0
09.12.2025 14:32:59.450,  0.0
09.12.2025 14:33:03.460,  0.0
09.12.2025 14:33:07.460,  0.0
09.12.2025 14:33:11.460,  0.0
09.12.2025 14:33:15.450,  0.0
09.12.2025 14:33:19.460,  0.0
09.12.2025 14:33:23.450,  0.0
09.12.2025 14:33:27.470,  0.0
09.12.2025 14:33:31.470,  0.0
09.12.2025 14:33:35.460,  0.0
09.12.2025 14:33:39.470,  0.0
09.12.2025 14:33:43.471,  0.0
09.12.2025 14:33:47.460,  0.0
09.12.2025 14:33:51.470,  0.0
09.12.2025 14:33:55.470,  0.0
09.12.2025 14:33:59.460,  0.0
09.12.2025 14:34:03.470,  0.0
09.12.2025 14:34:07.470,  0.0
09.12.2025 14:34:11.470,  0.0
09.12.2025 14:34:15.460,  0.0
09.12.2025 14:34:19.470,  0.0
09.12.2025 14:34:23.470,  0.0
09.12.2025 14:34:27.470,  0.0
09.12.2025 14:34:31.460,  0.0
09.12.2025 14:34:35.470,  0.0
09.12.2025 14:34:39.471,  0.0
09.12.2025 14:34:43.460,  0.0
09.12.2025 14:34:47.470,  0.0
09.12.2025 14:34:51.470,  0.0
09.12.2025 14:34:55.460,  0.0
09.12.2025 14:34:59.470,  0.0
09.12.2025 14:35:03.660,  0.0
09.12.2025 14:35:07.500,  0.0
09.12.2025 14:35:11.490,  0.0
09.12.2025 14:35:15.491,  0.0
09.12.2025 14:35:19.510,  0.0
09.12.2025 14:35:23.520,  0.0
09.12.2025 14:35:27.510,  0.0
09.12.2025 14:35:31.530,  0.0
09.12.2025 14:35:35.530,  0.0
09.12.2025 14:35:39.530,  0.0
09.12.2025 14:35:43.640,  0.0
09.12.2025 14:35:47.530,  0.0
09.12.2025 14:35:51.530,  0.0
09.12.2025 14:35:55.520,  0.0
09.12.2025 14:35:59.530,  0.0
09.12.2025 14:36:03.530,  0.0
09.12.2025 14:36:07.530,  0.0
09.12.2025 14:36:11.530,  0.0
09.12.2025 14:36:15.530,  0.0
09.12.2025 14:36:19.520,  0.0
09.12.2025 14:36:23.530,  0.0
09.12.2025 14:36:27.520,  0.0
09.12.2025 14:36:31.530,  0.0
09.12.2025 14:36:35.520,  0.0
09.12.2025 14:36:39.530,  0.0
09.12.2025 14:36:43.520,  0.0
09.12.2025 14:36:47.531,  0.0
09.12.2025 14:36:51.520,  0.0
09.12.2025 14:36:55.530,  0.0
09.12.2025 14:36:59.520,  0.0
09.12.2025 14:37:03.520,  0.0
09.12.2025 14:37:07.530,  0.0
09.12.2025 14:37:11.530,  0.0
09.12.2025 14:37:15.540,  0.0
09.12.2025 14:37:19.530,  0.0
09.12.2025 14:37:23.530,  0.0
09.12.2025 14:37:27.540,  0.0
09.12.2025 14:37:31.540,  0.0
09.12.2025 14:37:35.540,  0.0
09.12.2025 14:37:39.540,  0.0
09.12.2025 14:37:43.540,  0.0
09.12.2025 14:37:47.530,  0.0
09.12.2025 14:37:51.640,  0.0
09.12.2025 14:37:55.530,  0.0
09.12.2025 14:37:59.540,  0.0
09.12.2025 14:38:03.540,  0.0
09.12.2025 14:38:07.550,  0.0
09.12.2025 14:38:11.550,  0.0
09.12.2025 14:38:15.550,  0.0
09.12.2025 14:38:19.550,  0.0
09.12.2025 14:38:23.540,  0.0
09.12.2025 14:38:27.550,  0.0
09.12.2025 14:38:31.540,  0.0
09.12.2025 14:38:35.540,  0.0
09.12.2025 14:38:39.540,  0.0
09.12.2025 14:38:43.550,  0.0
09.12.2025 14:38:47.550,  0.0
09.12.2025 14:38:51.540,  0.0
09.12.2025 14:38:55.540,  0.0
09.12.2025 14:38:59.551,  0.0
09.12.2025 14:39:03.550,  0.0
09.12.2025 14:39:07.540,  0.0
09.12.2025 14:39:11.550,  0.0
09.12.2025 14:39:15.550,  0.0
09.12.2025 14:39:19.550,  0.0
09.12.2025 14:39:24.550,  1.0
09.12.2025 14:39:28.550,  0.8
09.12.2025 14:39:32.560,  0.9
09.12.2025 14:39:36.550,  0.8
09.12.2025 14:39:40.560,  0.9
09.12.2025 14:39:44.550,  0.9
09.12.2025 14:39:48.560,  0.9
09.12.2025 14:39:52.560,  0.9
09.12.2025 14:39:56.560,  0.9
09.12.2025 14:40:00.561,  0.9
09.12.2025 14:40:04.560,  0.9
09.12.2025 14:40:08.558,  0.9
09.12.2025 14:40:12.558,  0.9
09.12.2025 14:40:16.568,  0.9
09.12.2025 14:40:20.568,  0.9
09.12.2025 14:40:24.558,  0.9
09.12.2025 14:40:28.568,  0.9
09.12.2025 14:40:32.568,  0.9
09.12.2025 14:40:36.568,  0.9
09.12.2025 14:40:40.558,  0.9
09.12.2025 14:40:44.568,  0.9
09.12.2025 14:40:48.568,  0.9
09.12.2025 14:40:52.569,  1.0
09.12.2025 14:40:56.568,  0.9
09.12.2025 14:41:00.558,  0.9
09.12.2025 14:41:04.558,  0.9
09.12.2025 14:41:08.559,  1.0
09.12.2025 14:41:12.578,  0.9
09.12.2025 14:41:16.578,  0.9
09.12.2025 14:41:20.568,  0.9
09.12.2025 14:41:24.568,  0.9
09.12.2025 14:41:28.578,  0.9
09.12.2025 14:41:32.568,  0.8
09.12.2025 14:41:36.568,  0.9
09.12.2025 14:41:40.578,  0.9
09.12.2025 14:41:44.578,  0.9
09.12.2025 14:41:48.568,  0.9
09.12.2025 14:41:52.578,  0.9
09.12.2025 14:41:56.579,  0.9
09.12.2025 14:42:00.579,  0.9
09.12.2025 14:42:04.568,  0.9
09.12.2025 14:42:08.678,  0.9
09.12.2025 14:42:12.568,  0.9
09.12.2025 14:42:16.578,  0.9
09.12.2025 14:42:20.578,  0.9
09.12.2025 14:42:24.578,  0.9
09.12.2025 14:42:28.578,  0.9
09.12.2025 14:42:32.578,  0.9
09.12.2025 14:42:36.579,  0.9
09.12.2025 14:42:40.578,  0.9
09.12.2025 14:42:44.568,  0.9
09.12.2025 14:42:48.578,  0.9
09.12.2025 14:42:52.568,  0.9
09.12.2025 14:42:56.568,  0.9
09.12.2025 14:43:00.578,  0.9
09.12.2025 14:43:04.568,  0.9
09.12.2025 14:43:08.578,  0.9
09.12.2025 14:43:12.589,  0.9
09.12.2025 14:43:16.578,  0.9
09.12.2025 14:43:20.588,  0.9
09.12.2025 14:43:24.578,  0.9
09.12.2025 14:43:28.589,  0.9
09.12.2025 14:43:32.578,  0.9
09.12.2025 14:43:36.588,  0.9
09.12.2025 14:43:40.578,  0.9
09.12.2025 14:43:44.588,  0.9
09.12.2025 14:43:48.588,  0.9
09.12.2025 14:43:52.589,  0.9
09.12.2025 14:43:56.588,  0.9
09.12.2025 14:44:00.588,  0.9
09.12.2025 14:44:04.579,  0.9
09.12.2025 14:44:08.598,  0.9
09.12.2025 14:44:12.598,  0.9
09.12.2025 14:44:16.588,  0.9
09.12.2025 14:44:20.598,  0.9
09.12.2025 14:44:24.598,  0.9
09.12.2025 14:44:28.598,  0.9
09.12.2025 14:44:32.588,  0.9
09.12.2025 14:44:36.588,  0.0
09.12.2025 14:44:40.598,  0.0
09.12.2025 14:44:44.598,  0.0
09.12.2025 14:44:48.598,  0.0
09.12.2025 14:44:52.608,  0.0
09.12.2025 14:44:56.618,  0.0
09.12.2025 14:45:00.618,  0.0
09.12.2025 14:45:04.628,  0.0
09.12.2025 14:45:08.652,  0.0
09.12.2025 14:45:12.652,  0.0
09.12.2025 14:45:16.652,  0.0
09.12.2025 14:45:20.772,  0.0
09.12.2025 14:45:24.642,  0.0
09.12.2025 14:45:28.642,  0.0
09.12.2025 14:45:32.653,  0.0
09.12.2025 14:45:36.652,  0.0
09.12.2025 14:45:40.652,  0.0
09.12.2025 14:45:44.653,  0.0
09.12.2025 14:45:48.732,  0.0
09.12.2025 14:45:52.642,  0.0
09.12.2025 14:45:56.652,  0.0
09.12.2025 14:46:00.642,  0.0
09.12.2025 14:46:04.653,  0.0
09.12.2025 14:46:08.642,  0.0
09.12.2025 14:46:12.652,  0.0
09.12.2025 14:46:16.652,  0.0
09.12.2025 14:46:20.642,  0.0
09.12.2025 14:46:24.652,  0.0
09.12.2025 14:46:28.642,  0.0
09.12.2025 14:46:32.652,  0.0
09.12.2025 14:46:36.772,  0.0
09.12.2025 14:46:40.642,  0.0
09.12.2025 14:46:44.652,  0.0
09.12.2025 14:46:48.652,  0.0
09.12.2025 14:46:52.973,  0.0
09.12.2025 14:46:56.652,  0.0
09.12.2025 14:47:00.652,  0.0
09.12.2025 14:47:04.652,  0.0
09.12.2025 14:47:08.642,  0.0
09.12.2025 14:47:12.652,  0.0
09.12.2025 14:47:16.652,  0.0
09.12.2025 14:47:20.653,  0.0
09.12.2025 14:47:24.652,  0.0
09.12.2025 14:47:28.652,  0.0
09.12.2025 14:47:32.652,  0.0
09.12.2025 14:47:36.642,  0.0
09.12.2025 14:47:40.652,  0.0
09.12.2025 14:47:44.652,  0.0
09.12.2025 14:47:48.652,  0.0
09.12.2025 14:47:52.642,  0.0
09.12.2025 14:47:56.652,  0.0
09.12.2025 14:48:00.652,  0.0
09.12.2025 14:48:04.652,  0.0
09.12.2025 14:48:08.652,  0.0
09.12.2025 14:48:12.652,  0.0
09.12.2025 14:48:16.652,  0.0
09.12.2025 14:48:20.652,  0.0
09.12.2025 14:48:24.652,  0.0
09.12.2025 14:48:28.652,  0.0
09.12.2025 14:48:32.643,  0.0
09.12.2025 14:48:36.662,  0.0
09.12.2025 14:48:40.653,  0.0
09.12.2025 14:48:44.672,  0.0
09.12.2025 14:48:48.762,  0.0
09.12.2025 14:48:52.662,  0.0
09.12.2025 14:48:56.672,  0.0
09.12.2025 14:49:00.672,  0.0
09.12.2025 14:49:04.672,  0.0
09.12.2025 14:49:08.662,  0.0
09.12.2025 14:49:12.672,  0.0
09.12.2025 14:49:16.662,  0.0
09.12.2025 14:49:20.662,  0.0
09.12.2025 14:49:24.672,  0.0
09.12.2025 14:49:28.662,  0.0
09.12.2025 14:49:32.662,  0.0
09.12.2025 14:49:36.672,  0.0
09.12.2025 14:49:40.672,  0.0
09.12.2025 14:49:44.662,  0.0
09.12.2025 14:49:48.672,  0.0
09.12.2025 14:49:52.662,  0.0
09.12.2025 14:49:56.672,  0.0
09.12.2025 14:50:00.673,  0.0
09.12.2025 14:50:04.673,  0.0
09.12.2025 14:50:08.681,  0.0
09.12.2025 14:50:12.681,  0.0
09.12.2025 14:50:16.681,  0.0
09.12.2025 14:50:20.671,  0.0
09.12.2025 14:50:24.681,  0.0
09.12.2025 14:50:28.682,  0.0
09.12.2025 14:50:32.671,  0.0
09.12.2025 14:50:36.681,  0.0
09.12.2025 14:50:40.681,  0.0
09.12.2025 14:50:44.691,  0.0
09.12.2025 14:50:48.681,  0.0
09.12.2025 14:50:52.691,  0.0
09.12.2025 14:50:56.702,  0.0
09.12.2025 14:51:00.711,  0.0
09.12.2025 14:51:04.702,  0.0
09.12.2025 14:51:08.711,  0.0
09.12.2025 14:51:12.721,  0.0
09.12.2025 14:51:16.741,  0.0
09.12.2025 14:51:20.751,  0.0
09.12.2025 14:51:24.761,  0.0
09.12.2025 14:51:28.761,  0.0
09.12.2025 14:51:32.762,  0.0
09.12.2025 14:51:36.762,  0.0
09.12.2025 14:51:40.761,  0.0
09.12.2025 14:51:44.762,  0.0
09.12.2025 14:51:48.751,  0.0
09.12.2025 14:51:52.761,  0.0
09.12.2025 14:51:56.761,  0.0
09.12.2025 14:52:00.751,  0.0
09.12.2025 14:52:04.751,  0.0
09.12.2025 14:52:08.761,  0.0
09.12.2025 14:52:12.762,  0.0
09.12.2025 14:52:16.751,  0.0
09.12.2025 14:52:20.751,  0.0
09.12.2025 14:52:24.761,  0.0
09.12.2025 14:52:28.751,  0.0
09.12.2025 14:52:32.761,  0.0
09.12.2025 14:52:36.751,  0.0
09.12.2025 14:52:40.761,  0.0
09.12.2025 14:52:44.751,  0.0
09.12.2025 14:52:48.761,  0.0
09.12.2025 14:52:52.751,  0.0
09.12.2025 14:52:56.751,  0.0
09.12.2025 14:53:00.761,  0.0
09.12.2025 14:53:04.751,  0.0
09.12.2025 14:53:08.761,  0.0
09.12.2025 14:53:12.761,  0.0
09.12.2025 14:53:16.751,  0.0
09.12.2025 14:53:20.761,  0.0
09.12.2025 14:53:24.761,  0.0
09.12.2025 14:53:28.751,  0.0
09.12.2025 14:53:32.751,  0.0
09.12.2025 14:53:36.751,  0.0
09.12.2025 14:53:40.761,  0.0
09.12.2025 14:53:44.751,  0.0
09.12.2025 14:53:48.761,  0.0
09.12.2025 14:53:52.761,  0.0
09.12.2025 14:53:56.751,  0.0
09.12.2025 14:54:00.761,  0.0
09.12.2025 14:54:04.751,  0.0
09.12.2025 14:54:08.751,  0.0
09.12.2025 14:54:12.761,  0.0
09.12.2025 14:54:16.751,  0.0
09.12.2025 14:54:20.761,  0.0
09.12.2025 14:54:24.761,  0.0
09.12.2025 14:54:28.762,  0.0
09.12.2025 14:54:32.751,  0.0
09.12.2025 14:54:36.771,  0.0
09.12.2025 14:54:40.771,  0.0
09.12.2025 14:54:44.771,  0.0
09.12.2025 14:54:48.761,  0.0
09.12.2025 14:54:52.771,  0.0
09.12.2025 14:54:56.772,  0.0
09.12.2025 14:55:00.771,  0.0
09.12.2025 14:55:04.771,  0.0
09.12.2025 14:55:08.778,  0.0
09.12.2025 14:55:12.788,  0.0
09.12.2025 14:55:16.788,  0.0
09.12.2025 14:55:20.778,  0.0
09.12.2025 14:55:24.788,  0.0
09.12.2025 14:55:28.788,  0.0
09.12.2025 14:55:32.788,  0.0
09.12.2025 14:55:36.778,  0.0
09.12.2025 14:55:40.778,  0.0
09.12.2025 14:55:44.788,  0.0
09.12.2025 14:55:48.788,  0.0
09.12.2025 14:55:52.789,  0.0
09.12.2025 14:55:56.779,  0.0
09.12.2025 14:56:00.798,  0.0
09.12.2025 14:56:04.788,  0.0
09.12.2025 14:56:08.799,  0.0
09.12.2025 14:56:13.798,  1.0
09.12.2025 14:56:17.799,  0.7
09.12.2025 14:56:21.798,  0.6
09.12.2025 14:56:25.788,  0.7
09.12.2025 14:56:29.788,  0.7
09.12.2025 14:56:33.798,  0.7
09.12.2025 14:56:37.798,  0.6
09.12.2025 14:56:41.788,  0.6
09.12.2025 14:56:45.798,  0.5
09.12.2025 14:56:49.798,  0.5
09.12.2025 14:56:53.788,  0.4
09.12.2025 14:56:57.788,  0.3
09.12.2025 14:57:01.798,  0.3
09.12.2025 14:57:05.798,  0.2
09.12.2025 14:57:09.888,  0.3
09.12.2025 14:57:13.798,  0.4
09.12.2025 14:57:17.788,  0.5
09.12.2025 14:57:21.798,  0.5
09.12.2025 14:57:25.788,  0.5
09.12.2025 14:57:29.799,  0.5
09.12.2025 14:57:33.798,  0.5
09.12.2025 14:57:37.798,  0.5
09.12.2025 14:57:41.798,  0.5
09.12.2025 14:57:45.798,  0.5
09.12.2025 14:57:49.798,  0.6
09.12.2025 14:57:53.788,  0.5
09.12.2025 14:57:57.799,  0.5
09.12.2025 14:58:01.798,  0.5
09.12.2025 14:58:05.798,  0.6
09.12.2025 14:58:09.798,  0.5
09.12.2025 14:58:13.798,  0.6
09.12.2025 14:58:17.788,  0.6
09.12.2025 14:58:21.798,  0.5
09.12.2025 14:58:25.799,  0.6
09.12.2025 14:58:29.798,  0.6
09.12.2025 14:58:33.799,  0.6
09.12.2025 14:58:37.798,  0.5
09.12.2025 14:58:41.808,  0.5
09.12.2025 14:58:45.798,  0.5
09.12.2025 14:58:49.808,  0.5
09.12.2025 14:58:53.809,  0.6
09.12.2025 14:58:57.808,  0.5
09.12.2025 14:59:01.818,  0.5
09.12.2025 14:59:05.818,  0.5
09.12.2025 14:59:09.828,  0.5
09.12.2025 14:59:13.838,  0.5
09.12.2025 14:59:17.848,  0.6
09.12.2025 14:59:21.848,  0.5
09.12.2025 14:59:25.838,  0.5
09.12.2025 14:59:29.848,  0.5
09.12.2025 14:59:33.838,  0.5
09.12.2025 14:59:37.848,  0.5
09.12.2025 14:59:41.848,  0.6
09.12.2025 14:59:45.848,  0.5
09.12.2025 14:59:49.849,  0.5
09.12.2025 14:59:53.848,  0.5
09.12.2025 14:59:57.848,  0.5
09.12.2025 15:00:01.838,  0.5
09.12.2025 15:00:05.848,  0.5
09.12.2025 15:00:09.866,  0.6
09.12.2025 15:00:13.856,  0.6
09.12.2025 15:00:17.866,  0.6
09.12.2025 15:00:21.866,  0.5
09.12.2025 15:00:25.856,  0.6
09.12.2025 15:00:29.866,  0.6
09.12.2025 15:00:33.856,  0.6
09.12.2025 15:00:37.856,  0.6
09.12.2025 15:00:41.866,  0.6
09.12.2025 15:00:45.856,  0.6
09.12.2025 15:00:49.856,  0.5
09.12.2025 15:00:53.876,  0.5
09.12.2025 15:00:57.867,  0.6
09.12.2025 15:01:01.976,  0.5
09.12.2025 15:01:05.886,  0.6
09.12.2025 15:01:09.896,  0.6
09.12.2025 15:01:13.896,  0.6
09.12.2025 15:01:17.896,  0.5
09.12.2025 15:01:21.906,  0.6
09.12.2025 15:01:25.916,  0.5
09.12.2025 15:01:29.916,  0.6
09.12.2025 15:01:33.916,  0.5
09.12.2025 15:01:37.906,  0.5
09.12.2025 15:01:41.916,  0.5
09.12.2025 15:01:45.906,  0.6
09.12.2025 15:01:49.916,  0.6
09.12.2025 15:01:53.906,  0.6
09.12.2025 15:01:57.926,  0.5
09.12.2025 15:02:01.937,  0.5
09.12.2025 15:02:05.926,  0.6
09.12.2025 15:02:09.936,  0.5
09.12.2025 15:02:13.936,  0.6
09.12.2025 15:02:17.936,  0.5
09.12.2025 15:02:21.926,  0.5
09.12.2025 15:02:25.926,  0.5
09.12.2025 15:02:29.936,  0.5
09.12.2025 15:02:33.937,  0.5
09.12.2025 15:02:37.926,  0.5
09.12.2025 15:02:41.926,  0.6
09.12.2025 15:02:46.056,  0.5
09.12.2025 15:02:49.936,  0.5
09.12.2025 15:02:53.926,  0.5
09.12.2025 15:02:57.936,  0.5
09.12.2025 15:03:01.936,  0.6
09.12.2025 15:03:05.926,  0.6
09.12.2025 15:03:09.946,  0.6
09.12.2025 15:03:13.936,  0.5
09.12.2025 15:03:17.946,  0.5
09.12.2025 15:03:21.946,  0.5
09.12.2025 15:03:26.056,  0.5
09.12.2025 15:03:30.056,  0.6
09.12.2025 15:03:33.956,  0.6
09.12.2025 15:03:37.956,  0.6
09.12.2025 15:03:41.956,  0.5
09.12.2025 15:03:45.946,  0.6
09.12.2025 15:03:49.956,  0.5
09.12.2025 15:03:53.946,  0.6
09.12.2025 15:03:57.946,  0.6
09.12.2025 15:04:01.956,  0.6
09.12.2025 15:04:05.956,  0.5
09.12.2025 15:04:09.946,  0.5
09.12.2025 15:04:13.946,  0.6
09.12.2025 15:04:17.946,  0.5
09.12.2025 15:04:21.956,  0.5
09.12.2025 15:04:25.946,  0.5
09.12.2025 15:04:29.956,  0.6
09.12.2025 15:04:33.956,  0.6
09.12.2025 15:04:37.956,  0.5
09.12.2025 15:04:41.957,  0.6
09.12.2025 15:04:45.946,  0.6
09.12.2025 15:04:49.946,  0.6
09.12.2025 15:04:53.946,  0.5
09.12.2025 15:04:57.956,  0.5
09.12.2025 15:05:01.956,  0.6
09.12.2025 15:05:05.946,  0.5
09.12.2025 15:05:09.954,  0.6
09.12.2025 15:05:13.964,  0.5
09.12.2025 15:05:17.964,  0.6
09.12.2025 15:05:21.964,  0.5
09.12.2025 15:05:25.954,  0.5
09.12.2025 15:05:29.964,  0.5
09.12.2025 15:05:33.964,  0.6
09.12.2025 15:05:37.954,  0.6
09.12.2025 15:05:41.964,  0.6
09.12.2025 15:05:45.964,  0.5
09.12.2025 15:05:49.964,  0.5
09.12.2025 15:05:53.954,  0.5
09.12.2025 15:05:57.964,  0.5
09.12.2025 15:06:01.974,  0.6
09.12.2025 15:06:05.964,  0.6
09.12.2025 15:06:09.984,  0.5
09.12.2025 15:06:13.984,  0.6
09.12.2025 15:06:17.974,  0.5
09.12.2025 15:06:21.974,  0.5
09.12.2025 15:06:25.985,  0.5
09.12.2025 15:06:29.984,  0.5
09.12.2025 15:06:33.985,  0.5
09.12.2025 15:06:37.984,  0.5
09.12.2025 15:06:41.974,  0.5
09.12.2025 15:06:45.984,  0.5
09.12.2025 15:06:49.974,  0.5
09.12.2025 15:06:53.984,  0.5
09.12.2025 15:06:57.984,  0.5
09.12.2025 15:07:01.974,  0.5
09.12.2025 15:07:05.994,  0.5
09.12.2025 15:07:09.994,  0.5
09.12.2025 15:07:13.984,  0.5
09.12.2025 15:07:17.984,  0.5
09.12.2025 15:07:21.994,  0.6
09.12.2025 15:07:25.994,  0.6
09.12.2025 15:07:30.004,  0.5
09.12.2025 15:07:33.994,  0.6
09.12.2025 15:07:38.005,  0.5
09.12.2025 15:07:42.004,  0.0
09.12.2025 15:07:46.004,  0.0
09.12.2025 15:07:50.004,  0.0
09.12.2025 15:07:54.005,  0.0
09.12.2025 15:07:57.994,  0.0
09.12.2025 15:08:02.004,  0.0
09.12.2025 15:08:05.994,  0.0
09.12.2025 15:08:09.994,  0.0
09.12.2025 15:08:14.004,  0.0
09.12.2025 15:08:18.004,  0.0
09.12.2025 15:08:21.994,  0.0
09.12.2025 15:08:26.004,  0.0
09.12.2025 15:08:30.004,  0.0
09.12.2025 15:08:34.004,  0.0
09.12.2025 15:08:38.004,  0.0
09.12.2025 15:08:42.014,  0.0
09.12.2025 15:08:46.014,  0.0
09.12.2025 15:08:50.014,  0.0
09.12.2025 15:08:54.004,  0.0
09.12.2025 15:08:58.014,  0.0
09.12.2025 15:09:02.004,  0.0
09.12.2025 15:09:06.004,  0.0
09.12.2025 15:09:10.014,  0.0
09.12.2025 15:09:14.004,  0.0
09.12.2025 15:09:18.004,  0.0
09.12.2025 15:09:22.004,  0.0
09.12.2025 15:09:26.014,  0.0
09.12.2025 15:09:30.014,  0.0
09.12.2025 15:09:34.004,  0.0
09.12.2025 15:09:38.014,  0.0
09.12.2025 15:09:42.014,  0.0
09.12.2025 15:09:46.014,  0.0
09.12.2025 15:09:50.014,  0.0
09.12.2025 15:09:54.024,  0.0
09.12.2025 15:09:58.014,  0.0
09.12.2025 15:10:02.024,  0.0
09.12.2025 15:10:06.014,  0.0
09.12.2025 15:10:10.044,  0.0
09.12.2025 15:10:14.034,  0.0
09.12.2025 15:10:18.044,  0.0
09.12.2025 15:10:22.044,  0.0
09.12.2025 15:10:26.034,  0.0
09.12.2025 15:10:30.044,  0.0
09.12.2025 15:10:34.034,  0.0
09.12.2025 15:10:38.044,  0.0
09.12.2025 15:10:42.044,  0.0
09.12.2025 15:10:46.044,  0.0
09.12.2025 15:10:50.044,  0.0
09.12.2025 15:10:54.034,  0.0
09.12.2025 15:10:58.044,  0.0
09.12.2025 15:11:02.044,  0.0
09.12.2025 15:11:06.044,  0.0
09.12.2025 15:11:10.036,  0.0
09.12.2025 15:11:14.054,  0.0
09.12.2025 15:11:18.044,  0.0
09.12.2025 15:11:22.044,  0.0
09.12.2025 15:11:26.054,  0.0
09.12.2025 15:11:30.054,  0.0
09.12.2025 15:11:34.044,  0.0
09.12.2025 15:11:38.044,  0.0
09.12.2025 15:11:42.054,  0.0
09.12.2025 15:11:46.044,  0.0
09.12.2025 15:11:50.044,  0.0
09.12.2025 15:11:54.054,  0.0
09.12.2025 15:11:58.044,  0.0
09.12.2025 15:12:02.054,  0.0
09.12.2025 15:12:06.054,  0.0
09.12.2025 15:12:10.054,  0.0
09.12.2025 15:12:14.054,  0.0
09.12.2025 15:12:18.054,  0.0
09.12.2025 15:12:22.054,  0.0
09.12.2025 15:12:26.054,  0.0
09.12.2025 15:12:30.044,  0.0
09.12.2025 15:12:34.054,  0.0
09.12.2025 15:12:38.144,  0.0
09.12.2025 15:12:42.054,  0.0
09.12.2025 15:12:46.044,  0.0
09.12.2025 15:12:50.054,  0.0
09.12.2025 15:12:54.054,  0.0
09.12.2025 15:12:58.054,  0.0
09.12.2025 15:13:02.054,  0.0
09.12.2025 15:13:06.055,  0.0
09.12.2025 15:13:10.055,  0.0
09.12.2025 15:13:14.054,  0.0
09.12.2025 15:13:18.044,  0.0
09.12.2025 15:13:22.134,  0.0
09.12.2025 15:13:26.044,  0.0
09.12.2025 15:13:30.054,  0.0
09.12.2025 15:13:34.054,  0.0
09.12.2025 15:13:38.144,  0.0
09.12.2025 15:13:42.054,  0.0
09.12.2025 15:13:46.044,  0.0
09.12.2025 15:13:50.044,  0.0
09.12.2025 15:13:54.055,  0.0
09.12.2025 15:13:58.054,  0.0
09.12.2025 15:14:02.054,  0.0
09.12.2025 15:14:06.044,  0.0
09.12.2025 15:14:10.054,  0.0
09.12.2025 15:14:14.054,  0.0
09.12.2025 15:14:18.054,  0.0
09.12.2025 15:14:22.044,  0.0
09.12.2025 15:14:26.054,  0.0
09.12.2025 15:14:30.054,  0.0
09.12.2025 15:14:34.044,  0.0
09.12.2025 15:14:38.055,  0.0
09.12.2025 15:14:42.044,  0.0
09.12.2025 15:14:46.054,  0.0
09.12.2025 15:14:50.054,  0.0
09.12.2025 15:14:54.044,  0.0
09.12.2025 15:14:58.064,  0.0
09.12.2025 15:15:02.064,  0.0
09.12.2025 15:15:06.064,  0.0
09.12.2025 15:15:10.093,  0.0
09.12.2025 15:15:14.093,  0.0
09.12.2025 15:15:22.093,  0.0
09.12.2025 15:15:27.083,  0.9
09.12.2025 15:15:31.083,  0.7
09.12.2025 15:15:35.093,  0.9
09.12.2025 15:15:39.083,  0.7
09.12.2025 15:15:43.093,  0.6
09.12.2025 15:15:47.083,  0.7
09.12.2025 15:15:51.183,  0.7
09.12.2025 15:15:55.093,  0.7
09.12.2025 15:15:59.093,  0.7
09.12.2025 15:16:03.093,  0.7
09.12.2025 15:16:07.093,  0.8
09.12.2025 15:16:11.083,  0.7
09.12.2025 15:16:15.083,  0.7
09.12.2025 15:16:19.093,  0.7
09.12.2025 15:16:23.083,  0.7
09.12.2025 15:16:27.083,  0.7
09.12.2025 15:16:31.093,  0.7
09.12.2025 15:16:35.093,  0.7
09.12.2025 15:16:39.103,  0.7
09.12.2025 15:16:43.093,  0.7
09.12.2025 15:16:47.103,  0.7
09.12.2025 15:16:51.103,  0.7
09.12.2025 15:16:55.103,  0.7
09.12.2025 15:16:59.093,  0.7
09.12.2025 15:17:03.104,  0.7
09.12.2025 15:17:07.104,  0.7
09.12.2025 15:17:11.093,  0.7
09.12.2025 15:17:15.103,  0.7
09.12.2025 15:17:19.183,  0.7
09.12.2025 15:17:23.103,  0.7
09.12.2025 15:17:27.093,  0.7
09.12.2025 15:17:31.103,  0.7
09.12.2025 15:17:35.093,  0.7
09.12.2025 15:17:39.093,  0.7
09.12.2025 15:17:43.103,  0.7
09.12.2025 15:17:47.093,  0.7
09.12.2025 15:17:51.093,  0.7
09.12.2025 15:17:55.103,  0.7
09.12.2025 15:17:59.093,  0.7
09.12.2025 15:18:03.103,  0.7
09.12.2025 15:18:07.093,  0.7
09.12.2025 15:18:11.103,  0.7
09.12.2025 15:18:15.103,  0.7
09.12.2025 15:18:19.103,  0.7
09.12.2025 15:18:23.103,  0.7
09.12.2025 15:18:27.103,  0.7
09.12.2025 15:18:31.093,  0.7
09.12.2025 15:18:35.093,  0.7
09.12.2025 15:18:39.103,  0.7
09.12.2025 15:18:43.103,  0.7
09.12.2025 15:18:47.093,  0.7
09.12.2025 15:18:51.103,  0.7
09.12.2025 15:18:55.103,  0.7
09.12.2025 15:18:59.093,  0.7
09.12.2025 15:19:03.103,  0.7
09.12.2025 15:19:07.104,  0.7
09.12.2025 15:19:11.113,  0.7
09.12.2025 15:19:15.113,  0.7
09.12.2025 15:19:19.103,  0.7
09.12.2025 15:19:23.113,  0.7
09.12.2025 15:19:27.103,  0.7
09.12.2025 15:19:31.113,  0.7
09.12.2025 15:19:35.114,  0.7
09.12.2025 15:19:39.113,  0.7
09.12.2025 15:19:43.103,  0.7
09.12.2025 15:19:47.103,  0.7
09.12.2025 15:19:51.113,  0.7
09.12.2025 15:19:55.103,  0.7
09.12.2025 15:19:59.103,  0.7
09.12.2025 15:20:03.113,  0.7
09.12.2025 15:20:07.122,  0.7
09.12.2025 15:20:11.132,  0.7
09.12.2025 15:20:15.122,  0.7
09.12.2025 15:20:19.132,  0.7
09.12.2025 15:20:23.132,  0.7
09.12.2025 15:20:27.122,  0.7
09.12.2025 15:20:31.132,  0.7
09.12.2025 15:20:35.132,  0.7
09.12.2025 15:20:39.132,  0.7
09.12.2025 15:20:43.133,  0.7
09.12.2025 15:20:47.132,  0.7
09.12.2025 15:20:51.133,  0.7
09.12.2025 15:20:55.132,  0.7
09.12.2025 15:20:59.132,  0.7
09.12.2025 15:21:03.132,  0.0
09.12.2025 15:21:07.132,  0.0
09.12.2025 15:21:11.142,  0.0
09.12.2025 15:21:15.132,  0.0
09.12.2025 15:21:19.142,  0.0
09.12.2025 15:21:23.132,  0.0
09.12.2025 15:21:27.132,  0.0
09.12.2025 15:21:31.142,  0.0
09.12.2025 15:21:35.142,  0.0
09.12.2025 15:21:39.142,  0.0
09.12.2025 15:21:43.142,  0.0
09.12.2025 15:21:47.152,  0.0
09.12.2025 15:21:51.152,  0.0
09.12.2025 15:21:55.142,  0.0
09.12.2025 15:21:59.152,  0.0
09.12.2025 15:22:03.142,  0.0
09.12.2025 15:22:07.152,  0.0
09.12.2025 15:22:11.152,  0.0
09.12.2025 15:22:15.152,  0.0
09.12.2025 15:22:19.142,  0.0
09.12.2025 15:22:23.142,  0.0
09.12.2025 15:22:27.152,  0.0
09.12.2025 15:22:31.152,  0.0
09.12.2025 15:22:35.143,  0.0
09.12.2025 15:22:39.162,  0.0
09.12.2025 15:22:43.162,  0.0
09.12.2025 15:22:47.162,  0.0
09.12.2025 15:22:51.262,  0.0
09.12.2025 15:22:55.163,  0.0
09.12.2025 15:22:59.152,  0.0
09.12.2025 15:23:03.162,  0.0
09.12.2025 15:23:07.162,  0.0
09.12.2025 15:23:11.152,  0.0
09.12.2025 15:23:15.162,  0.0
09.12.2025 15:23:19.152,  0.0
09.12.2025 15:23:23.152,  0.0
09.12.2025 15:23:27.162,  0.0
09.12.2025 15:23:31.162,  0.0
09.12.2025 15:23:35.162,  0.0
09.12.2025 15:23:39.162,  0.0
09.12.2025 15:23:43.162,  0.0
09.12.2025 15:23:47.152,  0.0
09.12.2025 15:23:51.162,  0.0
09.12.2025 15:23:55.152,  0.0
09.12.2025 15:23:59.152,  0.0
09.12.2025 15:24:03.162,  0.0
09.12.2025 15:24:07.162,  0.0
09.12.2025 15:24:11.162,  0.0
09.12.2025 15:24:15.152,  0.0
09.12.2025 15:24:19.152,  0.0
09.12.2025 15:24:23.262,  0.0
09.12.2025 15:24:27.172,  0.0
09.12.2025 15:24:31.182,  0.0
09.12.2025 15:24:35.172,  0.0
09.12.2025 15:24:39.182,  0.0
09.12.2025 15:24:43.172,  0.0
09.12.2025 15:24:47.182,  0.0
09.12.2025 15:24:51.182,  0.0
09.12.2025 15:24:55.182,  0.0
09.12.2025 15:24:59.172,  0.0
09.12.2025 15:25:03.182,  0.0
09.12.2025 15:25:07.210,  0.0
09.12.2025 15:25:11.210,  0.0
09.12.2025 15:25:15.209,  0.0
09.12.2025 15:25:19.209,  0.0
09.12.2025 15:25:23.209,  0.0
09.12.2025 15:25:27.210,  0.0
09.12.2025 15:25:31.199,  0.0
09.12.2025 15:25:35.209,  0.0
09.12.2025 15:25:39.199,  0.0
09.12.2025 15:25:43.199,  0.0
09.12.2025 15:25:47.209,  0.0
09.12.2025 15:25:51.210,  0.0
09.12.2025 15:25:55.209,  0.0
09.12.2025 15:25:59.199,  0.0
09.12.2025 15:26:03.209,  0.0
09.12.2025 15:26:07.209,  0.0
09.12.2025 15:26:11.199,  0.0
09.12.2025 15:26:15.209,  0.0
09.12.2025 15:26:19.199,  0.0
09.12.2025 15:26:23.210,  0.0
09.12.2025 15:26:27.209,  0.0
09.12.2025 15:26:31.199,  0.0
09.12.2025 15:26:35.209,  0.0
09.12.2025 15:26:39.199,  0.0
09.12.2025 15:26:43.209,  0.0
09.12.2025 15:26:47.209,  0.0
09.12.2025 15:26:51.199,  0.0
09.12.2025 15:26:55.209,  0.0
09.12.2025 15:26:59.209,  0.0
09.12.2025 15:27:03.209,  0.0
09.12.2025 15:27:07.209,  0.0
09.12.2025 15:27:11.209,  0.0
09.12.2025 15:27:15.210,  0.0
09.12.2025 15:27:19.209,  0.0
09.12.2025 15:27:23.199,  0.0
09.12.2025 15:27:27.199,  0.0
09.12.2025 15:27:31.199,  0.0
09.12.2025 15:27:35.209,  0.0
09.12.2025 15:27:39.209,  0.0
09.12.2025 15:27:43.199,  0.0
09.12.2025 15:27:47.209,  0.0
09.12.2025 15:27:51.309,  0.0
09.12.2025 15:27:55.199,  0.0
09.12.2025 15:27:59.209,  0.0
09.12.2025 15:28:03.209,  0.0
09.12.2025 15:28:07.199,  0.0
09.12.2025 15:28:11.209,  0.0
09.12.2025 15:28:15.199,  0.0
09.12.2025 15:28:19.209,  0.0
09.12.2025 15:28:23.209,  0.0
09.12.2025 15:28:27.199,  0.0
09.12.2025 15:28:31.209,  0.0
09.12.2025 15:28:35.199,  0.0
09.12.2025 15:28:39.209,  0.0
09.12.2025 15:28:43.309,  0.0
09.12.2025 15:28:47.209,  0.0
09.12.2025 15:28:51.209,  0.0
09.12.2025 15:28:55.209,  0.0
09.12.2025 15:28:59.209,  0.0
09.12.2025 15:29:03.199,  0.0
09.12.2025 15:29:07.209,  0.0
09.12.2025 15:29:11.209,  0.0
09.12.2025 15:29:15.199,  0.0
09.12.2025 15:29:19.209,  0.0
09.12.2025 15:29:23.209,  0.0
09.12.2025 15:29:27.209,  0.0
09.12.2025 15:29:31.199,  0.0
09.12.2025 15:29:35.209,  0.0
09.12.2025 15:29:39.219,  0.0
09.12.2025 15:29:43.219,  0.0
09.12.2025 15:29:48.209,  0.5
09.12.2025 15:29:52.219,  0.5
09.12.2025 15:29:56.209,  0.5
09.12.2025 15:30:00.209,  0.4
09.12.2025 15:30:04.219,  0.4
09.12.2025 15:30:08.228,  0.3
09.12.2025 15:30:12.228,  0.3
09.12.2025 15:30:16.229,  0.3
09.12.2025 15:30:20.238,  0.4
09.12.2025 15:30:24.238,  0.4
09.12.2025 15:30:28.238,  0.4
09.12.2025 15:30:32.248,  0.4
09.12.2025 15:30:36.259,  0.4
09.12.2025 15:30:40.259,  0.4
09.12.2025 15:30:44.268,  0.4
09.12.2025 15:30:48.258,  0.4
09.12.2025 15:30:52.268,  0.4
09.12.2025 15:30:56.258,  0.4
09.12.2025 15:31:00.259,  0.4
09.12.2025 15:31:04.278,  0.4
09.12.2025 15:31:08.278,  0.4
09.12.2025 15:31:12.268,  0.4
09.12.2025 15:31:16.278,  0.4
09.12.2025 15:31:20.278,  0.4
09.12.2025 15:31:24.268,  0.4
09.12.2025 15:31:28.278,  0.4
09.12.2025 15:31:32.268,  0.4
09.12.2025 15:31:36.268,  0.4
09.12.2025 15:31:40.278,  0.4
09.12.2025 15:31:44.268,  0.4
09.12.2025 15:31:48.289,  0.4
09.12.2025 15:31:52.288,  0.4
09.12.2025 15:31:56.298,  0.4
09.12.2025 15:32:00.288,  0.4
09.12.2025 15:32:04.298,  0.4
09.12.2025 15:32:08.298,  0.4
09.12.2025 15:32:12.298,  0.4
09.12.2025 15:32:16.288,  0.4
09.12.2025 15:32:20.298,  0.4
09.12.2025 15:32:24.298,  0.4
09.12.2025 15:32:28.288,  0.4
09.12.2025 15:32:32.298,  0.4
09.12.2025 15:32:36.288,  0.4
09.12.2025 15:32:40.298,  0.4
09.12.2025 15:32:44.288,  0.4
09.12.2025 15:32:48.298,  0.4
09.12.2025 15:32:52.298,  0.3
09.12.2025 15:32:56.388,  0.4
09.12.2025 15:33:00.298,  0.4
09.12.2025 15:33:04.308,  0.4
09.12.2025 15:33:08.308,  0.3
09.12.2025 15:33:12.298,  0.4
09.12.2025 15:33:16.308,  0.4
09.12.2025 15:33:20.298,  0.4
09.12.2025 15:33:24.308,  0.3
09.12.2025 15:33:28.308,  0.4
09.12.2025 15:33:32.309,  0.4
09.12.2025 15:33:36.308,  0.4
09.12.2025 15:33:40.308,  0.3
09.12.2025 15:33:44.308,  0.4
09.12.2025 15:33:48.308,  0.4
09.12.2025 15:33:52.308,  0.4
09.12.2025 15:33:56.298,  0.4
09.12.2025 15:34:00.310,  0.4
09.12.2025 15:34:04.298,  0.4
09.12.2025 15:34:08.309,  0.4
09.12.2025 15:34:12.308,  0.4
09.12.2025 15:34:16.298,  0.4
09.12.2025 15:34:20.308,  0.4
09.12.2025 15:34:24.308,  0.3
09.12.2025 15:34:28.298,  0.4
09.12.2025 15:34:32.298,  0.4
09.12.2025 15:34:36.468,  0.4
09.12.2025 15:34:40.308,  0.4
09.12.2025 15:34:44.308,  0.4
09.12.2025 15:34:48.298,  0.4
09.12.2025 15:34:52.308,  0.4
09.12.2025 15:34:56.309,  0.4
09.12.2025 15:35:00.298,  0.4
09.12.2025 15:35:04.308,  0.4
09.12.2025 15:35:08.316,  0.4
09.12.2025 15:35:12.326,  0.4
09.12.2025 15:35:16.326,  0.4
09.12.2025 15:35:20.316,  0.4
09.12.2025 15:35:24.326,  0.4
09.12.2025 15:35:28.316,  0.4
09.12.2025 15:35:32.326,  0.4
09.12.2025 15:35:36.316,  0.4
09.12.2025 15:35:40.326,  0.4
09.12.2025 15:35:44.326,  0.4
09.12.2025 15:35:48.326,  0.4
09.12.2025 15:35:52.316,  0.4
09.12.2025 15:35:56.476,  0.4
09.12.2025 15:36:00.326,  0.4
09.12.2025 15:36:04.326,  0.4
09.12.2025 15:36:08.326,  0.4
09.12.2025 15:36:12.316,  0.4
09.12.2025 15:36:16.326,  0.4
09.12.2025 15:36:20.316,  0.4
09.12.2025 15:36:24.326,  0.4
09.12.2025 15:36:28.326,  0.4
09.12.2025 15:36:32.316,  0.4
09.12.2025 15:36:36.326,  0.4
09.12.2025 15:36:40.326,  0.4
09.12.2025 15:36:44.326,  0.4
09.12.2025 15:36:48.336,  0.4
09.12.2025 15:36:52.326,  0.4
09.12.2025 15:36:56.336,  0.4
09.12.2025 15:37:00.326,  0.0
09.12.2025 15:37:04.336,  0.0
09.12.2025 15:37:08.336,  0.0
09.12.2025 15:37:12.326,  0.0
09.12.2025 15:37:16.336,  0.0
09.12.2025 15:37:20.336,  0.0
09.12.2025 15:37:24.337,  0.0
09.12.2025 15:37:28.326,  0.0
09.12.2025 15:37:32.326,  0.0
09.12.2025 15:37:36.346,  0.0
09.12.2025 15:37:40.346,  0.0
09.12.2025 15:37:44.336,  0.0
09.12.2025 15:37:48.347,  0.0
09.12.2025 15:37:52.346,  0.0
09.12.2025 15:37:56.336,  0.0
09.12.2025 15:38:00.336,  0.0
09.12.2025 15:38:04.346,  0.0
09.12.2025 15:38:08.336,  0.0
09.12.2025 15:38:12.346,  0.0
09.12.2025 15:38:16.337,  0.0
09.12.2025 15:38:20.346,  0.0
09.12.2025 15:38:24.356,  0.0
09.12.2025 15:38:28.346,  0.0
09.12.2025 15:38:32.356,  0.0
09.12.2025 15:38:36.476,  0.0
09.12.2025 15:38:40.356,  0.0
09.12.2025 15:38:44.356,  0.0
09.12.2025 15:38:48.346,  0.0
09.12.2025 15:38:52.346,  0.0
09.12.2025 15:38:56.466,  0.0
09.12.2025 15:39:00.356,  0.0
09.12.2025 15:39:04.436,  0.0
09.12.2025 15:39:08.356,  0.0
09.12.2025 15:39:12.356,  0.0
09.12.2025 15:39:16.346,  0.0
09.12.2025 15:39:20.356,  0.0
09.12.2025 15:39:24.346,  0.0
09.12.2025 15:39:28.356,  0.0
09.12.2025 15:39:32.356,  0.0
09.12.2025 15:39:36.356,  0.0
09.12.2025 15:39:40.356,  0.0
09.12.2025 15:39:44.356,  0.0
09.12.2025 15:39:48.366,  0.0
09.12.2025 15:39:52.366,  0.0
09.12.2025 15:39:56.366,  0.0
09.12.2025 15:40:00.356,  0.0
09.12.2025 15:40:04.366,  0.0
09.12.2025 15:40:08.376,  0.0
09.12.2025 15:40:12.366,  0.0
09.12.2025 15:40:16.376,  0.0
09.12.2025 15:40:20.377,  0.0
09.12.2025 15:40:24.366,  0.0
09.12.2025 15:40:28.476,  0.0
09.12.2025 15:40:32.366,  0.0
09.12.2025 15:40:36.376,  0.0
09.12.2025 15:40:40.366,  0.0
09.12.2025 15:40:44.366,  0.0
09.12.2025 15:40:48.376,  0.0
09.12.2025 15:40:52.377,  0.0
09.12.2025 15:40:56.476,  0.0
09.12.2025 15:41:00.376,  0.0
09.12.2025 15:41:04.386,  0.0
09.12.2025 15:41:08.386,  0.0
09.12.2025 15:41:12.376,  0.0
09.12.2025 15:41:16.376,  0.0
09.12.2025 15:41:20.397,  0.0
09.12.2025 15:41:24.386,  0.0
09.12.2025 15:41:28.396,  0.0
09.12.2025 15:41:32.386,  0.0
09.12.2025 15:41:36.386,  0.0
09.12.2025 15:41:40.396,  0.0
09.12.2025 15:41:44.386,  0.0
09.12.2025 15:41:48.556,  0.0
09.12.2025 15:41:52.396,  0.0
09.12.2025 15:41:56.386,  0.0
09.12.2025 15:42:00.396,  0.0
09.12.2025 15:42:04.386,  0.0
09.12.2025 15:42:08.396,  0.0
09.12.2025 15:42:12.386,  0.0
09.12.2025 15:42:16.396,  0.0
09.12.2025 15:42:20.396,  0.0
09.12.2025 15:42:24.386,  0.0
09.12.2025 15:42:28.386,  0.0
09.12.2025 15:42:32.386,  0.0
09.12.2025 15:42:36.386,  0.0
09.12.2025 15:42:40.396,  0.0
09.12.2025 15:42:44.396,  0.0
09.12.2025 15:42:48.386,  0.0
09.12.2025 15:42:52.556,  0.0
09.12.2025 15:42:58.397,  0.2
09.12.2025 15:43:02.396,  0.2
09.12.2025 15:43:06.386,  0.2
09.12.2025 15:43:10.396,  0.2
09.12.2025 15:43:14.396,  0.2
09.12.2025 15:43:18.386,  0.2
09.12.2025 15:43:22.396,  0.2
09.12.2025 15:43:26.386,  0.2
09.12.2025 15:43:30.396,  0.2
09.12.2025 15:43:34.397,  0.2
09.12.2025 15:43:38.406,  0.2
09.12.2025 15:43:42.407,  0.2
09.12.2025 15:43:46.406,  0.2
09.12.2025 15:43:50.407,  0.2
09.12.2025 15:43:54.506,  0.2
09.12.2025 15:43:58.406,  0.2
09.12.2025 15:44:02.396,  0.2
09.12.2025 15:44:06.406,  0.2
09.12.2025 15:44:10.396,  0.2
09.12.2025 15:44:14.406,  0.2
09.12.2025 15:44:18.396,  0.2
09.12.2025 15:44:22.406,  0.2
09.12.2025 15:44:26.406,  0.2
09.12.2025 15:44:30.406,  0.2
09.12.2025 15:44:34.407,  0.2
09.12.2025 15:44:38.406,  0.2
09.12.2025 15:44:42.396,  0.2
09.12.2025 15:44:46.406,  0.2
09.12.2025 15:44:50.406,  0.2
09.12.2025 15:44:54.396,  0.2
09.12.2025 15:44:58.406,  0.2
09.12.2025 15:45:02.396,  0.2
09.12.2025 15:45:06.406,  0.2
09.12.2025 15:45:10.413,  0.2
09.12.2025 15:45:14.423,  0.2
09.12.2025 15:45:18.424,  0.2
09.12.2025 15:45:22.423,  0.2
09.12.2025 15:45:26.423,  0.2
09.12.2025 15:45:30.413,  0.2
09.12.2025 15:45:34.423,  0.2
09.12.2025 15:45:38.423,  0.2
09.12.2025 15:45:42.423,  0.2
09.12.2025 15:45:46.423,  0.2
09.12.2025 15:45:50.423,  0.2
09.12.2025 15:45:54.413,  0.2
09.12.2025 15:45:58.424,  0.2
09.12.2025 15:46:02.424,  0.2
09.12.2025 15:46:06.413,  0.2
09.12.2025 15:46:10.423,  0.2
09.12.2025 15:46:14.434,  0.2
09.12.2025 15:46:18.433,  0.0
09.12.2025 15:46:22.433,  0.0
09.12.2025 15:46:26.433,  0.0
09.12.2025 15:46:30.423,  0.0
09.12.2025 15:46:34.433,  0.0
09.12.2025 15:46:38.423,  0.0
09.12.2025 15:46:42.433,  0.0
09.12.2025 15:46:46.423,  0.0
09.12.2025 15:46:50.443,  0.0
09.12.2025 15:46:54.444,  0.0
09.12.2025 15:46:58.444,  0.0
09.12.2025 15:47:02.433,  0.0
09.12.2025 15:47:06.443,  0.0
09.12.2025 15:47:10.443,  0.0
09.12.2025 15:47:14.443,  0.0
09.12.2025 15:47:18.443,  0.0
09.12.2025 15:47:22.443,  0.0
09.12.2025 15:47:26.433,  0.0
09.12.2025 15:47:30.443,  0.0
09.12.2025 15:47:34.443,  0.0
09.12.2025 15:47:38.443,  0.0
09.12.2025 15:47:42.433,  0.0
09.12.2025 15:47:46.433,  0.0
09.12.2025 15:47:50.433,  0.0
09.12.2025 15:47:54.443,  0.0
09.12.2025 15:47:58.433,  0.0
09.12.2025 15:48:02.443,  0.0
09.12.2025 15:48:06.444,  0.0
09.12.2025 15:48:10.553,  0.0
09.12.2025 15:48:14.443,  0.0
09.12.2025 15:48:18.433,  0.0
09.12.2025 15:48:22.443,  0.0
09.12.2025 15:48:26.443,  0.0
09.12.2025 15:48:30.433,  0.0
09.12.2025 15:48:34.443,  0.0
09.12.2025 15:48:38.433,  0.0
09.12.2025 15:48:42.443,  0.0
09.12.2025 15:48:46.443,  0.0
09.12.2025 15:48:50.443,  0.0
09.12.2025 15:48:54.443,  0.0
09.12.2025 15:48:58.433,  0.0
09.12.2025 15:49:02.433,  0.0
09.12.2025 15:49:06.443,  0.0
09.12.2025 15:49:10.433,  0.0
09.12.2025 15:49:14.443,  0.0
09.12.2025 15:49:18.443,  0.0
09.12.2025 15:49:22.443,  0.0
09.12.2025 15:49:26.444,  0.0
09.12.2025 15:49:30.443,  0.0
09.12.2025 15:49:34.463,  0.0
09.12.2025 15:49:38.463,  0.0
09.12.2025 15:49:42.463,  0.0
09.12.2025 15:49:46.453,  0.0
09.12.2025 15:49:50.463,  0.0
09.12.2025 15:49:54.453,  0.0
09.12.2025 15:49:58.463,  0.0
09.12.2025 15:50:02.463,  0.0
09.12.2025 15:50:06.463,  0.0
09.12.2025 15:50:10.465,  0.0
09.12.2025 15:50:14.475,  0.0
09.12.2025 15:50:18.465,  0.0
09.12.2025 15:50:22.475,  0.0
09.12.2025 15:50:26.465,  0.0
09.12.2025 15:50:30.485,  0.0
09.12.2025 15:50:34.475,  0.0
09.12.2025 15:50:38.485,  0.0
09.12.2025 15:50:42.475,  0.0
09.12.2025 15:50:46.485,  0.0
09.12.2025 15:50:50.605,  0.0
09.12.2025 15:50:54.495,  0.0
09.12.2025 15:50:58.485,  0.0
09.12.2025 15:51:02.495,  0.0
09.12.2025 15:51:06.495,  0.0
09.12.2025 15:51:10.485,  0.0
09.12.2025 15:51:14.495,  0.0
09.12.2025 15:51:18.485,  0.0
09.12.2025 15:51:22.495,  0.0
09.12.2025 15:51:26.485,  0.0
09.12.2025 15:51:30.495,  0.0
09.12.2025 15:51:35.496,  0.0
09.12.2025 15:51:39.495,  0.0
09.12.2025 15:51:43.485,  0.0
09.12.2025 15:51:47.495,  0.0
09.12.2025 15:51:51.495,  0.0
09.12.2025 15:51:55.495,  0.0
09.12.2025 15:51:59.485,  0.0
09.12.2025 15:52:03.495,  0.0
09.12.2025 15:52:07.485,  0.0
09.12.2025 15:52:11.495,  0.0
09.12.2025 15:52:15.496,  0.0
09.12.2025 15:52:19.496,  0.0
09.12.2025 15:52:23.495,  0.0
09.12.2025 15:52:27.495,  0.0
09.12.2025 15:52:31.485,  0.0
09.12.2025 15:52:35.495,  0.0
09.12.2025 15:52:39.496,  0.0
09.12.2025 15:52:43.495,  0.0
09.12.2025 15:52:47.495,  0.0
09.12.2025 15:52:51.485,  0.0
09.12.2025 15:52:55.495,  0.0
09.12.2025 15:52:59.485,  0.0
09.12.2025 15:53:03.485,  0.0
09.12.2025 15:53:07.495,  0.0
09.12.2025 15:53:11.485,  0.0
09.12.2025 15:53:15.495,  1.1
09.12.2025 15:53:19.495,  0.7
09.12.2025 15:53:23.485,  0.7
09.12.2025 15:53:27.495,  0.8
09.12.2025 15:53:31.485,  0.9
09.12.2025 15:53:35.495,  0.8
09.12.2025 15:53:39.495,  0.8
09.12.2025 15:53:43.485,  0.8
09.12.2025 15:53:47.495,  0.8
09.12.2025 15:53:51.485,  0.8
09.12.2025 15:53:55.495,  0.8
09.12.2025 15:53:59.495,  0.8
09.12.2025 15:54:03.595,  0.8
09.12.2025 15:54:07.485,  0.8
09.12.2025 15:54:11.495,  0.8
09.12.2025 15:54:15.595,  0.8
09.12.2025 15:54:19.495,  0.8
09.12.2025 15:54:23.485,  0.8
09.12.2025 15:54:27.495,  0.8
09.12.2025 15:54:31.495,  0.8
09.12.2025 15:54:35.485,  0.8
09.12.2025 15:54:39.495,  0.8
09.12.2025 15:54:43.486,  0.8
09.12.2025 15:54:47.505,  0.8
09.12.2025 15:54:51.505,  0.8
09.12.2025 15:54:55.495,  0.8
09.12.2025 15:54:59.495,  0.8
09.12.2025 15:55:03.495,  0.8
09.12.2025 15:55:07.522,  0.8
09.12.2025 15:55:11.512,  0.8
09.12.2025 15:55:15.512,  0.8
09.12.2025 15:55:19.512,  0.8
09.12.2025 15:55:23.522,  0.8
09.12.2025 15:55:27.522,  0.8
09.12.2025 15:55:31.512,  0.8
09.12.2025 15:55:35.522,  0.8
09.12.2025 15:55:39.512,  0.8
09.12.2025 15:55:43.522,  0.8
09.12.2025 15:55:47.522,  0.8
09.12.2025 15:55:51.522,  0.8
09.12.2025 15:55:55.512,  0.8
09.12.2025 15:55:59.522,  0.8
09.12.2025 15:56:03.512,  0.8
09.12.2025 15:56:07.522,  0.8
09.12.2025 15:56:11.512,  0.8
09.12.2025 15:56:15.522,  0.8
09.12.2025 15:56:19.512,  0.8
09.12.2025 15:56:23.512,  0.8
09.12.2025 15:56:27.532,  0.8
09.12.2025 15:56:31.522,  0.8
09.12.2025 15:56:35.532,  0.7
09.12.2025 15:56:39.522,  0.8
09.12.2025 15:56:43.532,  0.8
09.12.2025 15:56:47.522,  0.8
09.12.2025 15:56:51.533,  0.8
09.12.2025 15:56:55.522,  0.8
09.12.2025 15:56:59.522,  0.8
09.12.2025 15:57:03.532,  0.8
09.12.2025 15:57:07.532,  0.8
09.12.2025 15:57:11.522,  0.8
09.12.2025 15:57:15.532,  0.8
09.12.2025 15:57:19.522,  0.8
09.12.2025 15:57:23.532,  0.8
09.12.2025 15:57:27.522,  0.8
09.12.2025 15:57:31.532,  0.8
09.12.2025 15:57:35.534,  0.8
09.12.2025 15:57:39.532,  0.8
09.12.2025 15:57:43.532,  0.8
09.12.2025 15:57:47.522,  0.8
09.12.2025 15:57:51.532,  0.8
09.12.2025 15:57:55.532,  0.8
09.12.2025 15:57:59.522,  0.8
09.12.2025 15:58:03.532,  0.8
09.12.2025 15:58:07.522,  0.8
09.12.2025 15:58:11.522,  0.8
09.12.2025 15:58:15.522,  0.5
09.12.2025 15:58:19.532,  0.6
09.12.2025 15:58:23.522,  0.0
09.12.2025 15:58:27.532,  0.0
09.12.2025 15:58:31.532,  0.0
09.12.2025 15:58:35.522,  0.0
09.12.2025 15:58:39.532,  0.0
09.12.2025 15:58:43.522,  0.0
09.12.2025 15:58:47.533,  0.0
09.12.2025 15:58:51.642,  0.0
09.12.2025 15:58:55.532,  0.0
09.12.2025 15:58:59.532,  0.0
09.12.2025 15:59:03.642,  0.0
09.12.2025 15:59:07.542,  0.0
09.12.2025 15:59:11.532,  0.0
09.12.2025 15:59:15.542,  0.0
09.12.2025 15:59:19.542,  0.0
09.12.2025 15:59:23.532,  0.0
09.12.2025 15:59:27.532,  0.0
09.12.2025 15:59:31.542,  0.0
09.12.2025 15:59:35.532,  0.0
09.12.2025 15:59:39.542,  0.0
09.12.2025 15:59:43.542,  0.0
09.12.2025 15:59:47.542,  0.0
09.12.2025 15:59:51.532,  0.0
09.12.2025 15:59:55.542,  0.0
09.12.2025 15:59:59.532,  0.0
09.12.2025 16:00:03.542,  0.0
09.12.2025 16:00:07.565,  0.0
09.12.2025 16:00:11.564,  0.0
09.12.2025 16:00:15.564,  0.0
09.12.2025 16:00:19.664,  0.0
09.12.2025 16:00:23.564,  0.0
09.12.2025 16:00:27.554,  0.0
09.12.2025 16:00:31.564,  0.0
09.12.2025 16:00:35.554,  0.0
09.12.2025 16:00:39.564,  0.0
09.12.2025 16:00:43.554,  0.0
09.12.2025 16:00:47.554,  0.0
09.12.2025 16:00:51.564,  0.0
09.12.2025 16:00:55.564,  0.0
09.12.2025 16:00:59.554,  0.0
09.12.2025 16:01:03.564,  0.0
09.12.2025 16:01:07.564,  0.0
09.12.2025 16:01:11.574,  0.0
09.12.2025 16:01:15.564,  0.0
09.12.2025 16:01:19.584,  0.0
09.12.2025 16:01:23.574,  0.0
09.12.2025 16:01:27.584,  0.0
09.12.2025 16:01:31.574,  0.0
09.12.2025 16:01:35.594,  0.0
09.12.2025 16:01:39.584,  0.0
09.12.2025 16:01:43.584,  0.0
09.12.2025 16:01:47.594,  0.0
09.12.2025 16:01:51.694,  0.0
09.12.2025 16:01:55.594,  0.0
09.12.2025 16:01:59.584,  0.0
09.12.2025 16:02:03.594,  0.0
09.12.2025 16:02:07.584,  0.0
09.12.2025 16:02:11.594,  0.0
09.12.2025 16:02:15.594,  0.0
09.12.2025 16:02:19.604,  0.0
09.12.2025 16:02:23.604,  0.0
09.12.2025 16:02:27.594,  0.0
09.12.2025 16:02:31.594,  0.0
09.12.2025 16:02:35.604,  0.0
09.12.2025 16:02:39.594,  0.0
09.12.2025 16:02:43.694,  0.0
09.12.2025 16:02:47.594,  0.0
09.12.2025 16:02:51.604,  0.0
09.12.2025 16:02:55.604,  0.0
09.12.2025 16:02:59.594,  0.0
09.12.2025 16:03:03.594,  0.0
09.12.2025 16:03:07.604,  0.0
09.12.2025 16:03:11.604,  0.0
09.12.2025 16:03:15.605,  0.0
09.12.2025 16:03:19.604,  0.0
09.12.2025 16:03:23.604,  0.0
09.12.2025 16:03:27.594,  0.0
09.12.2025 16:03:31.615,  0.0
09.12.2025 16:03:35.694,  0.0
09.12.2025 16:03:39.604,  0.0
09.12.2025 16:03:43.614,  0.0
09.12.2025 16:03:47.614,  0.0
09.12.2025 16:03:51.604,  0.0
09.12.2025 16:03:55.614,  0.0
09.12.2025 16:03:59.604,  0.0
09.12.2025 16:04:03.614,  0.0
09.12.2025 16:04:07.604,  0.0
09.12.2025 16:04:11.604,  0.0
09.12.2025 16:04:15.614,  0.0
09.12.2025 16:04:19.604,  0.0
09.12.2025 16:04:23.614,  0.0
09.12.2025 16:04:27.615,  0.0
09.12.2025 16:04:31.604,  0.0
09.12.2025 16:04:35.614,  0.0
09.12.2025 16:04:39.604,  0.0
09.12.2025 16:04:43.614,  0.0
09.12.2025 16:04:47.615,  0.0
09.12.2025 16:04:51.604,  0.0
09.12.2025 16:04:55.614,  0.0
09.12.2025 16:04:59.614,  0.0
09.12.2025 16:05:03.604,  0.0
09.12.2025 16:05:07.619,  0.0
09.12.2025 16:05:11.619,  0.0
09.12.2025 16:05:15.619,  0.0
09.12.2025 16:05:19.619,  0.0
09.12.2025 16:05:23.619,  0.0
09.12.2025 16:05:27.619,  0.0
09.12.2025 16:05:31.609,  0.0
09.12.2025 16:05:35.619,  0.0
09.12.2025 16:05:39.620,  0.0
09.12.2025 16:05:43.619,  0.0
09.12.2025 16:05:47.619,  0.0
09.12.2025 16:05:51.609,  0.0
09.12.2025 16:05:55.619,  0.0
09.12.2025 16:05:59.609,  0.0
09.12.2025 16:06:03.619,  0.0
09.12.2025 16:06:07.619,  0.0
09.12.2025 16:06:11.619,  0.0
09.12.2025 16:06:15.619,  0.0
09.12.2025 16:06:19.619,  0.0
09.12.2025 16:06:23.619,  0.0
09.12.2025 16:06:27.619,  0.0
09.12.2025 16:06:31.609,  0.0
09.12.2025 16:06:35.619,  0.0
09.12.2025 16:06:39.609,  0.0
09.12.2025 16:06:43.619,  0.0
09.12.2025 16:06:47.609,  0.0
09.12.2025 16:06:51.619,  0.0
09.12.2025 16:06:55.609,  0.0
09.12.2025 16:06:59.609,  0.0
09.12.2025 16:07:03.619,  0.0
09.12.2025 16:07:07.619,  0.0
09.12.2025 16:07:11.619,  0.0
09.12.2025 16:07:15.619,  0.0
09.12.2025 16:07:19.619,  0.0
09.12.2025 16:07:23.630,  0.0
09.12.2025 16:07:27.629,  0.0
09.12.2025 16:07:31.630,  0.0
09.12.2025 16:07:35.619,  0.0
09.12.2025 16:07:39.629,  0.0
09.12.2025 16:07:43.619,  0.0
09.12.2025 16:07:47.629,  0.0
09.12.2025 16:07:51.619,  0.0
09.12.2025 16:07:55.619,  0.0
09.12.2025 16:07:59.629,  0.0
09.12.2025 16:08:03.619,  0.0
09.12.2025 16:08:07.629,  0.0
09.12.2025 16:08:11.619,  0.0
09.12.2025 16:08:15.630,  0.0
09.12.2025 16:08:19.619,  0.0
09.12.2025 16:08:23.629,  0.0
09.12.2025 16:08:27.619,  0.0
09.12.2025 16:08:31.629,  0.0
09.12.2025 16:08:35.629,  0.0
09.12.2025 16:08:39.619,  0.0
09.12.2025 16:08:43.629,  0.0
09.12.2025 16:08:47.629,  0.0
09.12.2025 16:08:51.619,  0.0
09.12.2025 16:08:55.629,  0.0
09.12.2025 16:08:59.629,  0.0
09.12.2025 16:09:03.719,  0.0
09.12.2025 16:09:07.640,  0.0
09.12.2025 16:09:11.639,  0.0
09.12.2025 16:09:15.639,  0.0
09.12.2025 16:09:19.639,  0.0
09.12.2025 16:09:23.639,  0.0
09.12.2025 16:09:27.629,  0.0
09.12.2025 16:09:31.639,  0.0
09.12.2025 16:09:35.639,  0.0
09.12.2025 16:09:39.639,  0.0
09.12.2025 16:09:43.639,  0.0
09.12.2025 16:09:47.629,  0.0
09.12.2025 16:09:51.639,  0.0
09.12.2025 16:09:55.629,  0.0
09.12.2025 16:09:59.640,  0.0
09.12.2025 16:10:03.629,  0.0
09.12.2025 16:10:07.654,  0.0
09.12.2025 16:10:11.654,  0.0
09.12.2025 16:10:15.644,  0.0
09.12.2025 16:10:19.654,  0.0
09.12.2025 16:10:23.654,  0.0
09.12.2025 16:10:27.654,  0.0
09.12.2025 16:10:31.654,  0.0
09.12.2025 16:10:35.644,  0.0
09.12.2025 16:10:39.734,  0.0
09.12.2025 16:10:43.655,  0.0
09.12.2025 16:10:47.654,  0.0
09.12.2025 16:10:51.644,  0.0
09.12.2025 16:10:55.644,  0.0
09.12.2025 16:10:59.654,  0.0
09.12.2025 16:11:03.654,  0.0
09.12.2025 16:11:07.654,  0.0
09.12.2025 16:11:11.654,  0.0
09.12.2025 16:11:15.644,  0.0
09.12.2025 16:11:19.654,  0.0
09.12.2025 16:11:23.644,  0.0
09.12.2025 16:11:27.655,  0.0
09.12.2025 16:11:31.644,  0.0
09.12.2025 16:11:35.654,  0.0
09.12.2025 16:11:39.644,  0.0
09.12.2025 16:11:43.654,  0.0
09.12.2025 16:11:47.654,  0.0
09.12.2025 16:11:51.644,  0.0
09.12.2025 16:11:55.654,  0.0
09.12.2025 16:11:59.644,  0.0
09.12.2025 16:12:03.774,  0.0
09.12.2025 16:12:07.655,  0.0
09.12.2025 16:12:11.644,  0.0
09.12.2025 16:12:15.644,  0.0
09.12.2025 16:12:19.644,  0.0
09.12.2025 16:12:23.654,  0.0
09.12.2025 16:12:27.774,  0.0
09.12.2025 16:12:31.644,  0.0
09.12.2025 16:12:35.774,  0.0
09.12.2025 16:12:39.654,  0.0
09.12.2025 16:12:43.644,  0.0
09.12.2025 16:12:47.654,  0.0
09.12.2025 16:12:51.654,  0.0
09.12.2025 16:12:55.654,  0.0
09.12.2025 16:12:59.654,  0.0
09.12.2025 16:13:03.654,  0.0
09.12.2025 16:13:07.655,  0.0
09.12.2025 16:13:11.654,  0.0
09.12.2025 16:13:15.644,  0.0
09.12.2025 16:13:19.774,  0.0
09.12.2025 16:13:23.645,  0.0
09.12.2025 16:13:27.664,  0.0
09.12.2025 16:13:31.654,  0.0
09.12.2025 16:13:35.664,  0.0
09.12.2025 16:13:39.664,  0.0
09.12.2025 16:13:43.664,  0.0
09.12.2025 16:13:47.664,  0.0
09.12.2025 16:13:51.674,  0.0
09.12.2025 16:13:55.674,  0.0
09.12.2025 16:13:59.675,  0.0
09.12.2025 16:14:03.674,  0.0
09.12.2025 16:14:07.664,  0.0
09.12.2025 16:14:11.675,  0.0
09.12.2025 16:14:15.674,  0.0
09.12.2025 16:14:19.764,  0.0
09.12.2025 16:14:23.674,  0.0
09.12.2025 16:14:27.674,  0.0
09.12.2025 16:14:31.674,  0.0
09.12.2025 16:14:35.674,  0.0
09.12.2025 16:14:39.664,  0.0
09.12.2025 16:14:43.674,  0.0
09.12.2025 16:14:47.664,  0.0
09.12.2025 16:14:51.674,  0.0
09.12.2025 16:14:55.674,  0.0
09.12.2025 16:14:59.675,  0.0
09.12.2025 16:15:03.674,  0.0
09.12.2025 16:15:07.681,  0.0
09.12.2025 16:15:11.681,  0.0
09.12.2025 16:15:15.691,  0.0
09.12.2025 16:15:19.691,  0.0
09.12.2025 16:15:23.691,  0.0
09.12.2025 16:15:27.691,  0.0
09.12.2025 16:15:31.681,  0.0
09.12.2025 16:15:35.691,  0.0
09.12.2025 16:15:39.681,  0.0
09.12.2025 16:15:43.691,  0.0
09.12.2025 16:15:47.781,  0.0
09.12.2025 16:15:51.691,  0.0
09.12.2025 16:15:55.681,  0.0
09.12.2025 16:15:59.691,  0.0
09.12.2025 16:16:03.691,  0.0
09.12.2025 16:16:07.781,  0.0
09.12.2025 16:16:11.681,  0.0
09.12.2025 16:16:15.691,  0.0
09.12.2025 16:16:19.691,  0.0
09.12.2025 16:16:23.692,  0.0
09.12.2025 16:16:27.701,  0.0
09.12.2025 16:16:31.701,  0.0
09.12.2025 16:16:35.691,  0.0
09.12.2025 16:16:39.692,  0.0
09.12.2025 16:16:43.711,  0.0
09.12.2025 16:16:47.701,  0.0
09.12.2025 16:16:51.711,  0.0
09.12.2025 16:16:55.712,  0.0
09.12.2025 16:16:59.711,  0.0
09.12.2025 16:17:03.701,  0.0
09.12.2025 16:17:07.711,  0.0
09.12.2025 16:17:11.701,  0.0
09.12.2025 16:17:15.712,  0.0
09.12.2025 16:17:19.711,  0.0
09.12.2025 16:17:23.701,  0.0
09.12.2025 16:17:27.711,  0.0
09.12.2025 16:17:31.711,  0.0
09.12.2025 16:17:35.711,  0.0
09.12.2025 16:17:39.711,  0.0
09.12.2025 16:17:43.701,  0.0
09.12.2025 16:17:47.711,  0.0
09.12.2025 16:17:51.701,  0.0
09.12.2025 16:17:55.701,  0.0
09.12.2025 16:17:59.711,  0.0
09.12.2025 16:18:03.701,  0.0
09.12.2025 16:18:07.701,  0.0
09.12.2025 16:18:11.701,  0.0
09.12.2025 16:18:15.711,  0.0
09.12.2025 16:18:19.701,  0.0
09.12.2025 16:18:23.701,  0.0
09.12.2025 16:18:27.711,  0.0
09.12.2025 16:18:31.711,  0.0
09.12.2025 16:18:35.701,  0.0
09.12.2025 16:18:39.711,  0.0
09.12.2025 16:18:43.701,  0.0
09.12.2025 16:18:47.711,  0.0
09.12.2025 16:18:51.711,  0.0
09.12.2025 16:18:55.711,  0.0
09.12.2025 16:18:59.711,  0.0
09.12.2025 16:19:03.701,  0.0
09.12.2025 16:19:07.701,  0.0
09.12.2025 16:19:11.711,  0.0
09.12.2025 16:19:15.701,  0.0
09.12.2025 16:19:19.711,  0.0
09.12.2025 16:19:23.712,  0.0
09.12.2025 16:19:27.701,  0.0
09.12.2025 16:19:31.711,  0.0
09.12.2025 16:19:35.701,  0.0
09.12.2025 16:19:39.711,  0.0
09.12.2025 16:19:43.711,  0.0
09.12.2025 16:19:47.701,  0.0
09.12.2025 16:19:51.711,  0.0
09.12.2025 16:19:55.711,  0.0
09.12.2025 16:19:59.712,  0.0
09.12.2025 16:20:03.701,  0.0
09.12.2025 16:20:07.726,  0.0
09.12.2025 16:20:11.716,  0.0
09.12.2025 16:20:15.726,  0.0
09.12.2025 16:20:19.826,  0.0
09.12.2025 16:20:23.726,  0.0
09.12.2025 16:20:27.716,  0.0
09.12.2025 16:20:31.726,  0.0
09.12.2025 16:20:35.726,  0.0
09.12.2025 16:20:39.716,  0.0
09.12.2025 16:20:43.726,  0.0
09.12.2025 16:20:47.716,  0.0
09.12.2025 16:20:51.726,  0.0
09.12.2025 16:20:55.726,  0.0
09.12.2025 16:20:59.726,  0.0
09.12.2025 16:21:03.726,  0.0
09.12.2025 16:21:07.716,  0.0
09.12.2025 16:21:11.726,  0.0
09.12.2025 16:21:15.726,  0.0
09.12.2025 16:21:19.727,  0.0
09.12.2025 16:21:23.726,  0.0
09.12.2025 16:21:27.726,  0.0
09.12.2025 16:21:31.716,  0.0
09.12.2025 16:21:35.726,  0.0
09.12.2025 16:21:39.726,  0.0
09.12.2025 16:21:43.727,  0.0
09.12.2025 16:21:47.726,  0.0
09.12.2025 16:21:51.716,  0.0
09.12.2025 16:21:55.727,  0.0
09.12.2025 16:21:59.716,  0.0
09.12.2025 16:22:03.726,  0.0
09.12.2025 16:22:07.716,  0.0
09.12.2025 16:22:11.726,  0.0
09.12.2025 16:22:15.726,  0.0
09.12.2025 16:22:19.726,  0.0
09.12.2025 16:22:23.726,  0.0
09.12.2025 16:22:27.726,  0.0
09.12.2025 16:22:31.726,  0.0
09.12.2025 16:22:35.716,  0.0
09.12.2025 16:22:39.716,  0.0
09.12.2025 16:22:43.726,  0.0
09.12.2025 16:22:47.716,  0.0
09.12.2025 16:22:51.726,  0.0
09.12.2025 16:22:55.726,  0.0
09.12.2025 16:22:59.726,  0.0
09.12.2025 16:23:03.716,  0.0
09.12.2025 16:23:07.726,  0.0
09.12.2025 16:23:11.716,  0.0
09.12.2025 16:23:15.726,  0.0
09.12.2025 16:23:19.726,  0.0
09.12.2025 16:23:23.716,  0.0
09.12.2025 16:23:27.726,  0.0
09.12.2025 16:23:31.716,  0.0
09.12.2025 16:23:35.726,  0.0
09.12.2025 16:23:39.726,  0.0
09.12.2025 16:23:43.727,  0.0
09.12.2025 16:23:47.726,  0.0
09.12.2025 16:23:51.716,  0.0
09.12.2025 16:23:55.726,  0.0
09.12.2025 16:23:59.726,  0.0
09.12.2025 16:24:03.726,  0.0
09.12.2025 16:24:07.716,  0.0
09.12.2025 16:24:11.726,  0.0
09.12.2025 16:24:15.726,  0.0
09.12.2025 16:24:19.716,  0.0
09.12.2025 16:24:23.726,  0.0
09.12.2025 16:24:27.716,  0.0
09.12.2025 16:24:31.716,  0.0
09.12.2025 16:24:35.726,  0.0
09.12.2025 16:24:39.716,  0.0
09.12.2025 16:24:43.726,  0.0
09.12.2025 16:24:47.726,  0.0
09.12.2025 16:24:51.716,  0.0
09.12.2025 16:24:55.716,  0.0
09.12.2025 16:24:59.726,  0.0
09.12.2025 16:25:03.716,  0.0
09.12.2025 16:25:07.735,  0.0
09.12.2025 16:25:11.745,  0.0
09.12.2025 16:25:15.755,  0.0
09.12.2025 16:25:19.755,  0.0
09.12.2025 16:25:23.755,  0.0
09.12.2025 16:25:27.745,  0.0
09.12.2025 16:25:31.755,  0.0
09.12.2025 16:25:35.745,  0.0
09.12.2025 16:25:39.755,  0.0
09.12.2025 16:25:43.745,  0.0
09.12.2025 16:25:47.755,  0.0
09.12.2025 16:25:51.745,  0.0
09.12.2025 16:25:55.745,  0.0
09.12.2025 16:25:59.745,  0.0
09.12.2025 16:26:03.745,  0.0
09.12.2025 16:26:07.755,  0.0
09.12.2025 16:26:11.755,  0.0
09.12.2025 16:26:15.745,  0.0
09.12.2025 16:26:19.755,  0.0
09.12.2025 16:26:23.755,  0.0
09.12.2025 16:26:27.755,  0.0
09.12.2025 16:26:31.745,  0.0
09.12.2025 16:26:35.745,  0.0
09.12.2025 16:26:39.745,  0.0
09.12.2025 16:26:43.755,  0.0
09.12.2025 16:26:47.745,  0.0
09.12.2025 16:26:51.755,  0.0
09.12.2025 16:26:55.745,  0.0
09.12.2025 16:26:59.756,  0.0
09.12.2025 16:27:03.745,  0.0
09.12.2025 16:27:07.755,  0.0
09.12.2025 16:27:11.755,  0.0
09.12.2025 16:27:15.865,  0.0
09.12.2025 16:27:19.745,  0.0
09.12.2025 16:27:23.755,  0.0
09.12.2025 16:27:27.745,  0.0
09.12.2025 16:27:31.756,  0.0
09.12.2025 16:27:35.745,  0.0
09.12.2025 16:27:39.865,  0.0
09.12.2025 16:27:43.865,  0.0
09.12.2025 16:27:47.765,  0.0
09.12.2025 16:27:51.766,  0.0
09.12.2025 16:27:55.755,  0.0
09.12.2025 16:27:59.755,  0.0
09.12.2025 16:28:03.755,  0.0
09.12.2025 16:28:07.755,  0.0
09.12.2025 16:28:11.755,  0.0
09.12.2025 16:28:15.765,  0.0
09.12.2025 16:28:19.755,  0.0
09.12.2025 16:28:23.765,  0.0
09.12.2025 16:28:27.775,  0.0
09.12.2025 16:28:31.775,  0.0
09.12.2025 16:28:35.765,  0.0
09.12.2025 16:28:39.765,  0.0
09.12.2025 16:28:43.776,  0.0
09.12.2025 16:28:47.775,  0.0
09.12.2025 16:28:51.765,  0.0
09.12.2025 16:28:55.775,  0.0
09.12.2025 16:28:59.765,  0.0
09.12.2025 16:29:03.776,  0.0
09.12.2025 16:29:07.775,  0.0
09.12.2025 16:29:11.765,  0.0
09.12.2025 16:29:15.775,  0.0
09.12.2025 16:29:19.775,  0.0
09.12.2025 16:29:23.765,  0.0
09.12.2025 16:29:27.775,  0.0
09.12.2025 16:29:31.765,  0.0
09.12.2025 16:29:35.775,  0.0
09.12.2025 16:29:39.765,  0.0
09.12.2025 16:29:43.765,  0.0
09.12.2025 16:29:47.785,  0.0
09.12.2025 16:29:51.785,  0.0
09.12.2025 16:29:55.795,  0.0
09.12.2025 16:29:59.785,  0.0
09.12.2025 16:30:03.805,  0.0
09.12.2025 16:30:07.820,  0.0
09.12.2025 16:30:11.820,  0.0
09.12.2025 16:30:15.830,  0.0
09.12.2025 16:30:19.840,  0.0
09.12.2025 16:30:23.830,  0.0
09.12.2025 16:30:27.850,  0.0
09.12.2025 16:30:31.850,  0.0
09.12.2025 16:30:35.860,  0.0
09.12.2025 16:30:39.860,  0.0
09.12.2025 16:30:43.861,  0.0
09.12.2025 16:30:47.950,  0.0
09.12.2025 16:30:51.860,  0.0
09.12.2025 16:30:55.861,  0.0
09.12.2025 16:30:59.860,  0.0
09.12.2025 16:31:03.860,  0.0
09.12.2025 16:31:07.850,  0.0
09.12.2025 16:31:11.861,  0.0
09.12.2025 16:31:15.860,  0.0
09.12.2025 16:31:19.861,  0.0
09.12.2025 16:31:23.850,  0.0
09.12.2025 16:31:27.860,  0.0
09.12.2025 16:31:31.860,  0.0
09.12.2025 16:31:35.850,  0.0
09.12.2025 16:31:39.860,  0.0
09.12.2025 16:31:43.860,  0.0
09.12.2025 16:31:47.850,  0.0
09.12.2025 16:31:51.850,  0.0
09.12.2025 16:31:55.860,  0.0
09.12.2025 16:31:59.860,  0.0
09.12.2025 16:32:03.870,  0.0
09.12.2025 16:32:07.870,  0.0
09.12.2025 16:32:11.860,  0.0
09.12.2025 16:32:15.870,  0.0
09.12.2025 16:32:19.860,  0.0
09.12.2025 16:32:23.990,  0.0
09.12.2025 16:32:27.860,  0.0
09.12.2025 16:32:31.870,  0.0
09.12.2025 16:32:35.860,  0.0
09.12.2025 16:32:39.870,  0.0
09.12.2025 16:32:43.990,  0.0
09.12.2025 16:32:47.860,  0.0
09.12.2025 16:32:51.870,  0.0
09.12.2025 16:32:55.860,  0.0
09.12.2025 16:32:59.860,  0.0
09.12.2025 16:33:03.860,  0.0
09.12.2025 16:33:07.990,  0.0
09.12.2025 16:33:11.870,  0.0
09.12.2025 16:33:15.870,  0.0
09.12.2025 16:33:19.870,  0.0
09.12.2025 16:33:23.870,  0.0
09.12.2025 16:33:27.860,  0.0
09.12.2025 16:33:31.870,  0.0
09.12.2025 16:33:35.860,  0.0
09.12.2025 16:33:39.860,  0.0
09.12.2025 16:33:43.870,  0.0
09.12.2025 16:33:47.860,  0.0
09.12.2025 16:33:51.870,  0.0
09.12.2025 16:33:55.870,  0.0
09.12.2025 16:33:59.860,  0.0
09.12.2025 16:34:03.870,  0.0
09.12.2025 16:34:07.870,  0.0
09.12.2025 16:34:11.860,  0.0
09.12.2025 16:34:15.870,  0.0
09.12.2025 16:34:19.860,  0.0
09.12.2025 16:34:23.870,  0.0
09.12.2025 16:34:27.860,  0.0
09.12.2025 16:34:31.870,  0.0
09.12.2025 16:34:35.871,  0.0
09.12.2025 16:34:40.070,  0.0
09.12.2025 16:34:43.870,  0.0
09.12.2025 16:34:47.860,  0.0
09.12.2025 16:34:51.860,  0.0
09.12.2025 16:34:55.870,  0.0
09.12.2025 16:34:59.860,  0.0
09.12.2025 16:35:03.870,  0.0
09.12.2025 16:35:07.880,  0.0
09.12.2025 16:35:11.870,  0.0
09.12.2025 16:35:15.880,  0.0
09.12.2025 16:35:19.870,  0.0
09.12.2025 16:35:23.880,  0.0
09.12.2025 16:35:27.870,  0.0
09.12.2025 16:35:31.870,  0.0
09.12.2025 16:35:35.870,  0.0
09.12.2025 16:35:39.880,  0.0
09.12.2025 16:35:43.870,  0.0
09.12.2025 16:35:47.880,  0.0
09.12.2025 16:35:51.880,  0.0
09.12.2025 16:35:55.870,  0.0
09.12.2025 16:35:59.880,  0.0
09.12.2025 16:36:03.870,  0.0
09.12.2025 16:36:07.870,  0.0
09.12.2025 16:36:11.870,  0.0
09.12.2025 16:36:15.881,  0.0
09.12.2025 16:36:19.880,  0.0
09.12.2025 16:36:23.880,  0.0
09.12.2025 16:36:27.880,  0.0
09.12.2025 16:36:31.880,  0.0
09.12.2025 16:36:35.870,  0.0
09.12.2025 16:36:39.870,  0.0
09.12.2025 16:36:43.880,  0.0
09.12.2025 16:36:47.870,  0.0
09.12.2025 16:36:51.880,  0.0
09.12.2025 16:36:55.870,  0.0
09.12.2025 16:36:59.880,  0.0
09.12.2025 16:37:03.870,  0.0
09.12.2025 16:37:07.891,  0.0
09.12.2025 16:37:11.890,  0.0
09.12.2025 16:37:15.890,  0.0
09.12.2025 16:37:19.890,  0.0
09.12.2025 16:37:23.880,  0.0
09.12.2025 16:37:27.890,  0.0
09.12.2025 16:37:31.890,  0.0
09.12.2025 16:37:35.880,  0.0
09.12.2025 16:37:39.890,  0.0
09.12.2025 16:37:43.880,  0.0
09.12.2025 16:37:47.880,  0.0
09.12.2025 16:37:51.890,  0.0
09.12.2025 16:37:55.890,  0.0
09.12.2025 16:37:59.890,  0.0
09.12.2025 16:38:03.880,  0.0
09.12.2025 16:38:07.890,  0.0
09.12.2025 16:38:11.880,  0.0
09.12.2025 16:38:15.890,  0.0
09.12.2025 16:38:19.880,  0.0
09.12.2025 16:38:23.901,  0.0
09.12.2025 16:38:27.900,  0.0
09.12.2025 16:38:31.890,  0.0
09.12.2025 16:38:35.901,  0.0
09.12.2025 16:38:39.900,  0.0
09.12.2025 16:38:43.900,  0.0
09.12.2025 16:38:47.900,  0.0
09.12.2025 16:38:51.900,  0.0
09.12.2025 16:38:55.890,  0.0
09.12.2025 16:38:59.900,  0.0
09.12.2025 16:39:03.900,  0.0
09.12.2025 16:39:07.890,  0.0
09.12.2025 16:39:11.900,  0.0
09.12.2025 16:39:15.890,  0.0
09.12.2025 16:39:19.900,  0.0
09.12.2025 16:39:23.901,  0.0
09.12.2025 16:39:27.900,  0.0
09.12.2025 16:39:31.900,  0.0
09.12.2025 16:39:35.910,  0.0
09.12.2025 16:39:39.911,  0.0
09.12.2025 16:39:43.911,  0.0
09.12.2025 16:39:47.900,  0.0
09.12.2025 16:39:51.900,  0.0
09.12.2025 16:39:55.900,  0.0
09.12.2025 16:39:59.910,  0.0
09.12.2025 16:40:03.910,  0.0
09.12.2025 16:40:07.926,  0.0
09.12.2025 16:40:11.927,  0.0
09.12.2025 16:40:15.926,  0.0
09.12.2025 16:40:19.926,  0.0
09.12.2025 16:40:23.926,  0.0
09.12.2025 16:40:27.936,  0.0
09.12.2025 16:40:31.926,  0.0
09.12.2025 16:40:35.926,  0.0
09.12.2025 16:40:39.937,  0.0
09.12.2025 16:40:43.937,  0.0
09.12.2025 16:40:47.936,  0.0
09.12.2025 16:40:51.936,  0.0
09.12.2025 16:40:55.936,  0.0
09.12.2025 16:40:59.937,  0.0
09.12.2025 16:41:03.926,  0.0
09.12.2025 16:41:07.936,  0.0
09.12.2025 16:41:11.936,  0.0
09.12.2025 16:41:15.926,  0.0
09.12.2025 16:41:19.936,  0.0
09.12.2025 16:41:23.936,  0.0
09.12.2025 16:41:27.936,  0.0
09.12.2025 16:41:31.926,  0.0
09.12.2025 16:41:35.936,  0.0
09.12.2025 16:41:39.936,  0.0
09.12.2025 16:41:43.926,  0.0
09.12.2025 16:41:47.936,  0.0
09.12.2025 16:41:51.926,  0.0
09.12.2025 16:41:55.936,  0.0
09.12.2025 16:41:59.936,  0.0
09.12.2025 16:42:03.936,  0.0
09.12.2025 16:42:07.936,  0.0
09.12.2025 16:42:11.926,  0.0
09.12.2025 16:42:15.936,  0.0
09.12.2025 16:42:19.926,  0.0
09.12.2025 16:42:23.926,  0.0
09.12.2025 16:42:27.936,  0.0
09.12.2025 16:42:31.936,  0.0
09.12.2025 16:42:35.936,  0.0
09.12.2025 16:42:39.946,  0.0
09.12.2025 16:42:43.946,  0.0
09.12.2025 16:42:47.946,  0.0
09.12.2025 16:42:51.946,  0.0
09.12.2025 16:42:55.946,  0.0
09.12.2025 16:42:59.936,  0.0
09.12.2025 16:43:03.946,  0.0
09.12.2025 16:43:07.936,  0.0
09.12.2025 16:43:11.946,  0.0
09.12.2025 16:43:15.946,  0.0
09.12.2025 16:43:19.936,  0.0
09.12.2025 16:43:23.936,  0.0
09.12.2025 16:43:27.936,  0.0
09.12.2025 16:43:31.936,  0.0
09.12.2025 16:43:35.936,  0.0
09.12.2025 16:43:39.946,  0.0
09.12.2025 16:43:43.946,  0.0
09.12.2025 16:43:47.946,  0.0
09.12.2025 16:43:51.956,  0.0
09.12.2025 16:43:55.946,  0.0
09.12.2025 16:43:59.956,  0.0
09.12.2025 16:44:03.957,  0.0
09.12.2025 16:44:07.957,  0.0
09.12.2025 16:44:11.956,  0.0
09.12.2025 16:44:15.956,  0.0
09.12.2025 16:44:19.946,  0.0
09.12.2025 16:44:23.956,  0.0
09.12.2025 16:44:27.967,  0.0
09.12.2025 16:44:31.966,  0.0
09.12.2025 16:44:35.966,  0.0
09.12.2025 16:44:39.956,  0.0
09.12.2025 16:44:43.966,  0.0
09.12.2025 16:44:47.966,  0.0
09.12.2025 16:44:51.956,  0.0
09.12.2025 16:44:55.966,  0.0
09.12.2025 16:44:59.976,  0.0
09.12.2025 16:45:03.976,  0.0
09.12.2025 16:45:07.988,  0.0
09.12.2025 16:45:11.978,  0.0
09.12.2025 16:45:15.988,  0.0
09.12.2025 16:45:19.988,  0.0
09.12.2025 16:45:24.008,  0.0
09.12.2025 16:45:28.118,  0.0
09.12.2025 16:45:32.018,  0.0
09.12.2025 16:45:36.018,  0.0
09.12.2025 16:45:40.018,  0.0
09.12.2025 16:45:44.028,  0.0
09.12.2025 16:45:48.038,  0.0
09.12.2025 16:45:52.028,  0.0
09.12.2025 16:45:56.038,  0.0
09.12.2025 16:46:00.238,  0.0
09.12.2025 16:46:04.039,  0.0
09.12.2025 16:46:08.028,  0.0
09.12.2025 16:46:12.038,  0.0
09.12.2025 16:46:16.028,  0.0
09.12.2025 16:46:20.038,  0.0
09.12.2025 16:46:24.038,  0.0
09.12.2025 16:46:28.038,  0.0
09.12.2025 16:46:32.038,  0.0
09.12.2025 16:46:36.038,  0.0
09.12.2025 16:46:40.048,  0.0
09.12.2025 16:46:44.038,  0.0
09.12.2025 16:46:48.048,  0.0
09.12.2025 16:46:52.038,  0.0
09.12.2025 16:46:56.038,  0.0
09.12.2025 16:47:00.048,  0.0
09.12.2025 16:47:04.048,  0.0
09.12.2025 16:47:08.048,  0.0
09.12.2025 16:47:12.048,  0.0
09.12.2025 16:47:16.048,  0.0
09.12.2025 16:47:20.038,  0.0
09.12.2025 16:47:24.048,  0.0
09.12.2025 16:47:28.048,  0.0
09.12.2025 16:47:32.038,  0.0
09.12.2025 16:47:36.058,  0.0
09.12.2025 16:47:40.058,  0.0
09.12.2025 16:47:44.068,  0.0
09.12.2025 16:47:48.058,  0.0
09.12.2025 16:47:52.069,  0.0
09.12.2025 16:47:56.058,  0.0
09.12.2025 16:48:00.069,  0.0
09.12.2025 16:48:04.068,  0.0
09.12.2025 16:48:08.068,  0.0
09.12.2025 16:48:12.068,  0.0
09.12.2025 16:48:16.158,  0.0
09.12.2025 16:48:20.068,  0.0
09.12.2025 16:48:24.059,  0.0
09.12.2025 16:48:28.078,  0.0
09.12.2025 16:48:32.079,  0.0
09.12.2025 16:48:36.088,  0.0
09.12.2025 16:48:40.088,  0.0
09.12.2025 16:48:44.088,  0.0
09.12.2025 16:48:48.088,  0.0
09.12.2025 16:48:52.089,  0.0
09.12.2025 16:48:56.088,  0.0
09.12.2025 16:49:00.088,  0.0
09.12.2025 16:49:04.088,  0.0
09.12.2025 16:49:08.078,  0.0
09.12.2025 16:49:12.088,  0.0
09.12.2025 16:49:16.088,  0.0
09.12.2025 16:49:20.078,  0.0
09.12.2025 16:49:24.078,  0.0
09.12.2025 16:49:28.088,  0.0
09.12.2025 16:49:32.088,  0.0
09.12.2025 16:49:36.088,  0.0
09.12.2025 16:49:40.088,  0.0
09.12.2025 16:49:44.078,  0.0
09.12.2025 16:49:48.088,  0.0
09.12.2025 16:49:52.088,  0.0
09.12.2025 16:49:56.098,  0.0
09.12.2025 16:50:00.098,  0.0
09.12.2025 16:50:04.098,  0.0
09.12.2025 16:50:08.108,  0.0
09.12.2025 16:50:12.108,  0.0
09.12.2025 16:50:16.118,  0.0
09.12.2025 16:50:20.118,  0.0
09.12.2025 16:50:24.119,  0.0
09.12.2025 16:50:28.108,  0.0
09.12.2025 16:50:32.118,  0.0
09.12.2025 16:50:36.118,  0.0
09.12.2025 16:50:40.108,  0.0
09.12.2025 16:50:44.118,  0.0
09.12.2025 16:50:48.108,  0.0
09.12.2025 16:50:52.108,  0.0
09.12.2025 16:50:56.118,  0.0
09.12.2025 16:51:00.108,  0.0
09.12.2025 16:51:04.118,  0.0
09.12.2025 16:51:08.118,  0.0
09.12.2025 16:51:12.118,  0.0
09.12.2025 16:51:16.118,  0.0
09.12.2025 16:51:20.118,  0.0
09.12.2025 16:51:24.108,  0.0
09.12.2025 16:51:28.118,  0.0
09.12.2025 16:51:32.118,  0.0
09.12.2025 16:51:36.108,  0.0
09.12.2025 16:51:40.118,  0.0
09.12.2025 16:51:44.118,  0.0
09.12.2025 16:51:48.108,  0.0
09.12.2025 16:51:52.118,  0.0
09.12.2025 16:51:56.108,  0.0
09.12.2025 16:52:00.108,  0.0
09.12.2025 16:52:04.119,  0.0
09.12.2025 16:52:08.108,  0.0
09.12.2025 16:52:12.118,  0.0
09.12.2025 16:52:16.108,  0.0
09.12.2025 16:52:20.118,  0.0
09.12.2025 16:52:24.118,  0.0
09.12.2025 16:52:28.118,  0.0
09.12.2025 16:52:32.119,  0.0
09.12.2025 16:52:36.108,  0.0
09.12.2025 16:52:40.108,  0.0
09.12.2025 16:52:44.118,  0.0
09.12.2025 16:52:48.108,  0.0
09.12.2025 16:52:52.118,  0.0
09.12.2025 16:52:56.108,  0.0
09.12.2025 16:53:00.118,  0.0
09.12.2025 16:53:04.108,  0.0
09.12.2025 16:53:08.108,  0.0
09.12.2025 16:53:12.108,  0.0
09.12.2025 16:53:16.108,  0.0
09.12.2025 16:53:20.118,  0.0
09.12.2025 16:53:24.119,  0.0
09.12.2025 16:53:28.118,  0.0
09.12.2025 16:53:32.108,  0.0
09.12.2025 16:53:36.118,  0.0
09.12.2025 16:53:40.108,  0.0
09.12.2025 16:53:44.118,  0.0
09.12.2025 16:53:48.108,  0.0
09.12.2025 16:53:52.118,  0.0
09.12.2025 16:53:56.108,  0.0
09.12.2025 16:54:00.118,  0.0
09.12.2025 16:54:04.108,  0.0
09.12.2025 16:54:08.118,  0.0
09.12.2025 16:54:12.119,  0.0
09.12.2025 16:54:16.118,  0.0
09.12.2025 16:54:20.128,  0.0
09.12.2025 16:54:24.118,  0.0
09.12.2025 16:54:28.128,  0.0
09.12.2025 16:54:32.118,  0.0
09.12.2025 16:54:36.128,  0.0
09.12.2025 16:54:40.118,  0.0
09.12.2025 16:54:44.118,  0.0
09.12.2025 16:54:48.128,  0.0
09.12.2025 16:54:52.128,  0.0
09.12.2025 16:54:56.118,  0.0
09.12.2025 16:55:00.128,  0.0
09.12.2025 16:55:04.128,  0.0
09.12.2025 16:55:08.146,  0.0
09.12.2025 16:55:12.147,  0.0
09.12.2025 16:55:16.136,  0.0
09.12.2025 16:55:20.146,  0.0
09.12.2025 16:55:24.136,  0.0
09.12.2025 16:55:28.136,  0.0
09.12.2025 16:55:32.136,  0.0
09.12.2025 16:55:36.146,  0.0
09.12.2025 16:55:40.136,  0.0
09.12.2025 16:55:44.136,  0.0
09.12.2025 16:55:48.146,  0.0
09.12.2025 16:55:52.136,  0.0
09.12.2025 16:55:56.146,  0.0
09.12.2025 16:56:00.146,  0.0
09.12.2025 16:56:04.146,  0.0
09.12.2025 16:56:08.136,  0.0
09.12.2025 16:56:12.136,  0.0
09.12.2025 16:56:16.146,  0.0
09.12.2025 16:56:20.146,  0.0
09.12.2025 16:56:24.147,  0.0
09.12.2025 16:56:28.136,  0.0
09.12.2025 16:56:32.146,  0.0
09.12.2025 16:56:36.136,  0.0
09.12.2025 16:56:40.136,  0.0
09.12.2025 16:56:44.146,  0.0
09.12.2025 16:56:48.146,  0.0
09.12.2025 16:56:52.146,  0.0
09.12.2025 16:56:55.136,  0.0
09.12.2025 16:56:59.146,  1.1
09.12.2025 16:57:03.136,  0.8
09.12.2025 16:57:07.136,  1.0
09.12.2025 16:57:11.146,  0.9
09.12.2025 16:57:15.136,  0.9
09.12.2025 16:57:19.146,  0.9
09.12.2025 16:57:23.136,  0.9
09.12.2025 16:57:27.146,  0.9
09.12.2025 16:57:31.146,  0.9
09.12.2025 16:57:35.146,  0.9
09.12.2025 16:57:39.136,  0.9
09.12.2025 16:57:43.146,  0.9
09.12.2025 16:57:47.136,  0.9
09.12.2025 16:57:51.146,  0.9
09.12.2025 16:57:55.146,  0.9
09.12.2025 16:57:59.147,  0.9
09.12.2025 16:58:03.146,  0.9
09.12.2025 16:58:07.146,  0.9
09.12.2025 16:58:11.136,  0.9
09.12.2025 16:58:15.146,  0.9
09.12.2025 16:58:19.136,  0.9
09.12.2025 16:58:23.146,  0.9
09.12.2025 16:58:27.136,  0.9
09.12.2025 16:58:31.146,  0.9
09.12.2025 16:58:35.136,  0.9
09.12.2025 16:58:39.146,  0.9
09.12.2025 16:58:43.136,  1.0
09.12.2025 16:58:47.146,  0.9
09.12.2025 16:58:51.136,  0.9
09.12.2025 16:58:55.146,  0.9
09.12.2025 16:58:59.146,  1.0
09.12.2025 16:59:03.146,  0.9
09.12.2025 16:59:07.158,  0.9
09.12.2025 16:59:11.156,  1.0
09.12.2025 16:59:15.156,  0.9
09.12.2025 16:59:19.156,  1.0
09.12.2025 16:59:23.146,  0.9
09.12.2025 16:59:27.156,  1.0
09.12.2025 16:59:31.146,  1.0
09.12.2025 16:59:35.156,  0.9
09.12.2025 16:59:39.146,  1.0
09.12.2025 16:59:43.146,  1.0
09.12.2025 16:59:47.166,  0.9
09.12.2025 16:59:51.166,  0.9
09.12.2025 16:59:55.166,  0.9
09.12.2025 16:59:59.156,  1.0
09.12.2025 17:00:03.166,  1.0
09.12.2025 17:00:07.173,  0.9
09.12.2025 17:00:11.183,  1.0
09.12.2025 17:00:15.173,  1.0
09.12.2025 17:00:19.183,  1.0
09.12.2025 17:00:23.173,  0.9
09.12.2025 17:00:27.174,  0.9
09.12.2025 17:00:31.193,  0.9
09.12.2025 17:00:35.183,  1.0
09.12.2025 17:00:39.193,  1.0
09.12.2025 17:00:43.183,  1.0
09.12.2025 17:00:47.203,  1.0
09.12.2025 17:00:51.193,  0.9
09.12.2025 17:00:55.213,  1.0
09.12.2025 17:00:59.213,  1.0
09.12.2025 17:01:03.213,  1.0
09.12.2025 17:01:07.224,  0.9
09.12.2025 17:01:11.233,  1.0
09.12.2025 17:01:15.233,  1.0
09.12.2025 17:01:19.233,  1.0
09.12.2025 17:01:23.243,  1.0
09.12.2025 17:01:27.243,  1.0
09.12.2025 17:01:31.233,  1.0
09.12.2025 17:01:35.233,  1.0
09.12.2025 17:01:39.243,  1.0
09.12.2025 17:01:43.243,  1.0
09.12.2025 17:01:47.243,  1.0
09.12.2025 17:01:51.253,  1.0
09.12.2025 17:01:55.253,  0.9
09.12.2025 17:01:59.263,  0.9
09.12.2025 17:02:03.263,  1.0
09.12.2025 17:02:07.253,  0.9
09.12.2025 17:02:11.263,  0.9
09.12.2025 17:02:15.264,  1.0
09.12.2025 17:02:19.264,  1.0
09.12.2025 17:02:23.264,  1.0
09.12.2025 17:02:27.263,  1.0
09.12.2025 17:02:31.253,  1.0
09.12.2025 17:02:35.263,  1.0
09.12.2025 17:02:39.263,  1.0
09.12.2025 17:02:43.263,  1.0
09.12.2025 17:02:47.264,  1.0
09.12.2025 17:02:51.263,  1.0
09.12.2025 17:02:55.253,  1.0
09.12.2025 17:02:59.263,  1.0
09.12.2025 17:03:03.263,  1.0
09.12.2025 17:03:07.263,  1.0
09.12.2025 17:03:11.253,  1.0
09.12.2025 17:03:15.263,  1.0
09.12.2025 17:03:19.253,  1.0
09.12.2025 17:03:23.263,  1.0
09.12.2025 17:03:27.264,  1.0
09.12.2025 17:03:31.263,  1.0
09.12.2025 17:03:35.263,  1.0
09.12.2025 17:03:39.253,  1.0
09.12.2025 17:03:43.263,  1.0
09.12.2025 17:03:47.263,  1.0
09.12.2025 17:03:51.263,  1.0
09.12.2025 17:03:55.264,  1.0
09.12.2025 17:03:59.263,  1.0
09.12.2025 17:04:03.253,  1.0
09.12.2025 17:04:07.253,  0.9
09.12.2025 17:04:11.263,  1.0
09.12.2025 17:04:15.253,  1.0
09.12.2025 17:04:19.263,  1.0
09.12.2025 17:04:23.253,  1.0
09.12.2025 17:04:27.263,  1.0
09.12.2025 17:04:31.253,  1.0
09.12.2025 17:04:35.253,  1.0
09.12.2025 17:04:39.263,  1.0
09.12.2025 17:04:43.263,  1.0
09.12.2025 17:04:47.253,  1.1
09.12.2025 17:04:51.264,  1.1
09.12.2025 17:04:55.253,  1.1
09.12.2025 17:04:59.273,  1.1
09.12.2025 17:05:03.273,  1.1
09.12.2025 17:05:07.276,  1.2
09.12.2025 17:05:11.286,  1.2
09.12.2025 17:05:15.287,  1.2
09.12.2025 17:05:19.286,  1.2
09.12.2025 17:05:23.286,  1.2
09.12.2025 17:05:27.276,  1.2
09.12.2025 17:05:31.286,  1.2
09.12.2025 17:05:35.286,  1.2
09.12.2025 17:05:39.286,  1.2
09.12.2025 17:05:43.286,  1.2
09.12.2025 17:05:47.286,  1.2
09.12.2025 17:05:51.276,  1.2
09.12.2025 17:05:55.286,  1.2
09.12.2025 17:05:59.276,  1.2
09.12.2025 17:06:03.286,  1.2
09.12.2025 17:06:07.276,  1.2
09.12.2025 17:06:11.286,  1.2
09.12.2025 17:06:15.286,  1.2
09.12.2025 17:06:19.296,  1.2
09.12.2025 17:06:23.286,  1.2
09.12.2025 17:06:27.296,  1.2
09.12.2025 17:06:31.296,  1.2
09.12.2025 17:06:35.286,  1.2
09.12.2025 17:06:39.296,  1.2
09.12.2025 17:06:43.297,  1.2
09.12.2025 17:06:47.296,  1.2
09.12.2025 17:06:51.296,  1.2
09.12.2025 17:06:55.296,  1.3
09.12.2025 17:06:59.297,  1.2
09.12.2025 17:07:03.286,  1.2
09.12.2025 17:07:07.296,  1.2
09.12.2025 17:07:11.296,  1.2
09.12.2025 17:07:15.286,  1.2
09.12.2025 17:07:19.296,  1.2
09.12.2025 17:07:23.286,  1.2
09.12.2025 17:07:27.296,  1.2
09.12.2025 17:07:31.296,  1.2
09.12.2025 17:07:35.286,  1.2
09.12.2025 17:07:39.296,  1.2
09.12.2025 17:07:43.286,  1.2
09.12.2025 17:07:47.296,  1.2
09.12.2025 17:07:51.286,  1.2
09.12.2025 17:07:55.296,  1.2
09.12.2025 17:07:59.306,  1.2
09.12.2025 17:08:03.306,  1.2
09.12.2025 17:08:07.306,  1.2
09.12.2025 17:08:11.296,  1.2
09.12.2025 17:08:15.306,  1.2
09.12.2025 17:08:19.306,  1.2
09.12.2025 17:08:23.306,  1.2
09.12.2025 17:08:27.296,  1.2
09.12.2025 17:08:31.306,  1.2
09.12.2025 17:08:35.306,  1.2
09.12.2025 17:08:39.306,  1.2
09.12.2025 17:08:43.306,  1.2
09.12.2025 17:08:47.307,  1.2
09.12.2025 17:08:51.316,  1.2
09.12.2025 17:08:55.326,  1.2
09.12.2025 17:08:59.316,  1.2
09.12.2025 17:09:03.316,  1.2
09.12.2025 17:09:07.326,  1.2
09.12.2025 17:09:11.406,  1.2
09.12.2025 17:09:15.316,  1.2
09.12.2025 17:09:19.326,  1.1
09.12.2025 17:09:23.326,  1.1
09.12.2025 17:09:27.326,  1.0
09.12.2025 17:09:31.326,  1.1
09.12.2025 17:09:35.326,  1.1
09.12.2025 17:09:39.316,  1.1
09.12.2025 17:09:43.326,  1.2
09.12.2025 17:09:47.316,  1.2
09.12.2025 17:09:51.326,  1.2
09.12.2025 17:09:55.326,  1.2
09.12.2025 17:09:59.326,  1.2
09.12.2025 17:10:03.316,  1.2
09.12.2025 17:10:07.341,  1.2
09.12.2025 17:10:11.331,  1.2
09.12.2025 17:10:15.341,  1.2
09.12.2025 17:10:19.331,  1.2
09.12.2025 17:10:23.331,  1.2
09.12.2025 17:10:27.341,  1.2
09.12.2025 17:10:31.341,  1.1
09.12.2025 17:10:35.331,  1.1
09.12.2025 17:10:39.341,  1.2
09.12.2025 17:10:43.341,  1.2
09.12.2025 17:10:47.341,  1.1
09.12.2025 17:10:51.341,  1.1
09.12.2025 17:10:55.341,  1.2
09.12.2025 17:10:59.341,  1.1
09.12.2025 17:11:03.341,  1.1
09.12.2025 17:11:07.341,  1.1
09.12.2025 17:11:11.331,  1.0
09.12.2025 17:11:15.341,  1.0
09.12.2025 17:11:19.342,  1.0
09.12.2025 17:11:23.451,  1.0
09.12.2025 17:11:27.341,  1.0
09.12.2025 17:11:31.341,  1.0
09.12.2025 17:11:35.351,  1.0
09.12.2025 17:11:39.351,  1.0
09.12.2025 17:11:43.341,  1.0
09.12.2025 17:11:47.351,  1.0
09.12.2025 17:11:51.351,  1.0
09.12.2025 17:11:55.351,  1.0
09.12.2025 17:11:59.351,  1.0
09.12.2025 17:12:03.351,  1.0
09.12.2025 17:12:07.341,  1.0
09.12.2025 17:12:11.361,  1.0
09.12.2025 17:12:15.361,  1.0
09.12.2025 17:12:19.361,  1.0
09.12.2025 17:12:23.361,  1.0
09.12.2025 17:12:27.361,  1.0
09.12.2025 17:12:31.361,  1.0
09.12.2025 17:12:35.361,  1.0
09.12.2025 17:12:39.361,  1.0
09.12.2025 17:12:43.361,  1.0
09.12.2025 17:12:47.371,  1.0
09.12.2025 17:12:51.371,  1.0
09.12.2025 17:12:55.372,  1.0
09.12.2025 17:12:59.361,  1.0
09.12.2025 17:13:03.451,  1.0
09.12.2025 17:13:07.371,  1.0
09.12.2025 17:13:11.361,  1.0
09.12.2025 17:13:15.361,  1.0
09.12.2025 17:13:19.371,  1.0
09.12.2025 17:13:23.371,  1.0
09.12.2025 17:13:27.371,  1.0
09.12.2025 17:13:31.372,  1.0
09.12.2025 17:13:35.371,  1.0
09.12.2025 17:13:39.371,  1.0
09.12.2025 17:13:43.361,  1.0
09.12.2025 17:13:47.361,  1.0
09.12.2025 17:13:51.371,  1.0
09.12.2025 17:13:55.371,  1.0
09.12.2025 17:13:59.371,  1.0
09.12.2025 17:14:03.361,  1.0
09.12.2025 17:14:07.491,  1.0
09.12.2025 17:14:11.381,  1.0
09.12.2025 17:14:15.381,  1.0
09.12.2025 17:14:19.371,  1.0
09.12.2025 17:14:23.381,  1.0
09.12.2025 17:14:27.381,  1.0
09.12.2025 17:14:31.382,  1.0
09.12.2025 17:14:35.371,  1.0
09.12.2025 17:14:39.381,  1.0
09.12.2025 17:14:43.381,  1.0
09.12.2025 17:14:47.381,  1.0
09.12.2025 17:14:51.371,  1.0
09.12.2025 17:14:55.381,  1.0
09.12.2025 17:14:59.381,  1.0
09.12.2025 17:15:03.381,  1.0
09.12.2025 17:15:07.397,  1.0
09.12.2025 17:15:11.398,  1.0
09.12.2025 17:15:15.397,  1.0
09.12.2025 17:15:19.387,  1.1
09.12.2025 17:15:23.397,  1.0
09.12.2025 17:15:27.387,  1.0
09.12.2025 17:15:31.398,  1.0
09.12.2025 17:15:35.387,  1.0
09.12.2025 17:15:39.387,  1.0
09.12.2025 17:15:43.397,  1.0
09.12.2025 17:15:47.387,  1.0
09.12.2025 17:15:51.387,  1.0
09.12.2025 17:15:55.397,  1.0
09.12.2025 17:15:59.387,  1.0
09.12.2025 17:16:03.397,  1.0
09.12.2025 17:16:07.397,  1.0
09.12.2025 17:16:11.397,  1.0
09.12.2025 17:16:15.398,  1.0
09.12.2025 17:16:19.397,  1.0
09.12.2025 17:16:23.397,  1.0
09.12.2025 17:16:27.397,  1.0
09.12.2025 17:16:31.387,  1.0
09.12.2025 17:16:35.397,  1.1
09.12.2025 17:16:39.397,  1.1
09.12.2025 17:16:43.387,  1.1
09.12.2025 17:16:47.407,  1.1
09.12.2025 17:16:51.407,  1.1
09.12.2025 17:16:55.408,  1.1
09.12.2025 17:16:59.397,  1.2
09.12.2025 17:17:03.407,  1.2
09.12.2025 17:17:07.397,  1.2
09.12.2025 17:17:11.408,  1.2
09.12.2025 17:17:15.407,  1.2
09.12.2025 17:17:19.397,  1.2
09.12.2025 17:17:23.397,  1.2
09.12.2025 17:17:27.407,  1.2
09.12.2025 17:17:31.407,  1.2
09.12.2025 17:17:35.408,  1.2
09.12.2025 17:17:39.407,  1.2
09.12.2025 17:17:43.407,  1.2
09.12.2025 17:17:47.407,  1.2
09.12.2025 17:17:51.407,  1.2
09.12.2025 17:17:55.407,  1.2
09.12.2025 17:17:59.407,  1.2
09.12.2025 17:18:03.397,  1.2
09.12.2025 17:18:07.407,  1.2
09.12.2025 17:18:11.397,  1.2
09.12.2025 17:18:15.407,  1.2
09.12.2025 17:18:19.397,  1.2
09.12.2025 17:18:23.407,  1.2
09.12.2025 17:18:27.397,  1.2
09.12.2025 17:18:31.407,  1.1
09.12.2025 17:18:35.417,  1.1
09.12.2025 17:18:39.417,  1.2
09.12.2025 17:18:43.407,  1.2
09.12.2025 17:18:47.417,  1.2
09.12.2025 17:18:51.437,  1.2
09.12.2025 17:18:55.437,  1.2
09.12.2025 17:18:59.437,  1.2
09.12.2025 17:19:03.427,  1.2
09.12.2025 17:19:07.427,  1.2
09.12.2025 17:19:11.437,  1.2
09.12.2025 17:19:15.428,  1.2
09.12.2025 17:19:19.447,  1.2
09.12.2025 17:19:23.447,  1.2
09.12.2025 17:19:27.437,  1.2
09.12.2025 17:19:31.447,  1.2
09.12.2025 17:19:35.447,  1.2
09.12.2025 17:19:39.437,  1.2
09.12.2025 17:19:43.447,  1.2
09.12.2025 17:19:47.447,  1.1
09.12.2025 17:19:51.447,  1.2
09.12.2025 17:19:55.437,  1.2
09.12.2025 17:19:58.437,  1.2
09.12.2025 17:20:02.447,  0.0
09.12.2025 17:20:06.437,  0.0
09.12.2025 17:20:10.464,  0.0
09.12.2025 17:20:14.464,  0.0
09.12.2025 17:20:18.464,  0.0
09.12.2025 17:20:22.454,  0.0
09.12.2025 17:20:26.464,  0.0
09.12.2025 17:20:30.454,  0.0
09.12.2025 17:20:34.454,  0.0
09.12.2025 17:20:38.465,  0.0
09.12.2025 17:20:42.454,  0.0
09.12.2025 17:20:46.454,  0.0
09.12.2025 17:20:50.464,  0.0
09.12.2025 17:20:54.454,  0.0
09.12.2025 17:20:58.464,  0.0
09.12.2025 17:21:02.464,  0.0
09.12.2025 17:21:06.464,  0.0
09.12.2025 17:21:10.464,  0.0
09.12.2025 17:21:14.464,  0.0
09.12.2025 17:21:18.454,  0.0
09.12.2025 17:21:22.454,  0.0
09.12.2025 17:21:26.464,  0.0
09.12.2025 17:21:30.464,  0.0
09.12.2025 17:21:34.464,  0.0
09.12.2025 17:21:38.454,  0.0
09.12.2025 17:21:42.464,  0.0
09.12.2025 17:21:46.454,  0.0
09.12.2025 17:21:50.464,  0.0
09.12.2025 17:21:54.464,  0.0
09.12.2025 17:21:58.464,  0.0
09.12.2025 17:22:02.464,  0.0
09.12.2025 17:22:06.474,  0.0
09.12.2025 17:22:10.474,  0.0
09.12.2025 17:22:14.474,  0.0
09.12.2025 17:22:18.464,  0.0
09.12.2025 17:22:22.474,  0.0
09.12.2025 17:22:26.474,  0.0
09.12.2025 17:22:30.464,  0.0
09.12.2025 17:22:34.474,  0.0
09.12.2025 17:22:38.464,  0.0
09.12.2025 17:22:42.475,  0.0
09.12.2025 17:22:46.474,  0.0
09.12.2025 17:22:50.464,  0.0
09.12.2025 17:22:54.474,  0.0
09.12.2025 17:22:58.464,  0.0
09.12.2025 17:23:02.474,  0.0
09.12.2025 17:23:06.475,  0.0
09.12.2025 17:23:10.464,  0.0
09.12.2025 17:23:14.474,  0.0
09.12.2025 17:23:18.464,  0.0
09.12.2025 17:23:22.474,  0.0
09.12.2025 17:23:26.464,  0.0
09.12.2025 17:23:30.484,  0.0
09.12.2025 17:23:34.474,  0.0
09.12.2025 17:23:38.484,  0.0
09.12.2025 17:23:42.574,  0.0
09.12.2025 17:23:46.474,  0.0
09.12.2025 17:23:50.485,  0.0
09.12.2025 17:23:54.474,  0.0
09.12.2025 17:23:58.484,  0.0
09.12.2025 17:24:02.484,  0.0
09.12.2025 17:24:06.494,  0.0
09.12.2025 17:24:10.484,  0.0
09.12.2025 17:24:14.494,  0.0
09.12.2025 17:24:18.484,  0.0
09.12.2025 17:24:22.574,  0.0
09.12.2025 17:24:26.494,  0.0
09.12.2025 17:24:30.494,  0.0
09.12.2025 17:24:34.484,  0.0
09.12.2025 17:24:38.494,  0.0
09.12.2025 17:24:42.494,  0.0
09.12.2025 17:24:46.484,  0.0
09.12.2025 17:24:50.614,  0.0
09.12.2025 17:24:54.494,  0.0
09.12.2025 17:24:58.494,  0.0
09.12.2025 17:25:02.484,  0.0
09.12.2025 17:25:06.494,  0.0
09.12.2025 17:25:10.497,  0.0
09.12.2025 17:25:14.507,  0.0
09.12.2025 17:25:18.507,  0.0
09.12.2025 17:25:22.507,  0.0
09.12.2025 17:25:26.507,  0.0
09.12.2025 17:25:30.497,  0.0
09.12.2025 17:25:34.507,  0.0
09.12.2025 17:25:38.508,  0.0
09.12.2025 17:25:42.507,  0.0
09.12.2025 17:25:46.497,  0.0
09.12.2025 17:25:50.507,  0.0
09.12.2025 17:25:54.507,  0.0
09.12.2025 17:25:58.497,  0.0
09.12.2025 17:26:02.518,  0.0
09.12.2025 17:26:06.507,  0.0
09.12.2025 17:26:10.507,  0.0
09.12.2025 17:26:14.517,  0.0
09.12.2025 17:26:18.517,  0.0
09.12.2025 17:26:22.517,  0.0
09.12.2025 17:26:26.508,  0.0
09.12.2025 17:26:30.527,  0.0
09.12.2025 17:26:34.517,  0.0
09.12.2025 17:26:38.527,  0.0
09.12.2025 17:26:42.527,  0.0
09.12.2025 17:26:46.527,  0.0
09.12.2025 17:26:50.517,  0.0
09.12.2025 17:26:54.527,  0.0
09.12.2025 17:26:58.527,  0.0
09.12.2025 17:27:02.528,  0.0
09.12.2025 17:27:06.517,  0.0
09.12.2025 17:27:10.527,  0.0
09.12.2025 17:27:14.527,  0.0
09.12.2025 17:27:18.517,  0.0
09.12.2025 17:27:22.527,  0.0
09.12.2025 17:27:26.527,  0.0
09.12.2025 17:27:30.617,  0.0
09.12.2025 17:27:34.527,  0.0
09.12.2025 17:27:38.517,  0.0
09.12.2025 17:27:42.517,  0.0
09.12.2025 17:27:46.527,  0.0
09.12.2025 17:27:50.527,  0.0
09.12.2025 17:27:54.527,  0.0
09.12.2025 17:27:58.527,  0.0
09.12.2025 17:28:02.527,  0.0
09.12.2025 17:28:06.517,  0.0
09.12.2025 17:28:10.527,  0.0
09.12.2025 17:28:14.528,  0.0
09.12.2025 17:28:18.517,  0.0
09.12.2025 17:28:22.527,  0.0
09.12.2025 17:28:26.517,  0.0
09.12.2025 17:28:30.527,  0.0
09.12.2025 17:28:34.517,  0.0
09.12.2025 17:28:38.517,  0.0
09.12.2025 17:28:42.527,  0.0
09.12.2025 17:28:46.527,  0.0
09.12.2025 17:28:50.537,  0.0
09.12.2025 17:28:54.537,  0.0
09.12.2025 17:28:58.527,  0.0
09.12.2025 17:29:02.537,  0.0
09.12.2025 17:29:06.527,  0.0
09.12.2025 17:29:10.537,  0.0
09.12.2025 17:29:14.538,  0.0
09.12.2025 17:29:18.527,  0.0
09.12.2025 17:29:22.547,  0.0
09.12.2025 17:29:26.548,  0.0
09.12.2025 17:29:30.547,  0.0
09.12.2025 17:29:34.537,  0.0
09.12.2025 17:29:38.547,  0.0
09.12.2025 17:29:42.547,  0.0
09.12.2025 17:29:46.547,  0.0
