Time,BKK_P.CURR
,Average
,
,mA
05.12.2025 09:27:55.653,  0.0
05.12.2025 09:27:59.663,  0.0
05.12.2025 09:28:03.663,  0.0
05.12.2025 09:28:07.663,  0.0
05.12.2025 09:28:11.664,  0.0
05.12.2025 09:28:15.653,  0.0
05.12.2025 09:28:19.653,  0.0
05.12.2025 09:28:23.663,  0.0
05.12.2025 09:28:27.663,  0.0
05.12.2025 09:28:31.653,  0.0
05.12.2025 09:28:35.653,  0.0
05.12.2025 09:28:39.653,  0.0
05.12.2025 09:28:43.663,  0.0
05.12.2025 09:28:47.681,  0.0
05.12.2025 09:28:51.681,  0.0
05.12.2025 09:28:55.671,  0.0
05.12.2025 09:28:59.681,  0.0
05.12.2025 09:29:03.681,  0.0
05.12.2025 09:29:07.671,  0.0
05.12.2025 09:29:11.681,  0.0
05.12.2025 09:29:15.681,  0.0
05.12.2025 09:29:19.681,  0.0
05.12.2025 09:29:23.671,  0.0
05.12.2025 09:29:27.681,  0.0
05.12.2025 09:29:31.671,  0.0
05.12.2025 09:29:35.682,  0.0
05.12.2025 09:29:39.671,  0.0
05.12.2025 09:29:43.681,  0.0
05.12.2025 09:29:47.671,  0.0
05.12.2025 09:29:51.682,  0.0
05.12.2025 09:29:55.671,  0.0
05.12.2025 09:29:59.681,  0.0
05.12.2025 09:30:03.671,  0.0
05.12.2025 09:30:07.681,  0.0
05.12.2025 09:30:11.681,  0.0
05.12.2025 09:30:15.682,  0.0
05.12.2025 09:30:19.681,  0.0
05.12.2025 09:30:23.671,  0.0
05.12.2025 09:30:27.681,  0.0
05.12.2025 09:30:31.681,  0.0
05.12.2025 09:30:35.681,  0.0
05.12.2025 09:30:39.682,  0.0
05.12.2025 09:30:43.671,  0.0
05.12.2025 09:30:47.681,  0.0
05.12.2025 09:30:51.682,  0.0
05.12.2025 09:30:55.681,  0.0
05.12.2025 09:30:59.671,  0.0
05.12.2025 09:31:03.671,  0.0
05.12.2025 09:31:07.691,  0.0
05.12.2025 09:31:11.691,  0.0
05.12.2025 09:31:15.691,  0.0
05.12.2025 09:31:19.702,  0.0
05.12.2025 09:31:23.691,  0.0
05.12.2025 09:31:27.691,  0.0
05.12.2025 09:31:31.701,  0.0
05.12.2025 09:31:35.691,  0.0
05.12.2025 09:31:39.701,  0.0
05.12.2025 09:31:43.691,  0.0
05.12.2025 09:31:47.701,  0.0
05.12.2025 09:31:51.691,  0.0
05.12.2025 09:31:55.701,  0.0
05.12.2025 09:31:59.701,  0.0
05.12.2025 09:32:03.701,  0.0
05.12.2025 09:32:07.691,  0.0
05.12.2025 09:32:11.701,  0.0
05.12.2025 09:32:15.691,  0.0
05.12.2025 09:32:19.701,  0.0
05.12.2025 09:32:23.691,  0.0
05.12.2025 09:32:27.701,  0.0
05.12.2025 09:32:31.702,  0.0
05.12.2025 09:32:35.691,  0.0
05.12.2025 09:32:39.691,  0.0
05.12.2025 09:32:43.711,  0.0
05.12.2025 09:32:47.711,  0.0
05.12.2025 09:32:51.721,  0.0
05.12.2025 09:32:55.711,  0.0
05.12.2025 09:32:59.721,  0.0
05.12.2025 09:33:03.721,  0.0
05.12.2025 09:33:08.722,  0.8
05.12.2025 09:33:12.721,  0.4
05.12.2025 09:33:16.721,  0.4
05.12.2025 09:33:20.721,  0.4
05.12.2025 09:33:24.711,  0.5
05.12.2025 09:33:28.721,  0.5
05.12.2025 09:33:32.711,  0.5
05.12.2025 09:33:36.721,  0.5
05.12.2025 09:33:40.721,  0.5
05.12.2025 09:33:44.721,  0.5
05.12.2025 09:33:48.736,  0.5
05.12.2025 09:33:52.726,  0.5
05.12.2025 09:33:56.736,  0.5
05.12.2025 09:34:00.726,  0.5
05.12.2025 09:34:04.736,  0.5
05.12.2025 09:34:08.726,  0.5
05.12.2025 09:34:12.726,  0.5
05.12.2025 09:34:16.736,  0.5
05.12.2025 09:34:20.736,  0.5
05.12.2025 09:34:24.736,  0.5
05.12.2025 09:34:28.736,  0.5
05.12.2025 09:34:32.726,  0.5
05.12.2025 09:34:36.736,  0.5
05.12.2025 09:34:40.736,  0.5
05.12.2025 09:34:44.737,  0.5
05.12.2025 09:34:48.736,  0.5
05.12.2025 09:34:52.746,  0.5
05.12.2025 09:34:56.756,  0.5
05.12.2025 09:35:00.756,  0.5
05.12.2025 09:35:04.766,  0.5
05.12.2025 09:35:08.766,  0.5
05.12.2025 09:35:12.776,  0.5
05.12.2025 09:35:16.766,  0.5
05.12.2025 09:35:20.778,  0.5
05.12.2025 09:35:24.766,  0.5
05.12.2025 09:35:28.777,  0.5
05.12.2025 09:35:32.766,  0.5
05.12.2025 09:35:36.776,  0.5
05.12.2025 09:35:40.766,  0.5
05.12.2025 09:35:44.766,  0.5
05.12.2025 09:35:48.766,  0.5
05.12.2025 09:35:52.776,  0.5
05.12.2025 09:35:56.766,  0.5
05.12.2025 09:36:00.766,  0.5
05.12.2025 09:36:04.776,  0.5
05.12.2025 09:36:08.776,  0.5
05.12.2025 09:36:12.766,  0.5
05.12.2025 09:36:16.776,  0.5
05.12.2025 09:36:20.766,  0.5
05.12.2025 09:36:24.776,  0.5
05.12.2025 09:36:28.776,  0.5
05.12.2025 09:36:32.776,  0.5
05.12.2025 09:36:36.776,  0.5
05.12.2025 09:36:40.766,  0.5
05.12.2025 09:36:44.776,  0.5
05.12.2025 09:36:48.766,  0.5
05.12.2025 09:36:52.776,  0.5
05.12.2025 09:36:56.776,  0.5
05.12.2025 09:37:00.776,  0.5
05.12.2025 09:37:04.777,  0.5
05.12.2025 09:37:08.766,  0.5
05.12.2025 09:37:12.776,  0.5
05.12.2025 09:37:16.776,  0.5
05.12.2025 09:37:20.776,  0.5
05.12.2025 09:37:24.766,  0.5
05.12.2025 09:37:28.776,  0.5
05.12.2025 09:37:32.776,  0.5
05.12.2025 09:37:36.766,  0.5
05.12.2025 09:37:40.766,  0.5
05.12.2025 09:37:44.766,  0.5
05.12.2025 09:37:48.766,  0.5
05.12.2025 09:37:52.776,  0.5
05.12.2025 09:37:56.776,  0.5
05.12.2025 09:38:00.766,  0.5
05.12.2025 09:38:04.776,  0.0
05.12.2025 09:38:08.777,  0.0
05.12.2025 09:38:12.776,  0.0
05.12.2025 09:38:16.776,  0.0
05.12.2025 09:38:20.777,  0.0
05.12.2025 09:38:24.766,  0.0
05.12.2025 09:38:28.776,  0.0
05.12.2025 09:38:32.766,  0.0
05.12.2025 09:38:36.766,  0.0
05.12.2025 09:38:40.776,  0.0
05.12.2025 09:38:44.766,  0.0
05.12.2025 09:38:48.789,  0.0
05.12.2025 09:38:52.779,  0.0
05.12.2025 09:38:56.790,  0.0
05.12.2025 09:39:00.789,  0.0
05.12.2025 09:39:04.789,  0.0
05.12.2025 09:39:08.789,  0.0
05.12.2025 09:39:12.789,  0.0
05.12.2025 09:39:16.790,  0.0
05.12.2025 09:39:20.790,  0.0
05.12.2025 09:39:24.799,  0.0
05.12.2025 09:39:28.789,  0.0
05.12.2025 09:39:32.799,  0.0
05.12.2025 09:39:36.879,  0.0
05.12.2025 09:39:40.789,  0.0
05.12.2025 09:39:44.799,  0.0
05.12.2025 09:39:48.799,  0.0
05.12.2025 09:39:52.799,  0.0
05.12.2025 09:39:56.799,  0.0
05.12.2025 09:40:00.789,  0.0
05.12.2025 09:40:04.799,  0.0
05.12.2025 09:40:08.789,  0.0
05.12.2025 09:40:12.799,  0.0
05.12.2025 09:40:16.799,  0.0
05.12.2025 09:40:20.799,  0.0
05.12.2025 09:40:24.789,  0.0
05.12.2025 09:40:28.799,  0.0
05.12.2025 09:40:32.799,  0.0
05.12.2025 09:40:36.800,  0.0
05.12.2025 09:40:40.789,  0.0
05.12.2025 09:40:44.799,  0.0
05.12.2025 09:40:48.799,  0.0
05.12.2025 09:40:52.789,  0.0
05.12.2025 09:40:56.799,  0.0
05.12.2025 09:41:00.799,  0.0
05.12.2025 09:41:04.800,  0.0
05.12.2025 09:41:08.789,  0.0
05.12.2025 09:41:12.799,  0.0
05.12.2025 09:41:16.799,  0.0
05.12.2025 09:41:20.789,  0.0
05.12.2025 09:41:24.799,  0.0
05.12.2025 09:41:28.799,  0.0
05.12.2025 09:41:32.799,  0.0
05.12.2025 09:41:36.799,  0.0
05.12.2025 09:41:40.799,  0.0
05.12.2025 09:41:44.789,  0.0
05.12.2025 09:41:48.799,  0.0
05.12.2025 09:41:52.789,  0.0
05.12.2025 09:41:56.799,  0.0
05.12.2025 09:42:00.800,  0.0
05.12.2025 09:42:04.789,  0.0
05.12.2025 09:42:08.799,  0.0
05.12.2025 09:42:12.789,  0.0
05.12.2025 09:42:16.799,  0.0
05.12.2025 09:42:20.800,  0.0
05.12.2025 09:42:24.799,  0.0
05.12.2025 09:42:28.879,  0.0
05.12.2025 09:42:32.799,  0.0
05.12.2025 09:42:36.799,  0.0
05.12.2025 09:42:40.799,  0.0
05.12.2025 09:42:44.800,  0.0
05.12.2025 09:42:48.799,  0.0
05.12.2025 09:42:52.789,  0.0
05.12.2025 09:42:56.789,  0.0
05.12.2025 09:43:00.799,  0.0
05.12.2025 09:43:04.789,  0.0
05.12.2025 09:43:08.799,  0.0
05.12.2025 09:43:12.799,  0.0
05.12.2025 09:43:16.789,  0.0
05.12.2025 09:43:20.789,  0.0
05.12.2025 09:43:24.799,  0.0
05.12.2025 09:43:28.789,  0.0
05.12.2025 09:43:32.789,  0.0
05.12.2025 09:43:36.799,  0.0
05.12.2025 09:43:40.789,  0.0
05.12.2025 09:43:44.789,  0.0
05.12.2025 09:43:48.804,  0.0
05.12.2025 09:43:52.804,  0.0
05.12.2025 09:43:56.814,  0.0
05.12.2025 09:44:00.814,  0.0
05.12.2025 09:44:04.814,  0.0
05.12.2025 09:44:08.804,  0.0
05.12.2025 09:44:12.814,  0.0
05.12.2025 09:44:16.804,  0.0
05.12.2025 09:44:20.814,  0.0
05.12.2025 09:44:24.814,  0.0
05.12.2025 09:44:28.814,  0.0
05.12.2025 09:44:32.814,  0.0
05.12.2025 09:44:36.824,  0.0
05.12.2025 09:44:40.825,  0.0
05.12.2025 09:44:44.814,  0.0
05.12.2025 09:44:48.814,  0.0
05.12.2025 09:44:53.824,  1.2
05.12.2025 09:44:57.824,  0.9
05.12.2025 09:45:01.814,  1.1
05.12.2025 09:45:05.814,  0.9
05.12.2025 09:45:09.824,  1.0
05.12.2025 09:45:13.824,  1.0
05.12.2025 09:45:17.824,  1.0
05.12.2025 09:45:21.814,  1.1
05.12.2025 09:45:25.814,  1.1
05.12.2025 09:45:29.824,  1.1
05.12.2025 09:45:33.814,  1.0
05.12.2025 09:45:37.834,  1.1
05.12.2025 09:45:41.835,  1.1
05.12.2025 09:45:45.834,  1.1
05.12.2025 09:45:49.824,  1.1
05.12.2025 09:45:53.834,  1.1
05.12.2025 09:45:57.824,  1.1
05.12.2025 09:46:01.834,  1.1
05.12.2025 09:46:05.824,  1.1
05.12.2025 09:46:09.834,  1.1
05.12.2025 09:46:13.824,  1.1
05.12.2025 09:46:17.834,  1.1
05.12.2025 09:46:21.834,  1.1
05.12.2025 09:46:25.834,  1.1
05.12.2025 09:46:29.834,  1.1
05.12.2025 09:46:33.834,  1.1
05.12.2025 09:46:37.824,  1.1
05.12.2025 09:46:41.834,  1.1
05.12.2025 09:46:45.824,  1.1
05.12.2025 09:46:49.834,  1.1
05.12.2025 09:46:53.835,  1.1
05.12.2025 09:46:57.824,  1.1
05.12.2025 09:47:01.834,  1.1
05.12.2025 09:47:05.835,  1.1
05.12.2025 09:47:09.834,  1.1
05.12.2025 09:47:13.824,  1.1
05.12.2025 09:47:17.834,  1.1
05.12.2025 09:47:21.824,  1.1
05.12.2025 09:47:25.834,  1.1
05.12.2025 09:47:29.835,  1.1
05.12.2025 09:47:33.824,  1.1
05.12.2025 09:47:37.834,  1.1
05.12.2025 09:47:41.834,  1.1
05.12.2025 09:47:45.834,  1.1
05.12.2025 09:47:49.834,  1.1
05.12.2025 09:47:53.834,  1.1
05.12.2025 09:47:57.824,  1.1
05.12.2025 09:48:01.834,  1.1
05.12.2025 09:48:05.834,  1.1
05.12.2025 09:48:09.824,  1.1
05.12.2025 09:48:13.835,  1.1
05.12.2025 09:48:17.824,  1.1
05.12.2025 09:48:21.824,  1.1
05.12.2025 09:48:25.834,  1.1
05.12.2025 09:48:29.834,  1.1
05.12.2025 09:48:33.824,  1.1
05.12.2025 09:48:37.834,  1.1
05.12.2025 09:48:41.824,  1.1
05.12.2025 09:48:45.834,  1.1
05.12.2025 09:48:49.852,  1.1
05.12.2025 09:48:53.842,  1.1
05.12.2025 09:48:57.852,  1.1
05.12.2025 09:49:01.852,  1.1
05.12.2025 09:49:05.862,  1.1
05.12.2025 09:49:09.852,  1.1
05.12.2025 09:49:13.872,  1.1
05.12.2025 09:49:17.872,  1.1
05.12.2025 09:49:21.882,  1.1
05.12.2025 09:49:25.882,  1.1
05.12.2025 09:49:29.882,  1.1
05.12.2025 09:49:33.892,  1.1
05.12.2025 09:49:37.892,  1.1
05.12.2025 09:49:41.892,  1.1
05.12.2025 09:49:45.882,  1.1
05.12.2025 09:49:49.892,  1.1
05.12.2025 09:49:53.892,  1.1
05.12.2025 09:49:57.893,  1.1
05.12.2025 09:50:01.902,  1.1
05.12.2025 09:50:05.903,  1.1
05.12.2025 09:50:09.902,  1.1
05.12.2025 09:50:13.892,  1.1
05.12.2025 09:50:17.902,  1.1
05.12.2025 09:50:21.892,  1.1
05.12.2025 09:50:25.902,  1.1
05.12.2025 09:50:29.902,  1.1
05.12.2025 09:50:33.892,  1.1
05.12.2025 09:50:37.912,  1.1
05.12.2025 09:50:41.922,  1.1
05.12.2025 09:50:45.922,  1.1
05.12.2025 09:50:49.912,  1.1
05.12.2025 09:50:53.922,  1.1
05.12.2025 09:50:57.912,  1.1
05.12.2025 09:51:01.922,  0.0
05.12.2025 09:51:05.912,  0.0
05.12.2025 09:51:09.922,  0.0
05.12.2025 09:51:13.922,  0.0
05.12.2025 09:51:17.923,  0.0
05.12.2025 09:51:21.922,  0.0
05.12.2025 09:51:25.912,  0.0
05.12.2025 09:51:29.922,  0.0
05.12.2025 09:51:33.922,  0.0
05.12.2025 09:51:37.922,  0.0
05.12.2025 09:51:41.923,  0.0
05.12.2025 09:51:45.912,  0.0
05.12.2025 09:51:49.922,  0.0
05.12.2025 09:51:53.912,  0.0
05.12.2025 09:51:57.922,  0.0
05.12.2025 09:52:01.912,  0.0
05.12.2025 09:52:05.912,  0.0
05.12.2025 09:52:09.922,  0.0
05.12.2025 09:52:13.923,  0.0
05.12.2025 09:52:17.932,  0.0
05.12.2025 09:52:21.932,  0.0
05.12.2025 09:52:25.932,  0.0
05.12.2025 09:52:29.932,  0.0
05.12.2025 09:52:33.922,  0.0
05.12.2025 09:52:37.932,  0.0
05.12.2025 09:52:41.922,  0.0
05.12.2025 09:52:45.922,  0.0
05.12.2025 09:52:49.932,  0.0
05.12.2025 09:52:53.922,  0.0
05.12.2025 09:52:57.932,  0.0
05.12.2025 09:53:01.932,  0.0
05.12.2025 09:53:05.922,  0.0
05.12.2025 09:53:09.932,  0.0
05.12.2025 09:53:13.932,  0.0
05.12.2025 09:53:17.933,  0.0
05.12.2025 09:53:21.922,  0.0
05.12.2025 09:53:25.932,  0.0
05.12.2025 09:53:29.922,  0.0
05.12.2025 09:53:33.932,  0.0
05.12.2025 09:53:37.922,  0.0
05.12.2025 09:53:41.932,  0.0
05.12.2025 09:53:45.932,  0.0
05.12.2025 09:53:49.953,  0.0
05.12.2025 09:53:53.952,  0.0
05.12.2025 09:53:57.952,  0.0
05.12.2025 09:54:01.942,  0.0
05.12.2025 09:54:05.962,  0.0
05.12.2025 09:54:09.962,  0.0
05.12.2025 09:54:13.963,  0.0
05.12.2025 09:54:17.963,  0.0
05.12.2025 09:54:21.962,  0.0
05.12.2025 09:54:25.982,  0.0
05.12.2025 09:54:29.982,  0.0
05.12.2025 09:54:33.972,  0.0
05.12.2025 09:54:37.982,  0.0
05.12.2025 09:54:41.972,  0.0
05.12.2025 09:54:45.982,  0.0
05.12.2025 09:54:49.982,  0.0
05.12.2025 09:54:53.982,  0.0
05.12.2025 09:54:57.982,  0.0
05.12.2025 09:55:01.972,  0.0
05.12.2025 09:55:05.992,  0.0
05.12.2025 09:55:09.992,  0.0
05.12.2025 09:55:13.982,  0.0
05.12.2025 09:55:17.992,  0.0
05.12.2025 09:55:21.982,  0.0
05.12.2025 09:55:25.992,  0.0
05.12.2025 09:55:29.992,  0.0
05.12.2025 09:55:33.992,  0.0
05.12.2025 09:55:37.993,  0.0
05.12.2025 09:55:41.992,  0.0
05.12.2025 09:55:45.992,  0.0
05.12.2025 09:55:49.992,  0.0
05.12.2025 09:55:53.992,  0.0
05.12.2025 09:55:58.002,  0.0
05.12.2025 09:56:02.002,  0.0
05.12.2025 09:56:06.002,  0.0
05.12.2025 09:56:10.003,  0.0
05.12.2025 09:56:13.992,  0.0
05.12.2025 09:56:18.002,  0.0
05.12.2025 09:56:21.992,  0.0
05.12.2025 09:56:26.002,  0.0
05.12.2025 09:56:30.003,  0.0
05.12.2025 09:56:34.002,  0.0
05.12.2025 09:56:37.992,  0.0
05.12.2025 09:56:41.992,  0.0
05.12.2025 09:56:46.002,  0.0
05.12.2025 09:56:49.992,  0.0
05.12.2025 09:56:54.002,  0.0
05.12.2025 09:56:58.002,  0.0
05.12.2025 09:57:01.992,  0.0
05.12.2025 09:57:06.002,  0.0
05.12.2025 09:57:09.992,  0.0
05.12.2025 09:57:14.002,  0.0
05.12.2025 09:57:18.002,  0.0
05.12.2025 09:57:22.002,  0.0
05.12.2025 09:57:26.002,  0.0
05.12.2025 09:57:30.002,  0.0
05.12.2025 09:57:34.012,  0.0
05.12.2025 09:57:38.012,  0.0
05.12.2025 09:57:42.012,  0.0
05.12.2025 09:57:46.012,  0.0
05.12.2025 09:57:50.002,  0.0
05.12.2025 09:57:54.012,  0.0
05.12.2025 09:57:58.002,  0.0
05.12.2025 09:58:02.013,  0.0
05.12.2025 09:58:06.012,  0.0
05.12.2025 09:58:10.012,  0.0
05.12.2025 09:58:14.012,  0.0
05.12.2025 09:58:18.012,  0.0
05.12.2025 09:58:22.012,  0.0
05.12.2025 09:58:26.002,  0.0
05.12.2025 09:58:30.012,  0.0
05.12.2025 09:58:34.012,  0.0
05.12.2025 09:58:38.002,  0.0
05.12.2025 09:58:42.002,  0.0
05.12.2025 09:58:46.002,  0.0
05.12.2025 09:58:50.026,  0.0
05.12.2025 09:58:54.016,  0.0
05.12.2025 09:58:58.026,  0.0
05.12.2025 09:59:02.026,  0.0
05.12.2025 09:59:06.026,  0.0
05.12.2025 09:59:10.016,  0.0
05.12.2025 09:59:14.026,  0.0
05.12.2025 09:59:18.016,  0.0
05.12.2025 09:59:22.026,  0.0
05.12.2025 09:59:26.026,  0.0
05.12.2025 09:59:30.027,  0.0
05.12.2025 09:59:34.016,  0.0
05.12.2025 09:59:38.026,  0.0
05.12.2025 09:59:42.037,  0.0
05.12.2025 09:59:46.036,  0.0
05.12.2025 09:59:50.036,  0.0
05.12.2025 09:59:54.036,  0.0
05.12.2025 09:59:58.036,  0.0
05.12.2025 10:00:02.026,  0.0
05.12.2025 10:00:06.036,  0.0
05.12.2025 10:00:10.026,  0.0
05.12.2025 10:00:14.036,  0.0
05.12.2025 10:00:18.036,  0.0
05.12.2025 10:00:22.036,  0.0
05.12.2025 10:00:26.026,  0.0
05.12.2025 10:00:30.046,  0.0
05.12.2025 10:00:34.046,  0.0
05.12.2025 10:00:38.066,  0.0
05.12.2025 10:00:42.057,  0.0
05.12.2025 10:00:46.076,  0.0
05.12.2025 10:00:50.066,  0.0
05.12.2025 10:00:54.076,  0.0
05.12.2025 10:00:58.076,  0.0
05.12.2025 10:01:02.076,  0.0
05.12.2025 10:01:06.066,  0.0
05.12.2025 10:01:10.066,  0.0
05.12.2025 10:01:14.076,  0.0
05.12.2025 10:01:18.076,  0.0
05.12.2025 10:01:22.076,  0.0
05.12.2025 10:01:26.066,  0.0
05.12.2025 10:01:30.176,  0.0
05.12.2025 10:01:34.076,  0.0
05.12.2025 10:01:38.076,  0.0
05.12.2025 10:01:42.066,  0.0
05.12.2025 10:01:47.076,  1.1
05.12.2025 10:01:51.066,  0.8
05.12.2025 10:01:55.076,  0.9
05.12.2025 10:01:59.076,  0.8
05.12.2025 10:02:03.076,  0.7
05.12.2025 10:02:07.077,  0.6
05.12.2025 10:02:11.076,  0.6
05.12.2025 10:02:15.076,  0.6
05.12.2025 10:02:19.076,  0.5
05.12.2025 10:02:23.076,  0.5
05.12.2025 10:02:27.076,  0.6
05.12.2025 10:02:31.076,  0.6
05.12.2025 10:02:35.066,  0.6
05.12.2025 10:02:39.076,  0.6
05.12.2025 10:02:43.066,  0.6
05.12.2025 10:02:47.076,  0.6
05.12.2025 10:02:51.076,  0.6
05.12.2025 10:02:55.066,  0.6
05.12.2025 10:02:59.066,  0.7
05.12.2025 10:03:03.077,  0.7
05.12.2025 10:03:07.066,  0.7
05.12.2025 10:03:11.076,  0.6
05.12.2025 10:03:15.076,  0.7
05.12.2025 10:03:19.076,  0.7
05.12.2025 10:03:23.066,  0.7
05.12.2025 10:03:27.077,  0.7
05.12.2025 10:03:31.077,  0.7
05.12.2025 10:03:35.066,  0.7
05.12.2025 10:03:39.076,  0.7
05.12.2025 10:03:43.076,  0.7
05.12.2025 10:03:47.086,  0.7
05.12.2025 10:03:51.096,  0.7
05.12.2025 10:03:55.086,  0.7
05.12.2025 10:03:59.106,  0.7
05.12.2025 10:04:03.086,  0.7
05.12.2025 10:04:07.096,  0.7
05.12.2025 10:04:11.086,  0.7
05.12.2025 10:04:15.097,  0.7
05.12.2025 10:04:19.086,  0.7
05.12.2025 10:04:23.086,  0.7
05.12.2025 10:04:27.096,  0.7
05.12.2025 10:04:31.086,  0.7
05.12.2025 10:04:35.097,  0.7
05.12.2025 10:04:39.086,  0.7
05.12.2025 10:04:43.096,  0.7
05.12.2025 10:04:47.096,  0.7
05.12.2025 10:04:51.086,  0.7
05.12.2025 10:04:55.096,  0.7
05.12.2025 10:04:59.096,  0.7
05.12.2025 10:05:03.086,  0.7
05.12.2025 10:05:07.106,  0.7
05.12.2025 10:05:11.106,  0.7
05.12.2025 10:05:15.106,  0.7
05.12.2025 10:05:19.108,  0.7
05.12.2025 10:05:23.106,  0.7
05.12.2025 10:05:27.096,  0.7
05.12.2025 10:05:31.096,  0.7
05.12.2025 10:05:35.106,  0.7
05.12.2025 10:05:39.106,  0.7
05.12.2025 10:05:43.096,  0.7
05.12.2025 10:05:47.106,  0.7
05.12.2025 10:05:51.106,  0.7
05.12.2025 10:05:55.106,  0.7
05.12.2025 10:05:59.096,  0.7
05.12.2025 10:06:03.116,  0.7
05.12.2025 10:06:07.116,  0.7
05.12.2025 10:06:11.106,  0.7
05.12.2025 10:06:15.116,  0.7
05.12.2025 10:06:19.106,  0.7
05.12.2025 10:06:23.126,  0.7
05.12.2025 10:06:27.127,  0.7
05.12.2025 10:06:31.127,  0.7
05.12.2025 10:06:35.126,  0.7
05.12.2025 10:06:39.116,  0.7
05.12.2025 10:06:43.136,  0.7
05.12.2025 10:06:47.136,  0.7
05.12.2025 10:06:51.136,  0.7
05.12.2025 10:06:55.126,  0.7
05.12.2025 10:06:59.216,  0.7
05.12.2025 10:07:03.136,  0.7
05.12.2025 10:07:07.136,  0.7
05.12.2025 10:07:11.126,  0.7
05.12.2025 10:07:15.136,  0.7
05.12.2025 10:07:19.137,  0.7
05.12.2025 10:07:23.136,  0.7
05.12.2025 10:07:27.126,  0.7
05.12.2025 10:07:31.136,  0.7
05.12.2025 10:07:35.137,  0.7
05.12.2025 10:07:39.126,  0.7
05.12.2025 10:07:43.136,  0.7
05.12.2025 10:07:47.137,  0.7
05.12.2025 10:07:51.136,  0.7
05.12.2025 10:07:55.137,  0.7
05.12.2025 10:07:59.126,  0.7
05.12.2025 10:08:03.136,  0.7
05.12.2025 10:08:07.136,  0.7
05.12.2025 10:08:11.126,  0.7
05.12.2025 10:08:15.136,  0.7
05.12.2025 10:08:19.146,  0.7
05.12.2025 10:08:23.146,  0.7
05.12.2025 10:08:27.136,  0.7
05.12.2025 10:08:31.146,  0.7
05.12.2025 10:08:35.146,  0.7
05.12.2025 10:08:39.136,  0.7
05.12.2025 10:08:43.136,  0.7
05.12.2025 10:08:47.144,  0.7
05.12.2025 10:08:51.144,  0.7
05.12.2025 10:08:55.154,  0.7
05.12.2025 10:08:59.164,  0.7
05.12.2025 10:09:03.164,  0.7
05.12.2025 10:09:07.164,  0.7
05.12.2025 10:09:11.164,  0.7
05.12.2025 10:09:15.164,  0.7
05.12.2025 10:09:19.164,  0.7
05.12.2025 10:09:23.154,  0.7
05.12.2025 10:09:27.164,  0.7
05.12.2025 10:09:31.154,  0.7
05.12.2025 10:09:35.164,  0.7
05.12.2025 10:09:39.164,  0.7
05.12.2025 10:09:43.164,  0.7
05.12.2025 10:09:47.154,  0.7
05.12.2025 10:09:51.154,  0.7
05.12.2025 10:09:55.164,  0.7
05.12.2025 10:09:59.164,  0.7
05.12.2025 10:10:03.165,  0.7
05.12.2025 10:10:07.164,  0.7
05.12.2025 10:10:11.154,  0.7
05.12.2025 10:10:15.164,  0.7
05.12.2025 10:10:19.164,  0.7
05.12.2025 10:10:23.154,  0.7
05.12.2025 10:10:27.164,  0.7
05.12.2025 10:10:31.164,  0.7
05.12.2025 10:10:35.164,  0.7
05.12.2025 10:10:39.164,  0.7
05.12.2025 10:10:43.154,  0.7
05.12.2025 10:10:47.164,  0.7
05.12.2025 10:10:51.154,  0.7
05.12.2025 10:10:55.164,  0.7
05.12.2025 10:10:59.164,  0.7
05.12.2025 10:11:03.164,  0.7
05.12.2025 10:11:07.154,  0.7
05.12.2025 10:11:11.154,  0.7
05.12.2025 10:11:15.154,  0.7
05.12.2025 10:11:19.164,  0.7
05.12.2025 10:11:23.164,  0.7
05.12.2025 10:11:27.164,  0.7
05.12.2025 10:11:31.154,  0.7
05.12.2025 10:11:35.164,  0.7
05.12.2025 10:11:39.154,  0.7
05.12.2025 10:11:43.164,  0.7
05.12.2025 10:11:47.154,  0.7
05.12.2025 10:11:51.164,  0.7
05.12.2025 10:11:55.164,  0.7
05.12.2025 10:11:59.164,  0.7
05.12.2025 10:12:03.154,  0.7
05.12.2025 10:12:07.165,  0.7
05.12.2025 10:12:11.154,  0.7
05.12.2025 10:12:15.164,  0.7
05.12.2025 10:12:19.164,  0.7
05.12.2025 10:12:23.164,  0.7
05.12.2025 10:12:27.154,  0.7
05.12.2025 10:12:31.164,  0.7
05.12.2025 10:12:35.154,  0.7
05.12.2025 10:12:39.154,  0.7
05.12.2025 10:12:43.164,  0.7
05.12.2025 10:12:47.154,  0.7
05.12.2025 10:12:51.164,  0.7
05.12.2025 10:12:55.154,  0.7
05.12.2025 10:12:59.164,  0.7
05.12.2025 10:13:03.154,  0.7
05.12.2025 10:13:07.154,  0.7
05.12.2025 10:13:11.154,  0.7
05.12.2025 10:13:15.154,  0.7
05.12.2025 10:13:19.164,  0.7
05.12.2025 10:13:23.164,  0.7
05.12.2025 10:13:27.174,  0.7
05.12.2025 10:13:31.164,  0.7
05.12.2025 10:13:35.174,  0.7
05.12.2025 10:13:39.164,  0.7
05.12.2025 10:13:43.174,  0.7
05.12.2025 10:13:47.179,  0.7
05.12.2025 10:13:51.189,  0.7
05.12.2025 10:13:55.189,  0.7
05.12.2025 10:13:59.189,  0.7
05.12.2025 10:14:03.179,  0.7
05.12.2025 10:14:07.189,  0.7
05.12.2025 10:14:11.179,  0.7
05.12.2025 10:14:15.189,  0.7
05.12.2025 10:14:19.189,  0.7
05.12.2025 10:14:23.179,  0.7
05.12.2025 10:14:27.189,  0.7
05.12.2025 10:14:31.190,  0.7
05.12.2025 10:14:35.190,  0.7
05.12.2025 10:14:39.179,  0.7
05.12.2025 10:14:43.199,  0.7
05.12.2025 10:14:47.189,  0.7
05.12.2025 10:14:51.199,  0.7
05.12.2025 10:14:55.189,  0.7
05.12.2025 10:14:59.189,  0.0
05.12.2025 10:15:03.199,  0.0
05.12.2025 10:15:07.199,  0.0
05.12.2025 10:15:11.199,  0.0
05.12.2025 10:15:15.199,  0.0
05.12.2025 10:15:19.189,  0.0
05.12.2025 10:15:23.199,  0.0
05.12.2025 10:15:27.189,  0.0
05.12.2025 10:15:31.199,  0.0
05.12.2025 10:15:35.199,  0.0
05.12.2025 10:15:39.209,  0.0
05.12.2025 10:15:43.199,  0.0
05.12.2025 10:15:47.209,  0.0
05.12.2025 10:15:51.209,  0.0
05.12.2025 10:15:55.199,  0.0
05.12.2025 10:15:59.209,  0.0
05.12.2025 10:16:03.219,  0.0
05.12.2025 10:16:07.229,  0.0
05.12.2025 10:16:11.229,  0.0
05.12.2025 10:16:15.229,  0.0
05.12.2025 10:16:19.219,  0.0
05.12.2025 10:16:23.230,  0.0
05.12.2025 10:16:27.219,  0.0
05.12.2025 10:16:31.229,  0.0
05.12.2025 10:16:35.219,  0.0
05.12.2025 10:16:39.229,  0.0
05.12.2025 10:16:43.229,  0.0
05.12.2025 10:16:47.230,  0.0
05.12.2025 10:16:51.229,  0.0
05.12.2025 10:16:55.230,  0.0
05.12.2025 10:16:59.229,  0.0
05.12.2025 10:17:03.229,  0.0
05.12.2025 10:17:07.229,  0.0
05.12.2025 10:17:11.229,  0.0
05.12.2025 10:17:15.230,  0.0
05.12.2025 10:17:19.230,  0.0
05.12.2025 10:17:23.229,  0.0
05.12.2025 10:17:27.229,  0.0
05.12.2025 10:17:31.229,  0.0
05.12.2025 10:17:35.229,  0.0
05.12.2025 10:17:39.229,  0.0
05.12.2025 10:17:43.219,  0.0
05.12.2025 10:17:47.229,  0.0
05.12.2025 10:17:51.229,  0.0
05.12.2025 10:17:55.229,  0.0
05.12.2025 10:17:59.219,  0.0
05.12.2025 10:18:03.219,  0.0
05.12.2025 10:18:07.229,  0.0
05.12.2025 10:18:11.219,  0.0
05.12.2025 10:18:15.219,  0.0
05.12.2025 10:18:19.229,  0.0
05.12.2025 10:18:23.219,  0.0
05.12.2025 10:18:27.229,  0.0
05.12.2025 10:18:31.230,  0.0
05.12.2025 10:18:35.229,  0.0
05.12.2025 10:18:39.219,  0.0
05.12.2025 10:18:43.239,  0.0
05.12.2025 10:18:47.252,  0.0
05.12.2025 10:18:51.242,  0.0
05.12.2025 10:18:55.252,  0.0
05.12.2025 10:18:59.242,  0.0
05.12.2025 10:19:03.263,  0.0
05.12.2025 10:19:07.263,  0.0
05.12.2025 10:19:11.252,  0.0
05.12.2025 10:19:15.262,  0.0
05.12.2025 10:19:19.252,  0.0
05.12.2025 10:19:23.262,  0.0
05.12.2025 10:19:27.252,  0.0
05.12.2025 10:19:31.262,  0.0
05.12.2025 10:19:35.262,  0.0
05.12.2025 10:19:39.252,  0.0
05.12.2025 10:19:43.262,  0.0
05.12.2025 10:19:47.252,  0.0
05.12.2025 10:19:51.262,  0.0
05.12.2025 10:19:55.252,  0.0
05.12.2025 10:19:59.262,  0.0
05.12.2025 10:20:03.252,  0.0
05.12.2025 10:20:07.262,  0.0
05.12.2025 10:20:11.263,  0.0
05.12.2025 10:20:15.264,  0.0
05.12.2025 10:20:19.262,  0.0
05.12.2025 10:20:23.252,  0.0
05.12.2025 10:20:27.262,  0.0
05.12.2025 10:20:31.252,  0.0
05.12.2025 10:20:35.262,  0.0
05.12.2025 10:20:39.262,  0.0
05.12.2025 10:20:43.262,  0.0
05.12.2025 10:20:47.262,  0.0
05.12.2025 10:20:51.262,  0.0
05.12.2025 10:20:55.252,  0.0
05.12.2025 10:20:59.252,  0.0
05.12.2025 10:21:03.262,  0.0
05.12.2025 10:21:07.262,  0.0
05.12.2025 10:21:11.262,  0.0
05.12.2025 10:21:15.252,  0.0
05.12.2025 10:21:19.262,  0.0
05.12.2025 10:21:23.262,  0.0
05.12.2025 10:21:27.262,  0.0
05.12.2025 10:21:31.252,  0.0
05.12.2025 10:21:35.262,  0.0
05.12.2025 10:21:39.252,  0.0
05.12.2025 10:21:43.262,  0.0
05.12.2025 10:21:47.262,  0.0
05.12.2025 10:21:51.252,  0.0
05.12.2025 10:21:55.422,  0.0
05.12.2025 10:21:59.252,  0.0
05.12.2025 10:22:03.262,  0.0
05.12.2025 10:22:07.262,  0.0
05.12.2025 10:22:11.262,  0.0
05.12.2025 10:22:16.462,  0.0
05.12.2025 10:22:20.252,  0.9
05.12.2025 10:22:24.262,  0.6
05.12.2025 10:22:28.262,  0.5
05.12.2025 10:22:32.263,  0.5
05.12.2025 10:22:36.262,  0.4
05.12.2025 10:22:40.262,  0.5
05.12.2025 10:22:44.262,  0.5
05.12.2025 10:22:48.262,  0.5
05.12.2025 10:22:52.252,  0.5
05.12.2025 10:22:56.262,  0.5
05.12.2025 10:23:00.252,  0.5
05.12.2025 10:23:04.262,  0.5
05.12.2025 10:23:08.262,  0.5
05.12.2025 10:23:12.262,  0.5
05.12.2025 10:23:16.262,  0.5
05.12.2025 10:23:20.272,  0.5
05.12.2025 10:23:24.273,  0.5
05.12.2025 10:23:28.262,  0.5
05.12.2025 10:23:32.272,  0.5
05.12.2025 10:23:36.262,  0.5
05.12.2025 10:23:40.272,  0.5
05.12.2025 10:23:44.273,  0.5
05.12.2025 10:23:48.298,  0.5
05.12.2025 10:23:52.308,  0.5
05.12.2025 10:23:56.308,  0.5
05.12.2025 10:24:00.318,  0.5
05.12.2025 10:24:04.308,  0.5
05.12.2025 10:24:08.318,  0.5
05.12.2025 10:24:12.308,  0.5
05.12.2025 10:24:16.318,  0.5
05.12.2025 10:24:20.318,  0.5
05.12.2025 10:24:24.318,  0.5
05.12.2025 10:24:28.308,  0.5
05.12.2025 10:24:32.318,  0.5
05.12.2025 10:24:36.318,  0.5
05.12.2025 10:24:40.318,  0.5
05.12.2025 10:24:44.308,  0.5
05.12.2025 10:24:48.318,  0.5
05.12.2025 10:24:52.308,  0.5
05.12.2025 10:24:56.318,  0.5
05.12.2025 10:25:00.318,  0.5
05.12.2025 10:25:04.319,  0.5
05.12.2025 10:25:08.318,  0.5
05.12.2025 10:25:12.318,  0.5
05.12.2025 10:25:16.318,  0.5
05.12.2025 10:25:20.318,  0.5
05.12.2025 10:25:24.318,  0.5
05.12.2025 10:25:28.308,  0.5
05.12.2025 10:25:32.318,  0.5
05.12.2025 10:25:36.318,  0.5
05.12.2025 10:25:40.318,  0.5
05.12.2025 10:25:44.308,  0.5
05.12.2025 10:25:48.308,  0.5
05.12.2025 10:25:52.318,  0.5
05.12.2025 10:25:56.308,  0.5
05.12.2025 10:26:00.318,  0.5
05.12.2025 10:26:04.318,  0.5
05.12.2025 10:26:08.318,  0.5
05.12.2025 10:26:12.308,  0.5
05.12.2025 10:26:16.308,  0.5
05.12.2025 10:26:20.318,  0.5
05.12.2025 10:26:24.319,  0.5
05.12.2025 10:26:28.308,  0.5
05.12.2025 10:26:32.308,  0.5
05.12.2025 10:26:36.308,  0.5
05.12.2025 10:26:40.318,  0.5
05.12.2025 10:26:44.308,  0.5
05.12.2025 10:26:48.318,  0.5
05.12.2025 10:26:52.318,  0.5
05.12.2025 10:26:56.308,  0.5
05.12.2025 10:27:00.308,  0.5
05.12.2025 10:27:04.319,  0.5
05.12.2025 10:27:08.308,  0.5
05.12.2025 10:27:12.318,  0.5
05.12.2025 10:27:16.308,  0.5
05.12.2025 10:27:20.318,  0.5
05.12.2025 10:27:24.318,  0.5
05.12.2025 10:27:28.318,  0.5
05.12.2025 10:27:32.318,  0.5
05.12.2025 10:27:36.328,  0.5
05.12.2025 10:27:40.318,  0.5
05.12.2025 10:27:44.318,  0.5
05.12.2025 10:27:48.328,  0.4
05.12.2025 10:27:52.329,  0.3
05.12.2025 10:27:56.338,  0.4
05.12.2025 10:28:00.339,  0.3
05.12.2025 10:28:04.338,  0.3
05.12.2025 10:28:08.328,  0.3
05.12.2025 10:28:12.338,  0.4
05.12.2025 10:28:16.338,  0.4
05.12.2025 10:28:20.338,  0.4
05.12.2025 10:28:24.328,  0.4
05.12.2025 10:28:28.348,  0.5
05.12.2025 10:28:32.338,  0.5
05.12.2025 10:28:36.348,  0.5
05.12.2025 10:28:40.338,  0.0
05.12.2025 10:28:44.338,  0.0
05.12.2025 10:28:48.361,  0.0
05.12.2025 10:28:52.361,  0.0
05.12.2025 10:28:56.351,  0.0
05.12.2025 10:29:00.361,  0.0
05.12.2025 10:29:04.351,  0.0
05.12.2025 10:29:08.361,  0.0
05.12.2025 10:29:12.361,  0.0
05.12.2025 10:29:16.361,  0.0
05.12.2025 10:29:20.371,  0.0
05.12.2025 10:29:24.361,  0.0
05.12.2025 10:29:28.371,  0.0
05.12.2025 10:29:32.372,  0.0
05.12.2025 10:29:36.361,  0.0
05.12.2025 10:29:40.371,  0.0
05.12.2025 10:29:44.361,  0.0
05.12.2025 10:29:48.471,  0.0
05.12.2025 10:29:52.371,  0.0
05.12.2025 10:29:56.361,  0.0
05.12.2025 10:30:00.371,  0.0
05.12.2025 10:30:04.371,  0.0
05.12.2025 10:30:08.361,  0.0
05.12.2025 10:30:12.371,  0.0
05.12.2025 10:30:16.371,  0.0
05.12.2025 10:30:20.361,  0.0
05.12.2025 10:30:24.371,  0.0
05.12.2025 10:30:28.471,  0.0
05.12.2025 10:30:32.371,  0.0
05.12.2025 10:30:36.472,  0.0
05.12.2025 10:30:40.371,  0.0
05.12.2025 10:30:44.361,  0.0
05.12.2025 10:30:48.371,  0.0
05.12.2025 10:30:52.361,  0.0
05.12.2025 10:30:56.361,  0.0
05.12.2025 10:31:00.371,  0.0
05.12.2025 10:31:04.371,  0.0
05.12.2025 10:31:08.371,  0.0
05.12.2025 10:31:12.361,  0.0
05.12.2025 10:31:16.371,  0.0
05.12.2025 10:31:20.372,  0.0
05.12.2025 10:31:24.361,  0.0
05.12.2025 10:31:28.361,  0.0
05.12.2025 10:31:32.371,  0.0
05.12.2025 10:31:36.361,  0.0
05.12.2025 10:31:40.371,  0.0
05.12.2025 10:31:44.361,  0.0
05.12.2025 10:31:48.372,  0.0
05.12.2025 10:31:52.361,  0.0
05.12.2025 10:31:56.371,  0.0
05.12.2025 10:32:00.361,  0.0
05.12.2025 10:32:04.361,  0.0
05.12.2025 10:32:08.361,  0.0
05.12.2025 10:32:12.371,  0.0
05.12.2025 10:32:16.372,  0.0
05.12.2025 10:32:20.371,  0.0
05.12.2025 10:32:24.361,  0.0
05.12.2025 10:32:28.371,  0.0
05.12.2025 10:32:32.371,  0.0
05.12.2025 10:32:36.372,  0.0
05.12.2025 10:32:40.371,  0.0
05.12.2025 10:32:44.361,  0.0
05.12.2025 10:32:48.371,  0.0
05.12.2025 10:32:52.381,  0.0
05.12.2025 10:32:56.381,  0.0
05.12.2025 10:33:00.381,  0.0
05.12.2025 10:33:04.371,  0.0
05.12.2025 10:33:08.382,  0.0
05.12.2025 10:33:12.371,  0.0
05.12.2025 10:33:16.381,  0.0
05.12.2025 10:33:20.501,  0.0
05.12.2025 10:33:24.381,  0.0
05.12.2025 10:33:28.371,  0.0
05.12.2025 10:33:32.381,  0.0
05.12.2025 10:33:36.371,  0.0
05.12.2025 10:33:40.501,  0.0
05.12.2025 10:33:44.381,  0.0
05.12.2025 10:33:48.400,  0.0
05.12.2025 10:33:52.390,  0.0
05.12.2025 10:33:56.400,  0.0
05.12.2025 10:34:00.400,  0.0
05.12.2025 10:34:04.401,  0.0
05.12.2025 10:34:08.400,  0.0
05.12.2025 10:34:12.390,  0.0
05.12.2025 10:34:16.400,  0.0
05.12.2025 10:34:20.400,  0.0
05.12.2025 10:34:24.390,  0.0
05.12.2025 10:34:28.400,  0.0
05.12.2025 10:34:32.390,  0.0
05.12.2025 10:34:36.400,  0.0
05.12.2025 10:34:40.400,  0.0
05.12.2025 10:34:44.400,  0.0
05.12.2025 10:34:48.401,  0.0
05.12.2025 10:34:52.400,  0.0
05.12.2025 10:34:56.410,  0.0
05.12.2025 10:35:00.410,  0.0
05.12.2025 10:35:04.410,  0.0
05.12.2025 10:35:08.400,  0.0
05.12.2025 10:35:12.410,  0.0
05.12.2025 10:35:16.410,  0.0
05.12.2025 10:35:20.410,  0.0
05.12.2025 10:35:24.400,  0.0
05.12.2025 10:35:28.410,  0.0
05.12.2025 10:35:32.411,  0.0
05.12.2025 10:35:36.400,  0.0
05.12.2025 10:35:40.410,  0.0
05.12.2025 10:35:44.400,  0.0
05.12.2025 10:35:48.410,  0.0
05.12.2025 10:35:52.411,  0.0
05.12.2025 10:35:56.410,  0.0
05.12.2025 10:36:00.410,  0.0
05.12.2025 10:36:04.400,  0.0
05.12.2025 10:36:08.411,  0.0
05.12.2025 10:36:12.410,  0.0
05.12.2025 10:36:16.410,  0.0
05.12.2025 10:36:20.400,  0.0
05.12.2025 10:36:24.410,  0.0
05.12.2025 10:36:28.400,  0.0
05.12.2025 10:36:32.410,  0.0
05.12.2025 10:36:36.411,  0.0
05.12.2025 10:36:40.411,  0.0
05.12.2025 10:36:46.400,  1.4
05.12.2025 10:36:50.410,  0.7
05.12.2025 10:36:54.400,  0.7
05.12.2025 10:36:58.400,  0.6
05.12.2025 10:37:02.411,  0.7
05.12.2025 10:37:06.400,  0.5
05.12.2025 10:37:10.410,  0.4
05.12.2025 10:37:14.420,  0.4
05.12.2025 10:37:18.420,  0.4
05.12.2025 10:37:22.410,  0.3
05.12.2025 10:37:26.421,  0.3
05.12.2025 10:37:30.420,  0.4
05.12.2025 10:37:34.410,  0.5
05.12.2025 10:37:38.420,  0.6
05.12.2025 10:37:42.410,  0.6
05.12.2025 10:37:46.420,  0.6
05.12.2025 10:37:50.410,  0.6
05.12.2025 10:37:54.420,  0.6
05.12.2025 10:37:58.420,  0.7
05.12.2025 10:38:02.420,  0.7
05.12.2025 10:38:06.420,  0.7
05.12.2025 10:38:10.420,  0.7
05.12.2025 10:38:14.410,  0.7
05.12.2025 10:38:18.421,  0.7
05.12.2025 10:38:22.410,  0.7
05.12.2025 10:38:26.420,  0.7
05.12.2025 10:38:30.430,  0.7
05.12.2025 10:38:34.430,  0.7
05.12.2025 10:38:38.430,  0.7
05.12.2025 10:38:42.431,  0.7
05.12.2025 10:38:46.430,  0.7
05.12.2025 10:38:50.431,  0.7
05.12.2025 10:38:54.431,  0.7
05.12.2025 10:38:58.441,  0.7
05.12.2025 10:39:02.431,  0.7
05.12.2025 10:39:06.441,  0.7
05.12.2025 10:39:10.441,  0.7
05.12.2025 10:39:14.451,  0.6
05.12.2025 10:39:18.441,  0.4
05.12.2025 10:39:22.451,  0.4
05.12.2025 10:39:26.462,  0.4
05.12.2025 10:39:30.462,  0.3
05.12.2025 10:39:34.461,  0.3
05.12.2025 10:39:38.451,  0.4
05.12.2025 10:39:42.461,  0.5
05.12.2025 10:39:46.451,  0.5
05.12.2025 10:39:50.461,  0.5
05.12.2025 10:39:54.451,  0.5
05.12.2025 10:39:58.461,  0.5
05.12.2025 10:40:02.461,  0.6
05.12.2025 10:40:06.451,  0.6
05.12.2025 10:40:10.461,  0.6
05.12.2025 10:40:14.461,  0.6
05.12.2025 10:40:18.461,  0.6
05.12.2025 10:40:22.451,  0.6
05.12.2025 10:40:26.461,  0.6
05.12.2025 10:40:30.461,  0.6
05.12.2025 10:40:34.461,  0.6
05.12.2025 10:40:38.462,  0.6
05.12.2025 10:40:42.461,  0.6
05.12.2025 10:40:46.451,  0.6
05.12.2025 10:40:50.461,  0.6
05.12.2025 10:40:54.451,  0.6
05.12.2025 10:40:58.461,  0.6
05.12.2025 10:41:02.461,  0.6
05.12.2025 10:41:06.461,  0.6
05.12.2025 10:41:10.461,  0.6
05.12.2025 10:41:14.451,  0.7
05.12.2025 10:41:18.461,  0.7
05.12.2025 10:41:22.451,  0.7
05.12.2025 10:41:26.461,  0.7
05.12.2025 10:41:30.461,  0.7
05.12.2025 10:41:34.461,  0.7
05.12.2025 10:41:38.461,  0.7
05.12.2025 10:41:42.451,  0.7
05.12.2025 10:41:46.461,  0.7
05.12.2025 10:41:50.461,  0.5
05.12.2025 10:41:54.461,  0.5
05.12.2025 10:41:58.471,  0.4
05.12.2025 10:42:02.471,  0.4
05.12.2025 10:42:06.461,  0.3
05.12.2025 10:42:10.461,  0.3
05.12.2025 10:42:14.471,  0.4
05.12.2025 10:42:18.471,  0.5
05.12.2025 10:42:22.471,  0.5
05.12.2025 10:42:26.461,  0.5
05.12.2025 10:42:30.471,  0.6
05.12.2025 10:42:34.481,  0.6
05.12.2025 10:42:38.471,  0.6
05.12.2025 10:42:42.481,  0.5
05.12.2025 10:42:46.471,  0.6
05.12.2025 10:42:50.481,  0.6
05.12.2025 10:42:54.471,  0.6
05.12.2025 10:42:58.481,  0.6
05.12.2025 10:43:02.481,  0.6
05.12.2025 10:43:06.471,  0.6
05.12.2025 10:43:10.481,  0.6
05.12.2025 10:43:14.471,  0.6
05.12.2025 10:43:18.471,  0.6
05.12.2025 10:43:22.481,  0.6
05.12.2025 10:43:26.471,  0.6
05.12.2025 10:43:30.481,  0.6
05.12.2025 10:43:34.481,  0.6
05.12.2025 10:43:38.481,  0.6
05.12.2025 10:43:42.471,  0.6
05.12.2025 10:43:46.491,  0.6
05.12.2025 10:43:50.514,  0.6
05.12.2025 10:43:54.514,  0.6
05.12.2025 10:43:58.524,  0.6
05.12.2025 10:44:02.524,  0.5
05.12.2025 10:44:06.514,  0.6
05.12.2025 10:44:10.524,  0.7
05.12.2025 10:44:14.514,  0.7
05.12.2025 10:44:18.524,  0.6
05.12.2025 10:44:22.514,  0.6
05.12.2025 10:44:26.514,  0.5
05.12.2025 10:44:30.525,  0.4
05.12.2025 10:44:34.524,  0.3
05.12.2025 10:44:38.514,  0.3
05.12.2025 10:44:42.524,  0.3
05.12.2025 10:44:46.524,  0.2
05.12.2025 10:44:50.524,  0.3
05.12.2025 10:44:54.524,  0.4
05.12.2025 10:44:58.524,  0.4
05.12.2025 10:45:01.525,  0.4
05.12.2025 10:45:05.514,  0.0
05.12.2025 10:45:09.524,  0.0
05.12.2025 10:45:13.514,  0.0
05.12.2025 10:45:17.514,  0.0
05.12.2025 10:45:21.525,  0.0
05.12.2025 10:45:25.524,  0.0
05.12.2025 10:45:29.514,  0.0
05.12.2025 10:45:33.524,  0.0
05.12.2025 10:45:37.514,  0.0
05.12.2025 10:45:41.524,  0.0
05.12.2025 10:45:45.524,  0.0
05.12.2025 10:45:49.514,  0.0
05.12.2025 10:45:53.524,  0.0
05.12.2025 10:45:57.525,  0.0
05.12.2025 10:46:01.514,  0.0
05.12.2025 10:46:05.524,  0.0
05.12.2025 10:46:09.644,  0.0
05.12.2025 10:46:13.524,  0.0
05.12.2025 10:46:17.514,  0.0
05.12.2025 10:46:21.524,  0.0
05.12.2025 10:46:25.525,  0.0
05.12.2025 10:46:29.524,  0.0
05.12.2025 10:46:33.525,  0.0
05.12.2025 10:46:37.514,  0.0
05.12.2025 10:46:41.524,  0.0
05.12.2025 10:46:45.524,  0.0
05.12.2025 10:46:49.514,  0.0
05.12.2025 10:46:53.524,  0.0
05.12.2025 10:46:57.526,  0.0
05.12.2025 10:47:01.524,  0.0
05.12.2025 10:47:05.534,  0.0
05.12.2025 10:47:09.544,  0.0
05.12.2025 10:47:13.544,  0.0
05.12.2025 10:47:17.534,  0.0
05.12.2025 10:47:21.544,  0.0
05.12.2025 10:47:25.534,  0.0
05.12.2025 10:47:29.544,  0.0
05.12.2025 10:47:33.534,  0.0
05.12.2025 10:47:37.544,  0.0
05.12.2025 10:47:41.534,  0.0
05.12.2025 10:47:45.534,  0.0
05.12.2025 10:47:49.545,  0.0
05.12.2025 10:47:53.554,  0.0
05.12.2025 10:47:57.554,  0.0
05.12.2025 10:48:01.544,  0.0
05.12.2025 10:48:05.554,  0.0
05.12.2025 10:48:09.544,  0.0
05.12.2025 10:48:13.554,  0.0
05.12.2025 10:48:17.554,  0.0
05.12.2025 10:48:21.544,  0.0
05.12.2025 10:48:25.554,  0.0
05.12.2025 10:48:29.544,  0.0
05.12.2025 10:48:33.554,  0.0
05.12.2025 10:48:37.554,  0.0
05.12.2025 10:48:41.544,  0.0
05.12.2025 10:48:45.554,  0.0
05.12.2025 10:48:49.550,  0.0
05.12.2025 10:48:53.560,  0.0
05.12.2025 10:48:57.560,  0.0
05.12.2025 10:49:01.560,  0.0
05.12.2025 10:49:05.550,  0.0
05.12.2025 10:49:09.550,  0.0
05.12.2025 10:49:13.560,  0.0
05.12.2025 10:49:17.561,  0.0
05.12.2025 10:49:21.560,  0.0
05.12.2025 10:49:25.560,  0.0
05.12.2025 10:49:29.550,  0.0
05.12.2025 10:49:33.560,  0.0
05.12.2025 10:49:37.560,  0.0
05.12.2025 10:49:41.560,  0.0
05.12.2025 10:49:45.550,  0.0
05.12.2025 10:49:49.560,  0.0
05.12.2025 10:49:53.560,  0.0
05.12.2025 10:49:57.550,  0.0
05.12.2025 10:50:01.560,  0.0
05.12.2025 10:50:05.560,  0.0
05.12.2025 10:50:09.560,  0.0
05.12.2025 10:50:13.550,  0.0
05.12.2025 10:50:17.550,  0.0
05.12.2025 10:50:21.560,  0.0
05.12.2025 10:50:25.550,  0.0
05.12.2025 10:50:29.550,  0.0
05.12.2025 10:50:33.560,  0.0
05.12.2025 10:50:37.560,  0.0
05.12.2025 10:50:41.560,  0.0
05.12.2025 10:50:45.561,  0.0
05.12.2025 10:50:49.550,  0.0
05.12.2025 10:50:53.560,  0.0
05.12.2025 10:50:57.550,  0.0
05.12.2025 10:51:01.560,  0.0
05.12.2025 10:51:05.550,  0.0
05.12.2025 10:51:09.550,  0.0
05.12.2025 10:51:13.570,  0.0
05.12.2025 10:51:17.571,  0.0
05.12.2025 10:51:21.570,  0.0
05.12.2025 10:51:25.560,  0.0
05.12.2025 10:51:29.560,  0.0
05.12.2025 10:51:33.570,  0.0
05.12.2025 10:51:37.570,  0.0
05.12.2025 10:51:41.570,  0.0
05.12.2025 10:51:45.570,  0.0
05.12.2025 10:51:49.570,  0.0
05.12.2025 10:51:53.571,  0.0
05.12.2025 10:51:57.560,  0.0
05.12.2025 10:52:01.570,  0.0
05.12.2025 10:52:05.570,  0.0
05.12.2025 10:52:09.580,  0.0
05.12.2025 10:52:13.580,  0.0
05.12.2025 10:52:17.582,  0.0
05.12.2025 10:52:21.570,  0.0
05.12.2025 10:52:25.580,  0.0
05.12.2025 10:52:29.580,  0.0
05.12.2025 10:52:33.570,  0.0
05.12.2025 10:52:37.581,  0.0
05.12.2025 10:52:42.570,  0.2
05.12.2025 10:52:46.580,  0.1
05.12.2025 10:52:50.581,  0.1
05.12.2025 10:52:54.580,  0.1
05.12.2025 10:52:58.580,  0.0
05.12.2025 10:53:02.580,  0.0
05.12.2025 10:53:06.581,  0.0
05.12.2025 10:53:10.590,  0.0
05.12.2025 10:53:14.590,  0.0
05.12.2025 10:53:18.590,  0.0
05.12.2025 10:53:22.590,  0.0
05.12.2025 10:53:26.580,  0.0
05.12.2025 10:53:30.590,  0.0
05.12.2025 10:53:34.580,  0.0
05.12.2025 10:53:38.590,  0.0
05.12.2025 10:53:42.590,  0.0
05.12.2025 10:53:46.590,  0.0
05.12.2025 10:53:50.620,  0.0
05.12.2025 10:53:54.620,  0.2
05.12.2025 10:53:58.630,  0.1
05.12.2025 10:54:02.631,  0.3
05.12.2025 10:54:06.621,  0.3
05.12.2025 10:54:10.640,  0.3
05.12.2025 10:54:14.640,  0.2
05.12.2025 10:54:18.630,  0.2
05.12.2025 10:54:22.640,  0.2
05.12.2025 10:54:26.630,  0.2
05.12.2025 10:54:30.640,  0.0
05.12.2025 10:54:34.640,  0.0
05.12.2025 10:54:38.650,  0.0
05.12.2025 10:54:42.651,  0.0
05.12.2025 10:54:46.650,  0.0
05.12.2025 10:54:50.650,  0.0
05.12.2025 10:54:54.640,  0.0
05.12.2025 10:54:58.650,  0.0
05.12.2025 10:55:02.651,  0.0
05.12.2025 10:55:06.650,  0.0
05.12.2025 10:55:10.660,  0.0
05.12.2025 10:55:14.680,  0.0
05.12.2025 10:55:18.680,  0.0
05.12.2025 10:55:22.690,  0.0
05.12.2025 10:55:26.700,  0.0
05.12.2025 10:55:30.690,  0.0
05.12.2025 10:55:34.700,  0.0
05.12.2025 10:55:38.690,  0.0
05.12.2025 10:55:42.700,  0.0
05.12.2025 10:55:46.690,  0.0
05.12.2025 10:55:50.700,  0.0
05.12.2025 10:55:54.690,  0.0
05.12.2025 10:55:58.700,  0.0
05.12.2025 10:56:02.690,  0.0
05.12.2025 10:56:06.700,  0.0
05.12.2025 10:56:10.700,  0.0
05.12.2025 10:56:14.690,  0.0
05.12.2025 10:56:18.690,  0.0
05.12.2025 10:56:22.701,  0.0
05.12.2025 10:56:26.700,  0.0
05.12.2025 10:56:30.701,  0.0
05.12.2025 10:56:34.690,  0.0
05.12.2025 10:56:38.700,  0.0
05.12.2025 10:56:42.690,  0.0
05.12.2025 10:56:46.700,  0.0
05.12.2025 10:56:50.700,  0.0
05.12.2025 10:56:54.701,  0.0
05.12.2025 10:56:58.690,  0.0
05.12.2025 10:57:02.700,  0.0
05.12.2025 10:57:06.701,  0.0
05.12.2025 10:57:10.700,  0.0
05.12.2025 10:57:14.700,  0.0
05.12.2025 10:57:18.690,  0.0
05.12.2025 10:57:22.700,  0.0
05.12.2025 10:57:26.700,  0.0
05.12.2025 10:57:30.700,  0.0
05.12.2025 10:57:34.690,  0.0
05.12.2025 10:57:38.700,  0.0
05.12.2025 10:57:42.690,  0.0
05.12.2025 10:57:46.701,  0.0
05.12.2025 10:57:50.690,  0.0
05.12.2025 10:57:54.690,  0.0
05.12.2025 10:57:58.700,  0.0
05.12.2025 10:58:02.690,  0.0
05.12.2025 10:58:06.700,  0.0
05.12.2025 10:58:10.700,  0.0
05.12.2025 10:58:14.700,  0.0
05.12.2025 10:58:18.690,  0.0
05.12.2025 10:58:22.700,  0.0
05.12.2025 10:58:26.690,  0.0
05.12.2025 10:58:30.690,  0.0
05.12.2025 10:58:34.700,  0.0
05.12.2025 10:58:38.690,  0.0
05.12.2025 10:58:42.700,  0.0
05.12.2025 10:58:46.690,  0.0
05.12.2025 10:58:50.708,  0.0
05.12.2025 10:58:54.708,  0.0
05.12.2025 10:58:58.718,  0.0
05.12.2025 10:59:02.708,  0.0
05.12.2025 10:59:06.708,  0.0
05.12.2025 10:59:10.719,  0.0
05.12.2025 10:59:14.718,  0.0
05.12.2025 10:59:18.718,  0.0
05.12.2025 10:59:22.719,  0.0
05.12.2025 10:59:26.719,  0.0
05.12.2025 10:59:30.708,  0.0
05.12.2025 10:59:34.718,  0.0
05.12.2025 10:59:38.718,  0.0
05.12.2025 10:59:42.719,  0.0
05.12.2025 10:59:46.718,  0.0
05.12.2025 10:59:50.718,  0.0
05.12.2025 10:59:54.728,  0.0
05.12.2025 10:59:58.728,  0.0
05.12.2025 11:00:02.728,  0.0
05.12.2025 11:00:06.728,  0.0
05.12.2025 11:00:10.729,  0.0
05.12.2025 11:00:14.728,  0.0
05.12.2025 11:00:18.728,  0.0
05.12.2025 11:00:22.718,  0.0
05.12.2025 11:00:26.728,  0.0
05.12.2025 11:00:30.728,  0.0
05.12.2025 11:00:34.728,  0.0
05.12.2025 11:00:38.728,  0.0
05.12.2025 11:00:42.728,  0.0
05.12.2025 11:00:46.728,  0.0
05.12.2025 11:00:50.728,  0.0
05.12.2025 11:00:54.738,  0.0
05.12.2025 11:00:58.738,  0.0
05.12.2025 11:01:02.738,  0.0
05.12.2025 11:01:06.728,  0.0
05.12.2025 11:01:10.739,  0.0
05.12.2025 11:01:14.738,  0.0
05.12.2025 11:01:18.728,  0.0
05.12.2025 11:01:22.738,  0.0
05.12.2025 11:01:26.739,  0.0
05.12.2025 11:01:30.728,  0.0
05.12.2025 11:01:34.739,  0.0
05.12.2025 11:01:38.728,  0.0
05.12.2025 11:01:42.738,  0.0
05.12.2025 11:01:46.728,  0.0
05.12.2025 11:01:50.728,  0.0
05.12.2025 11:01:54.728,  0.0
05.12.2025 11:01:58.738,  0.0
05.12.2025 11:02:02.738,  0.0
05.12.2025 11:02:06.738,  0.0
05.12.2025 11:02:10.738,  0.0
05.12.2025 11:02:14.738,  0.0
05.12.2025 11:02:18.738,  0.0
05.12.2025 11:02:22.738,  0.0
05.12.2025 11:02:26.738,  0.0
05.12.2025 11:02:30.728,  0.0
05.12.2025 11:02:34.738,  0.0
05.12.2025 11:02:38.728,  0.0
05.12.2025 11:02:42.739,  0.0
05.12.2025 11:02:46.728,  0.0
05.12.2025 11:02:50.738,  0.0
05.12.2025 11:02:54.738,  0.0
05.12.2025 11:02:58.728,  0.0
05.12.2025 11:03:02.738,  0.0
05.12.2025 11:03:06.728,  0.0
05.12.2025 11:03:10.728,  0.0
05.12.2025 11:03:14.728,  0.0
05.12.2025 11:03:18.738,  0.0
05.12.2025 11:03:22.738,  0.0
05.12.2025 11:03:26.739,  0.0
05.12.2025 11:03:30.738,  0.0
05.12.2025 11:03:34.728,  0.0
05.12.2025 11:03:38.728,  0.0
05.12.2025 11:03:42.738,  0.0
05.12.2025 11:03:46.738,  0.0
05.12.2025 11:03:50.753,  0.0
05.12.2025 11:03:54.753,  0.0
05.12.2025 11:03:58.743,  0.0
05.12.2025 11:04:02.753,  0.0
05.12.2025 11:04:06.754,  0.0
05.12.2025 11:04:10.753,  0.0
05.12.2025 11:04:14.754,  0.0
05.12.2025 11:04:19.743,  0.7
05.12.2025 11:04:23.743,  0.5
05.12.2025 11:04:27.753,  0.6
05.12.2025 11:04:31.743,  0.6
05.12.2025 11:04:35.753,  0.6
05.12.2025 11:04:39.753,  0.6
05.12.2025 11:04:43.753,  0.6
05.12.2025 11:04:47.753,  0.6
05.12.2025 11:04:51.743,  0.6
05.12.2025 11:04:55.743,  0.6
05.12.2025 11:04:59.753,  0.6
05.12.2025 11:05:03.753,  0.6
05.12.2025 11:05:07.764,  0.6
05.12.2025 11:05:11.753,  0.6
05.12.2025 11:05:15.773,  0.6
05.12.2025 11:05:19.773,  0.6
05.12.2025 11:05:23.784,  0.6
05.12.2025 11:05:27.784,  0.6
05.12.2025 11:05:31.784,  0.6
05.12.2025 11:05:35.783,  0.6
05.12.2025 11:05:39.783,  0.6
05.12.2025 11:05:43.773,  0.6
05.12.2025 11:05:47.783,  0.6
05.12.2025 11:05:51.783,  0.6
05.12.2025 11:05:55.773,  0.6
05.12.2025 11:05:59.773,  0.6
05.12.2025 11:06:03.784,  0.6
05.12.2025 11:06:07.773,  0.6
05.12.2025 11:06:11.783,  0.6
05.12.2025 11:06:15.783,  0.6
05.12.2025 11:06:19.783,  0.6
05.12.2025 11:06:23.773,  0.6
05.12.2025 11:06:27.793,  0.6
05.12.2025 11:06:31.793,  0.6
05.12.2025 11:06:35.804,  0.6
05.12.2025 11:06:39.804,  0.6
05.12.2025 11:06:43.803,  0.5
05.12.2025 11:06:47.793,  0.6
05.12.2025 11:06:51.793,  0.6
05.12.2025 11:06:55.803,  0.6
05.12.2025 11:06:59.793,  0.6
05.12.2025 11:07:03.793,  0.6
05.12.2025 11:07:07.803,  0.6
05.12.2025 11:07:11.803,  0.5
05.12.2025 11:07:15.803,  0.5
05.12.2025 11:07:19.803,  0.5
05.12.2025 11:07:23.813,  0.6
05.12.2025 11:07:27.813,  0.6
05.12.2025 11:07:31.813,  0.6
05.12.2025 11:07:35.813,  0.6
05.12.2025 11:07:39.813,  0.6
05.12.2025 11:07:43.803,  0.6
05.12.2025 11:07:47.813,  0.5
05.12.2025 11:07:51.814,  0.5
05.12.2025 11:07:55.814,  0.0
05.12.2025 11:07:59.803,  0.0
05.12.2025 11:08:03.813,  0.0
05.12.2025 11:08:07.813,  0.0
05.12.2025 11:08:11.803,  0.0
05.12.2025 11:08:15.813,  0.0
05.12.2025 11:08:19.803,  0.0
05.12.2025 11:08:23.813,  0.0
05.12.2025 11:08:27.813,  0.0
05.12.2025 11:08:31.813,  0.0
05.12.2025 11:08:35.813,  0.0
05.12.2025 11:08:39.813,  0.0
05.12.2025 11:08:43.803,  0.0
05.12.2025 11:08:47.819,  0.0
05.12.2025 11:08:51.819,  0.0
05.12.2025 11:08:55.809,  0.0
05.12.2025 11:08:59.809,  0.0
05.12.2025 11:09:03.819,  0.0
05.12.2025 11:09:07.819,  0.0
05.12.2025 11:09:11.809,  0.0
05.12.2025 11:09:15.819,  0.0
05.12.2025 11:09:19.820,  0.0
05.12.2025 11:09:23.809,  0.0
05.12.2025 11:09:27.809,  0.0
05.12.2025 11:09:31.819,  0.0
05.12.2025 11:09:35.820,  0.0
05.12.2025 11:09:39.819,  0.0
05.12.2025 11:09:43.819,  0.0
05.12.2025 11:09:47.809,  0.0
05.12.2025 11:09:51.819,  0.0
05.12.2025 11:09:55.809,  0.0
05.12.2025 11:09:59.819,  0.0
05.12.2025 11:10:03.819,  0.0
05.12.2025 11:10:07.809,  0.0
05.12.2025 11:10:11.819,  0.0
05.12.2025 11:10:15.819,  0.0
05.12.2025 11:10:19.809,  0.0
05.12.2025 11:10:23.819,  0.0
05.12.2025 11:10:27.819,  0.0
05.12.2025 11:10:31.929,  0.0
05.12.2025 11:10:35.819,  0.0
05.12.2025 11:10:39.809,  0.0
05.12.2025 11:10:43.829,  0.0
05.12.2025 11:10:47.829,  0.0
05.12.2025 11:10:51.839,  0.0
05.12.2025 11:10:55.839,  0.0
05.12.2025 11:10:59.859,  0.0
05.12.2025 11:11:03.859,  0.0
05.12.2025 11:11:07.879,  0.0
05.12.2025 11:11:11.879,  0.0
05.12.2025 11:11:15.889,  0.0
05.12.2025 11:11:19.890,  0.0
05.12.2025 11:11:23.889,  0.0
05.12.2025 11:11:27.889,  0.0
05.12.2025 11:11:31.879,  0.0
05.12.2025 11:11:35.879,  0.0
05.12.2025 11:11:39.889,  0.0
05.12.2025 11:11:43.889,  0.0
05.12.2025 11:11:47.900,  0.0
05.12.2025 11:11:51.889,  0.0
05.12.2025 11:11:55.899,  0.0
05.12.2025 11:11:59.899,  0.0
05.12.2025 11:12:03.899,  0.0
05.12.2025 11:12:07.899,  0.0
05.12.2025 11:12:11.899,  0.0
05.12.2025 11:12:15.889,  0.0
05.12.2025 11:12:19.899,  0.0
05.12.2025 11:12:23.899,  0.0
05.12.2025 11:12:27.899,  0.0
05.12.2025 11:12:31.899,  0.0
05.12.2025 11:12:35.909,  0.0
05.12.2025 11:12:39.899,  0.0
05.12.2025 11:12:43.909,  0.0
05.12.2025 11:12:47.909,  0.0
05.12.2025 11:12:51.899,  0.0
05.12.2025 11:12:55.909,  0.0
05.12.2025 11:12:59.909,  0.0
05.12.2025 11:13:03.899,  0.0
05.12.2025 11:13:07.899,  0.0
05.12.2025 11:13:11.909,  0.0
05.12.2025 11:13:15.899,  0.0
05.12.2025 11:13:19.909,  0.0
05.12.2025 11:13:23.909,  0.0
05.12.2025 11:13:27.909,  0.0
05.12.2025 11:13:31.909,  0.0
05.12.2025 11:13:35.899,  0.0
05.12.2025 11:13:39.909,  0.0
05.12.2025 11:13:43.909,  0.0
05.12.2025 11:13:47.924,  0.0
05.12.2025 11:13:51.935,  0.0
05.12.2025 11:13:55.934,  0.0
05.12.2025 11:13:59.934,  0.0
05.12.2025 11:14:03.924,  0.0
05.12.2025 11:14:07.934,  0.0
05.12.2025 11:14:11.924,  0.0
05.12.2025 11:14:15.934,  0.0
05.12.2025 11:14:19.934,  0.0
05.12.2025 11:14:23.924,  0.0
05.12.2025 11:14:27.934,  0.0
05.12.2025 11:14:31.934,  0.0
05.12.2025 11:14:35.944,  0.0
05.12.2025 11:14:39.944,  0.0
05.12.2025 11:14:45.944,  1.1
05.12.2025 11:14:49.934,  0.9
05.12.2025 11:14:53.934,  1.0
05.12.2025 11:14:57.944,  1.1
05.12.2025 11:15:01.934,  1.0
05.12.2025 11:15:05.944,  1.1
05.12.2025 11:15:09.935,  1.0
05.12.2025 11:15:13.954,  1.0
05.12.2025 11:15:17.954,  1.1
05.12.2025 11:15:21.954,  1.1
05.12.2025 11:15:25.944,  1.1
05.12.2025 11:15:29.954,  1.1
05.12.2025 11:15:33.944,  1.1
05.12.2025 11:15:37.954,  1.1
05.12.2025 11:15:41.944,  1.1
05.12.2025 11:15:45.954,  1.1
05.12.2025 11:15:49.954,  1.1
05.12.2025 11:15:53.944,  1.1
05.12.2025 11:15:57.944,  1.1
05.12.2025 11:16:01.944,  1.1
05.12.2025 11:16:05.954,  1.1
05.12.2025 11:16:09.944,  1.1
05.12.2025 11:16:13.944,  1.1
05.12.2025 11:16:17.944,  1.1
05.12.2025 11:16:21.954,  1.1
05.12.2025 11:16:25.944,  1.1
05.12.2025 11:16:29.964,  1.1
05.12.2025 11:16:33.965,  1.1
05.12.2025 11:16:37.954,  1.1
05.12.2025 11:16:41.964,  1.0
05.12.2025 11:16:45.964,  1.1
05.12.2025 11:16:49.954,  1.1
05.12.2025 11:16:53.954,  1.1
05.12.2025 11:16:57.964,  1.1
05.12.2025 11:17:01.964,  1.1
05.12.2025 11:17:05.964,  1.0
05.12.2025 11:17:09.965,  1.0
05.12.2025 11:17:13.954,  1.0
05.12.2025 11:17:17.964,  1.1
05.12.2025 11:17:21.964,  1.1
05.12.2025 11:17:25.954,  1.1
05.12.2025 11:17:29.964,  1.1
05.12.2025 11:17:34.064,  1.1
05.12.2025 11:17:37.964,  1.1
05.12.2025 11:17:41.954,  1.1
05.12.2025 11:17:45.954,  1.1
05.12.2025 11:17:49.954,  1.1
05.12.2025 11:17:53.964,  1.1
05.12.2025 11:17:57.964,  1.1
05.12.2025 11:18:01.954,  1.1
05.12.2025 11:18:05.964,  1.1
05.12.2025 11:18:09.964,  1.0
05.12.2025 11:18:13.954,  1.1
05.12.2025 11:18:17.964,  1.0
05.12.2025 11:18:21.954,  1.1
05.12.2025 11:18:25.964,  1.0
05.12.2025 11:18:29.965,  1.1
05.12.2025 11:18:33.964,  1.1
05.12.2025 11:18:37.964,  1.1
05.12.2025 11:18:41.974,  1.1
05.12.2025 11:18:45.974,  1.1
05.12.2025 11:18:49.976,  1.0
05.12.2025 11:18:53.995,  1.0
05.12.2025 11:18:57.985,  1.1
05.12.2025 11:19:02.005,  0.0
05.12.2025 11:19:06.005,  0.0
05.12.2025 11:19:10.015,  0.0
05.12.2025 11:19:14.005,  0.0
05.12.2025 11:19:18.015,  0.0
05.12.2025 11:19:22.015,  0.0
05.12.2025 11:19:26.016,  0.0
05.12.2025 11:19:30.015,  0.0
05.12.2025 11:19:34.015,  0.0
05.12.2025 11:19:38.015,  0.0
05.12.2025 11:19:42.005,  0.0
05.12.2025 11:19:46.015,  0.0
05.12.2025 11:19:50.015,  0.0
05.12.2025 11:19:54.015,  0.0
05.12.2025 11:19:58.005,  0.0
05.12.2025 11:20:02.015,  0.0
05.12.2025 11:20:06.005,  0.0
05.12.2025 11:20:10.015,  0.0
05.12.2025 11:20:14.015,  0.0
05.12.2025 11:20:18.005,  0.0
05.12.2025 11:20:22.015,  0.0
05.12.2025 11:20:26.015,  0.0
05.12.2025 11:20:30.015,  0.0
05.12.2025 11:20:34.005,  0.0
05.12.2025 11:20:38.015,  0.0
05.12.2025 11:20:42.005,  0.0
05.12.2025 11:20:46.015,  0.0
05.12.2025 11:20:50.005,  0.0
05.12.2025 11:20:54.005,  0.0
05.12.2025 11:20:58.015,  0.0
05.12.2025 11:21:02.015,  0.0
05.12.2025 11:21:06.005,  0.0
05.12.2025 11:21:10.015,  0.0
05.12.2025 11:21:14.005,  0.0
05.12.2025 11:21:18.015,  0.0
05.12.2025 11:21:22.005,  0.0
05.12.2025 11:21:26.005,  0.0
05.12.2025 11:21:30.025,  0.0
05.12.2025 11:21:34.146,  0.0
05.12.2025 11:21:38.025,  0.0
05.12.2025 11:21:42.045,  0.0
05.12.2025 11:21:46.045,  0.0
05.12.2025 11:21:50.035,  0.0
05.12.2025 11:21:54.055,  0.0
05.12.2025 11:21:58.065,  0.0
05.12.2025 11:22:02.065,  0.0
05.12.2025 11:22:06.065,  0.0
05.12.2025 11:22:10.065,  0.0
05.12.2025 11:22:14.055,  0.0
05.12.2025 11:22:18.065,  0.0
05.12.2025 11:22:22.065,  0.0
05.12.2025 11:22:26.055,  0.0
05.12.2025 11:22:30.065,  0.0
05.12.2025 11:22:34.065,  0.0
05.12.2025 11:22:38.065,  0.0
05.12.2025 11:22:42.076,  0.0
05.12.2025 11:22:46.065,  0.0
05.12.2025 11:22:50.076,  0.0
05.12.2025 11:22:54.065,  0.0
05.12.2025 11:22:58.065,  0.0
05.12.2025 11:23:02.075,  0.0
05.12.2025 11:23:06.065,  0.0
05.12.2025 11:23:10.085,  0.0
05.12.2025 11:23:14.085,  0.0
05.12.2025 11:23:18.085,  0.0
05.12.2025 11:23:22.085,  0.0
05.12.2025 11:23:26.075,  0.0
05.12.2025 11:23:30.085,  0.0
05.12.2025 11:23:34.075,  0.0
05.12.2025 11:23:38.086,  0.0
05.12.2025 11:23:42.085,  0.0
05.12.2025 11:23:46.085,  0.0
05.12.2025 11:23:50.100,  0.0
05.12.2025 11:23:54.100,  0.0
05.12.2025 11:23:58.110,  0.0
05.12.2025 11:24:02.100,  0.0
05.12.2025 11:24:06.100,  0.0
05.12.2025 11:24:10.100,  0.0
05.12.2025 11:24:14.110,  0.0
05.12.2025 11:24:18.100,  0.0
05.12.2025 11:24:22.110,  0.0
05.12.2025 11:24:26.100,  0.0
05.12.2025 11:24:30.110,  0.0
05.12.2025 11:24:34.100,  0.0
05.12.2025 11:24:38.110,  0.0
05.12.2025 11:24:42.110,  0.0
05.12.2025 11:24:46.100,  0.0
05.12.2025 11:24:50.110,  0.0
05.12.2025 11:24:54.100,  0.0
05.12.2025 11:24:58.100,  0.0
05.12.2025 11:25:02.110,  0.0
05.12.2025 11:25:06.110,  0.0
05.12.2025 11:25:10.111,  0.0
05.12.2025 11:25:14.111,  0.0
05.12.2025 11:25:18.100,  0.0
05.12.2025 11:25:22.100,  0.0
05.12.2025 11:25:26.110,  0.0
05.12.2025 11:25:30.110,  0.0
05.12.2025 11:25:34.110,  0.0
05.12.2025 11:25:38.100,  0.0
05.12.2025 11:25:42.100,  0.0
05.12.2025 11:25:46.110,  0.0
05.12.2025 11:25:50.100,  0.0
05.12.2025 11:25:54.110,  0.0
05.12.2025 11:25:58.110,  0.0
05.12.2025 11:26:02.110,  0.0
05.12.2025 11:26:06.100,  0.0
05.12.2025 11:26:10.110,  0.0
05.12.2025 11:26:14.100,  0.0
05.12.2025 11:26:18.100,  0.0
05.12.2025 11:26:22.110,  0.0
05.12.2025 11:26:26.100,  0.0
05.12.2025 11:26:30.120,  0.0
05.12.2025 11:26:34.110,  0.0
05.12.2025 11:26:38.120,  0.0
05.12.2025 11:26:42.110,  0.0
05.12.2025 11:26:46.110,  0.0
05.12.2025 11:26:50.120,  0.0
05.12.2025 11:26:54.110,  0.0
05.12.2025 11:26:58.120,  0.0
05.12.2025 11:27:02.110,  0.0
05.12.2025 11:27:06.120,  0.0
05.12.2025 11:27:10.130,  0.0
05.12.2025 11:27:14.110,  0.0
05.12.2025 11:27:18.120,  0.0
05.12.2025 11:27:22.121,  0.0
05.12.2025 11:27:26.120,  0.0
05.12.2025 11:27:30.120,  0.0
05.12.2025 11:27:34.120,  0.0
05.12.2025 11:27:38.121,  0.0
05.12.2025 11:27:42.120,  0.0
05.12.2025 11:27:46.110,  0.0
05.12.2025 11:27:50.110,  0.0
05.12.2025 11:27:54.131,  0.0
05.12.2025 11:27:58.120,  0.0
05.12.2025 11:28:02.130,  0.0
05.12.2025 11:28:06.130,  0.0
05.12.2025 11:28:10.120,  0.0
05.12.2025 11:28:14.120,  0.0
05.12.2025 11:28:18.130,  0.0
05.12.2025 11:28:22.120,  0.0
05.12.2025 11:28:26.130,  0.0
05.12.2025 11:28:30.120,  0.0
05.12.2025 11:28:34.130,  0.0
05.12.2025 11:28:38.120,  0.0
05.12.2025 11:28:42.140,  0.0
05.12.2025 11:28:46.130,  0.0
05.12.2025 11:28:50.154,  0.0
05.12.2025 11:28:54.154,  0.0
05.12.2025 11:28:58.144,  0.0
05.12.2025 11:29:02.154,  0.0
05.12.2025 11:29:06.144,  0.0
05.12.2025 11:29:10.154,  0.0
05.12.2025 11:29:14.144,  0.0
05.12.2025 11:29:18.164,  0.0
05.12.2025 11:29:22.164,  0.0
05.12.2025 11:29:26.164,  0.0
05.12.2025 11:29:30.154,  0.0
05.12.2025 11:29:34.164,  0.0
05.12.2025 11:29:38.164,  0.0
05.12.2025 11:29:42.165,  0.0
05.12.2025 11:29:47.175,  0.9
05.12.2025 11:29:51.174,  0.7
05.12.2025 11:29:55.174,  1.1
05.12.2025 11:29:59.175,  0.8
05.12.2025 11:30:03.174,  0.7
05.12.2025 11:30:07.174,  0.6
05.12.2025 11:30:11.174,  0.7
05.12.2025 11:30:15.174,  0.6
05.12.2025 11:30:19.175,  0.5
05.12.2025 11:30:23.164,  0.6
05.12.2025 11:30:27.174,  0.5
05.12.2025 11:30:31.175,  0.4
05.12.2025 11:30:35.164,  0.5
05.12.2025 11:30:39.164,  0.6
05.12.2025 11:30:43.174,  0.5
05.12.2025 11:30:47.164,  0.6
05.12.2025 11:30:51.174,  0.5
05.12.2025 11:30:55.174,  0.6
05.12.2025 11:30:59.174,  0.6
05.12.2025 11:31:03.164,  0.6
05.12.2025 11:31:07.164,  0.6
05.12.2025 11:31:11.164,  0.6
05.12.2025 11:31:15.174,  0.7
05.12.2025 11:31:19.174,  0.6
05.12.2025 11:31:23.164,  0.6
05.12.2025 11:31:27.164,  0.7
05.12.2025 11:31:31.174,  0.7
05.12.2025 11:31:35.174,  0.7
05.12.2025 11:31:39.174,  0.7
05.12.2025 11:31:43.175,  0.6
05.12.2025 11:31:47.174,  0.7
05.12.2025 11:31:51.174,  0.7
05.12.2025 11:31:55.184,  0.7
05.12.2025 11:31:59.174,  0.7
05.12.2025 11:32:03.184,  0.7
05.12.2025 11:32:07.185,  0.6
05.12.2025 11:32:11.174,  0.7
05.12.2025 11:32:15.184,  0.6
05.12.2025 11:32:19.184,  0.6
05.12.2025 11:32:23.184,  0.7
05.12.2025 11:32:27.184,  0.7
05.12.2025 11:32:31.184,  0.7
05.12.2025 11:32:35.184,  0.7
05.12.2025 11:32:39.174,  0.7
05.12.2025 11:32:43.174,  0.7
05.12.2025 11:32:47.185,  0.7
05.12.2025 11:32:51.174,  0.7
05.12.2025 11:32:55.184,  0.7
05.12.2025 11:32:59.174,  0.7
05.12.2025 11:33:03.184,  0.7
05.12.2025 11:33:07.184,  0.7
05.12.2025 11:33:11.184,  0.7
05.12.2025 11:33:15.184,  0.6
05.12.2025 11:33:19.184,  0.7
05.12.2025 11:33:23.184,  0.7
05.12.2025 11:33:27.184,  0.7
05.12.2025 11:33:31.174,  0.7
05.12.2025 11:33:35.184,  0.7
05.12.2025 11:33:39.174,  0.7
05.12.2025 11:33:43.184,  0.7
05.12.2025 11:33:47.184,  0.7
05.12.2025 11:33:51.188,  0.7
05.12.2025 11:33:55.198,  0.7
05.12.2025 11:33:59.198,  0.7
05.12.2025 11:34:03.188,  0.7
05.12.2025 11:34:07.198,  0.7
05.12.2025 11:34:11.198,  0.7
05.12.2025 11:34:15.198,  0.7
05.12.2025 11:34:19.198,  0.7
05.12.2025 11:34:23.188,  0.7
05.12.2025 11:34:27.198,  0.7
05.12.2025 11:34:31.199,  0.7
05.12.2025 11:34:35.188,  0.7
05.12.2025 11:34:39.198,  0.6
05.12.2025 11:34:43.188,  0.7
05.12.2025 11:34:47.208,  0.7
05.12.2025 11:34:51.208,  0.7
05.12.2025 11:34:55.208,  0.7
05.12.2025 11:34:59.208,  0.7
05.12.2025 11:35:03.198,  0.7
05.12.2025 11:35:07.209,  0.7
05.12.2025 11:35:11.198,  0.7
05.12.2025 11:35:15.198,  0.7
05.12.2025 11:35:19.208,  0.7
05.12.2025 11:35:23.198,  0.7
05.12.2025 11:35:27.198,  0.7
05.12.2025 11:35:31.208,  0.7
05.12.2025 11:35:35.209,  0.7
05.12.2025 11:35:39.208,  0.7
05.12.2025 11:35:43.198,  0.7
05.12.2025 11:35:47.208,  0.7
05.12.2025 11:35:51.209,  0.7
05.12.2025 11:35:55.208,  0.7
05.12.2025 11:35:59.209,  0.7
05.12.2025 11:36:03.198,  0.7
05.12.2025 11:36:07.208,  0.7
05.12.2025 11:36:11.208,  0.7
05.12.2025 11:36:15.208,  0.7
05.12.2025 11:36:19.208,  0.7
05.12.2025 11:36:23.208,  0.7
05.12.2025 11:36:27.198,  0.7
05.12.2025 11:36:31.208,  0.7
05.12.2025 11:36:35.209,  0.7
05.12.2025 11:36:39.198,  0.7
05.12.2025 11:36:43.208,  0.7
05.12.2025 11:36:47.198,  0.7
05.12.2025 11:36:51.208,  0.7
05.12.2025 11:36:55.208,  0.7
05.12.2025 11:36:59.208,  0.7
05.12.2025 11:37:03.198,  0.7
05.12.2025 11:37:07.208,  0.7
05.12.2025 11:37:11.208,  0.7
05.12.2025 11:37:15.198,  0.7
05.12.2025 11:37:19.198,  0.7
05.12.2025 11:37:23.208,  0.7
05.12.2025 11:37:27.208,  0.7
05.12.2025 11:37:31.198,  0.7
05.12.2025 11:37:35.208,  0.7
05.12.2025 11:37:39.208,  0.7
05.12.2025 11:37:43.198,  0.7
05.12.2025 11:37:47.208,  0.7
05.12.2025 11:37:51.208,  0.7
05.12.2025 11:37:55.198,  0.7
05.12.2025 11:37:59.208,  0.7
05.12.2025 11:38:03.198,  0.7
05.12.2025 11:38:07.208,  0.7
05.12.2025 11:38:11.208,  0.7
05.12.2025 11:38:15.198,  0.7
05.12.2025 11:38:19.208,  0.7
05.12.2025 11:38:23.198,  0.7
05.12.2025 11:38:27.198,  0.7
05.12.2025 11:38:31.208,  0.7
05.12.2025 11:38:35.208,  0.7
05.12.2025 11:38:39.208,  0.7
05.12.2025 11:38:43.208,  0.7
05.12.2025 11:38:47.208,  0.7
05.12.2025 11:38:51.227,  0.7
05.12.2025 11:38:55.216,  0.7
05.12.2025 11:38:59.226,  0.7
05.12.2025 11:39:03.227,  0.7
05.12.2025 11:39:07.226,  0.7
05.12.2025 11:39:11.226,  0.7
05.12.2025 11:39:15.216,  0.7
05.12.2025 11:39:19.226,  0.7
05.12.2025 11:39:23.216,  0.7
05.12.2025 11:39:27.226,  0.7
05.12.2025 11:39:31.216,  0.7
05.12.2025 11:39:35.227,  0.7
05.12.2025 11:39:39.216,  0.7
05.12.2025 11:39:43.227,  0.6
05.12.2025 11:39:47.316,  0.7
05.12.2025 11:39:51.216,  0.7
05.12.2025 11:39:55.226,  0.7
05.12.2025 11:39:59.216,  0.7
05.12.2025 11:40:03.226,  0.7
05.12.2025 11:40:07.226,  0.7
05.12.2025 11:40:11.316,  0.7
05.12.2025 11:40:15.226,  0.7
05.12.2025 11:40:19.216,  0.7
05.12.2025 11:40:23.237,  0.7
05.12.2025 11:40:27.236,  0.7
05.12.2025 11:40:31.236,  0.7
05.12.2025 11:40:35.236,  0.7
05.12.2025 11:40:39.236,  0.7
05.12.2025 11:40:43.237,  0.7
05.12.2025 11:40:47.226,  0.7
05.12.2025 11:40:51.236,  0.0
05.12.2025 11:40:55.236,  0.0
05.12.2025 11:40:59.236,  0.0
05.12.2025 11:41:03.236,  0.0
05.12.2025 11:41:07.236,  0.0
05.12.2025 11:41:11.237,  0.0
05.12.2025 11:41:15.236,  0.0
05.12.2025 11:41:19.226,  0.0
05.12.2025 11:41:23.237,  0.0
05.12.2025 11:41:27.226,  0.0
05.12.2025 11:41:31.226,  0.0
05.12.2025 11:41:35.236,  0.0
05.12.2025 11:41:39.226,  0.0
05.12.2025 11:41:43.236,  0.0
05.12.2025 11:41:47.236,  0.0
05.12.2025 11:41:51.237,  0.0
05.12.2025 11:41:55.226,  0.0
05.12.2025 11:41:59.226,  0.0
05.12.2025 11:42:03.236,  0.0
05.12.2025 11:42:07.226,  0.0
05.12.2025 11:42:11.236,  0.0
05.12.2025 11:42:15.246,  0.0
05.12.2025 11:42:19.256,  0.0
05.12.2025 11:42:23.247,  0.0
05.12.2025 11:42:27.266,  0.0
05.12.2025 11:42:31.277,  0.0
05.12.2025 11:42:35.276,  0.0
05.12.2025 11:42:39.277,  0.0
05.12.2025 11:42:43.276,  0.0
05.12.2025 11:42:47.276,  0.0
05.12.2025 11:42:51.266,  0.0
05.12.2025 11:42:55.276,  0.0
05.12.2025 11:42:59.266,  0.0
05.12.2025 11:43:03.266,  0.0
05.12.2025 11:43:07.276,  0.0
05.12.2025 11:43:11.276,  0.0
05.12.2025 11:43:15.266,  0.0
05.12.2025 11:43:19.276,  0.0
05.12.2025 11:43:23.276,  0.0
05.12.2025 11:43:27.276,  0.0
05.12.2025 11:43:31.276,  0.0
05.12.2025 11:43:35.276,  0.0
05.12.2025 11:43:39.276,  0.0
05.12.2025 11:43:43.277,  0.0
05.12.2025 11:43:47.276,  0.0
05.12.2025 11:43:51.288,  0.0
05.12.2025 11:43:55.278,  0.0
05.12.2025 11:43:59.288,  0.0
05.12.2025 11:44:03.289,  0.0
05.12.2025 11:44:07.288,  0.0
05.12.2025 11:44:11.289,  0.0
05.12.2025 11:44:15.288,  0.0
05.12.2025 11:44:19.288,  0.0
05.12.2025 11:44:23.288,  0.0
05.12.2025 11:44:27.278,  0.0
05.12.2025 11:44:31.278,  0.0
05.12.2025 11:44:35.288,  0.0
05.12.2025 11:44:39.278,  0.0
05.12.2025 11:44:43.288,  0.0
05.12.2025 11:44:47.278,  0.0
05.12.2025 11:44:51.278,  0.0
05.12.2025 11:44:55.288,  0.0
05.12.2025 11:44:59.278,  0.0
05.12.2025 11:45:03.288,  0.0
05.12.2025 11:45:07.288,  0.0
05.12.2025 11:45:11.288,  0.0
05.12.2025 11:45:15.288,  0.0
05.12.2025 11:45:19.288,  0.0
05.12.2025 11:45:23.288,  0.0
05.12.2025 11:45:27.278,  0.0
05.12.2025 11:45:31.278,  0.0
05.12.2025 11:45:35.289,  0.0
05.12.2025 11:45:39.278,  0.0
05.12.2025 11:45:43.288,  0.0
05.12.2025 11:45:47.288,  0.0
05.12.2025 11:45:51.288,  0.0
05.12.2025 11:45:55.289,  0.0
05.12.2025 11:45:59.288,  0.0
05.12.2025 11:46:03.288,  0.0
05.12.2025 11:46:07.288,  0.0
05.12.2025 11:46:11.278,  0.0
05.12.2025 11:46:15.278,  0.0
05.12.2025 11:46:19.289,  0.0
05.12.2025 11:46:23.278,  0.0
05.12.2025 11:46:27.288,  0.0
05.12.2025 11:46:31.278,  0.0
05.12.2025 11:46:35.288,  0.0
05.12.2025 11:46:39.288,  0.0
05.12.2025 11:46:43.278,  0.0
05.12.2025 11:46:47.288,  0.0
05.12.2025 11:46:51.288,  0.0
05.12.2025 11:46:55.289,  0.0
05.12.2025 11:46:59.278,  0.0
05.12.2025 11:47:03.288,  0.0
05.12.2025 11:47:07.288,  0.0
05.12.2025 11:47:11.278,  0.0
05.12.2025 11:47:15.278,  0.0
05.12.2025 11:47:19.288,  0.0
05.12.2025 11:47:23.278,  0.0
05.12.2025 11:47:27.289,  0.0
05.12.2025 11:47:31.278,  0.0
05.12.2025 11:47:35.288,  0.0
05.12.2025 11:47:39.288,  0.0
05.12.2025 11:47:43.278,  0.0
05.12.2025 11:47:47.288,  0.0
05.12.2025 11:47:51.288,  0.0
05.12.2025 11:47:55.278,  0.0
05.12.2025 11:47:59.288,  0.0
05.12.2025 11:48:03.288,  0.0
05.12.2025 11:48:09.288,  0.5
05.12.2025 11:48:13.278,  0.5
05.12.2025 11:48:17.288,  0.4
05.12.2025 11:48:21.278,  0.4
05.12.2025 11:48:25.288,  0.4
05.12.2025 11:48:29.278,  0.4
05.12.2025 11:48:33.288,  0.4
05.12.2025 11:48:37.289,  0.4
05.12.2025 11:48:41.288,  0.5
05.12.2025 11:48:45.288,  0.5
05.12.2025 11:48:49.306,  0.5
05.12.2025 11:48:53.306,  0.5
05.12.2025 11:48:57.306,  0.5
05.12.2025 11:49:01.296,  0.5
05.12.2025 11:49:05.306,  0.5
05.12.2025 11:49:09.306,  0.5
05.12.2025 11:49:13.307,  0.5
05.12.2025 11:49:17.316,  0.5
05.12.2025 11:49:21.306,  0.5
05.12.2025 11:49:25.316,  0.5
05.12.2025 11:49:29.316,  0.5
05.12.2025 11:49:33.306,  0.5
05.12.2025 11:49:37.316,  0.5
05.12.2025 11:49:41.316,  0.5
05.12.2025 11:49:45.306,  0.5
05.12.2025 11:49:49.406,  0.5
05.12.2025 11:49:53.306,  0.5
05.12.2025 11:49:57.316,  0.5
05.12.2025 11:50:01.326,  0.5
05.12.2025 11:50:05.316,  0.5
05.12.2025 11:50:09.316,  0.5
05.12.2025 11:50:13.326,  0.5
05.12.2025 11:50:17.316,  0.5
05.12.2025 11:50:21.336,  0.5
05.12.2025 11:50:25.326,  0.5
05.12.2025 11:50:29.326,  0.5
05.12.2025 11:50:33.336,  0.5
05.12.2025 11:50:37.326,  0.5
05.12.2025 11:50:41.336,  0.5
05.12.2025 11:50:45.336,  0.5
05.12.2025 11:50:49.326,  0.5
05.12.2025 11:50:53.336,  0.5
05.12.2025 11:50:57.326,  0.5
05.12.2025 11:51:01.326,  0.5
05.12.2025 11:51:05.336,  0.5
05.12.2025 11:51:09.326,  0.5
05.12.2025 11:51:13.336,  0.5
05.12.2025 11:51:17.347,  0.5
05.12.2025 11:51:21.346,  0.5
05.12.2025 11:51:25.346,  0.5
05.12.2025 11:51:29.346,  0.5
05.12.2025 11:51:33.356,  0.5
05.12.2025 11:51:37.347,  0.5
05.12.2025 11:51:41.366,  0.5
05.12.2025 11:51:45.356,  0.5
05.12.2025 11:51:49.376,  0.5
05.12.2025 11:51:53.386,  0.5
05.12.2025 11:51:57.386,  0.5
05.12.2025 11:52:01.386,  0.5
05.12.2025 11:52:05.396,  0.5
05.12.2025 11:52:09.386,  0.5
05.12.2025 11:52:13.406,  0.5
05.12.2025 11:52:17.396,  0.5
05.12.2025 11:52:21.406,  0.5
05.12.2025 11:52:25.396,  0.5
05.12.2025 11:52:29.396,  0.5
05.12.2025 11:52:33.396,  0.5
05.12.2025 11:52:37.406,  0.5
05.12.2025 11:52:41.396,  0.5
05.12.2025 11:52:45.406,  0.5
05.12.2025 11:52:49.396,  0.5
05.12.2025 11:52:53.396,  0.5
05.12.2025 11:52:57.406,  0.5
05.12.2025 11:53:01.406,  0.5
05.12.2025 11:53:05.396,  0.0
05.12.2025 11:53:09.406,  0.0
05.12.2025 11:53:13.406,  0.0
05.12.2025 11:53:17.396,  0.0
05.12.2025 11:53:21.407,  0.0
05.12.2025 11:53:25.406,  0.0
05.12.2025 11:53:29.406,  0.0
05.12.2025 11:53:33.406,  0.0
05.12.2025 11:53:37.396,  0.0
05.12.2025 11:53:41.416,  0.0
05.12.2025 11:53:45.416,  0.0
05.12.2025 11:53:49.427,  0.0
05.12.2025 11:53:53.527,  0.0
05.12.2025 11:53:57.428,  0.0
05.12.2025 11:54:01.427,  0.0
05.12.2025 11:54:05.427,  0.0
05.12.2025 11:54:09.417,  0.0
05.12.2025 11:54:13.417,  0.0
05.12.2025 11:54:17.427,  0.0
05.12.2025 11:54:21.427,  0.0
05.12.2025 11:54:25.417,  0.0
05.12.2025 11:54:29.417,  0.0
05.12.2025 11:54:33.427,  0.0
05.12.2025 11:54:37.427,  0.0
05.12.2025 11:54:41.427,  0.0
05.12.2025 11:54:45.417,  0.0
05.12.2025 11:54:49.427,  0.0
05.12.2025 11:54:53.427,  0.0
05.12.2025 11:54:57.427,  0.0
05.12.2025 11:55:01.427,  0.0
05.12.2025 11:55:05.437,  0.0
05.12.2025 11:55:09.427,  0.0
05.12.2025 11:55:13.437,  0.0
05.12.2025 11:55:17.427,  0.0
05.12.2025 11:55:21.438,  0.0
05.12.2025 11:55:25.437,  0.0
05.12.2025 11:55:29.427,  0.0
05.12.2025 11:55:33.437,  0.0
05.12.2025 11:55:37.437,  0.0
05.12.2025 11:55:41.427,  0.0
05.12.2025 11:55:45.437,  0.0
05.12.2025 11:55:49.437,  0.0
05.12.2025 11:55:53.437,  0.0
05.12.2025 11:55:57.438,  0.0
05.12.2025 11:56:01.437,  0.0
05.12.2025 11:56:05.437,  0.0
05.12.2025 11:56:09.427,  0.0
05.12.2025 11:56:13.438,  0.0
05.12.2025 11:56:17.427,  0.0
05.12.2025 11:56:21.437,  0.0
05.12.2025 11:56:25.427,  0.0
05.12.2025 11:56:29.437,  0.0
05.12.2025 11:56:33.437,  0.0
05.12.2025 11:56:37.427,  0.0
05.12.2025 11:56:41.437,  0.0
05.12.2025 11:56:45.437,  0.0
05.12.2025 11:56:49.437,  0.0
05.12.2025 11:56:53.437,  0.0
05.12.2025 11:56:57.427,  0.0
05.12.2025 11:57:01.447,  0.0
05.12.2025 11:57:05.447,  0.0
05.12.2025 11:57:09.437,  0.0
05.12.2025 11:57:13.448,  0.0
05.12.2025 11:57:17.437,  0.0
05.12.2025 11:57:21.447,  0.0
05.12.2025 11:57:25.447,  0.0
05.12.2025 11:57:29.447,  0.0
05.12.2025 11:57:33.437,  0.0
05.12.2025 11:57:37.447,  0.0
05.12.2025 11:57:41.447,  0.0
05.12.2025 11:57:45.448,  0.0
05.12.2025 11:57:49.447,  0.0
05.12.2025 11:57:53.437,  0.0
05.12.2025 11:57:57.437,  0.0
05.12.2025 11:58:01.447,  0.0
05.12.2025 11:58:05.447,  0.0
05.12.2025 11:58:09.437,  0.0
05.12.2025 11:58:13.447,  0.0
05.12.2025 11:58:17.437,  0.0
05.12.2025 11:58:21.437,  0.0
05.12.2025 11:58:25.447,  0.0
05.12.2025 11:58:29.437,  0.0
05.12.2025 11:58:33.447,  0.0
05.12.2025 11:58:37.447,  0.0
05.12.2025 11:58:41.448,  0.0
05.12.2025 11:58:45.447,  0.0
05.12.2025 11:58:49.452,  0.0
05.12.2025 11:58:53.462,  0.0
05.12.2025 11:58:57.462,  0.0
05.12.2025 11:59:01.462,  0.0
05.12.2025 11:59:05.452,  0.0
05.12.2025 11:59:09.462,  0.0
05.12.2025 11:59:13.452,  0.0
05.12.2025 11:59:17.462,  0.0
05.12.2025 11:59:21.462,  0.0
05.12.2025 11:59:25.452,  0.0
05.12.2025 11:59:29.463,  0.0
05.12.2025 11:59:33.462,  0.0
05.12.2025 11:59:37.452,  0.0
05.12.2025 11:59:41.462,  0.0
05.12.2025 11:59:45.452,  0.0
05.12.2025 11:59:49.462,  0.0
05.12.2025 11:59:53.462,  0.0
05.12.2025 11:59:57.452,  0.0
05.12.2025 12:00:01.462,  0.0
05.12.2025 12:00:05.462,  0.0
05.12.2025 12:00:09.452,  0.0
05.12.2025 12:00:13.462,  0.0
05.12.2025 12:00:17.472,  0.0
05.12.2025 12:00:21.472,  0.0
05.12.2025 12:00:25.473,  0.0
05.12.2025 12:00:29.472,  0.0
05.12.2025 12:00:33.462,  0.0
05.12.2025 12:00:37.472,  0.0
05.12.2025 12:00:41.472,  0.0
05.12.2025 12:00:45.462,  0.0
05.12.2025 12:00:49.473,  0.0
05.12.2025 12:00:53.462,  0.0
05.12.2025 12:00:57.472,  0.0
05.12.2025 12:01:01.472,  0.0
05.12.2025 12:01:05.462,  0.0
05.12.2025 12:01:11.462,  0.9
05.12.2025 12:01:15.472,  0.7
05.12.2025 12:01:19.462,  0.9
05.12.2025 12:01:23.462,  0.7
05.12.2025 12:01:27.472,  0.6
05.12.2025 12:01:31.472,  0.6
05.12.2025 12:01:35.462,  0.6
05.12.2025 12:01:39.472,  0.6
05.12.2025 12:01:43.462,  0.6
05.12.2025 12:01:47.472,  0.6
05.12.2025 12:01:51.462,  0.6
05.12.2025 12:01:55.462,  0.6
05.12.2025 12:01:59.472,  0.6
05.12.2025 12:02:03.462,  0.6
05.12.2025 12:02:07.462,  0.6
05.12.2025 12:02:11.472,  0.6
05.12.2025 12:02:15.473,  0.6
05.12.2025 12:02:19.472,  0.7
05.12.2025 12:02:23.462,  0.6
05.12.2025 12:02:27.462,  0.6
05.12.2025 12:02:31.472,  0.6
05.12.2025 12:02:35.462,  0.7
05.12.2025 12:02:39.472,  0.7
05.12.2025 12:02:43.472,  0.7
05.12.2025 12:02:47.462,  0.6
05.12.2025 12:02:51.472,  0.6
05.12.2025 12:02:55.472,  0.7
05.12.2025 12:02:59.472,  0.6
05.12.2025 12:03:03.473,  0.6
05.12.2025 12:03:07.472,  0.6
05.12.2025 12:03:11.462,  0.6
05.12.2025 12:03:15.472,  0.6
05.12.2025 12:03:19.472,  0.6
05.12.2025 12:03:23.462,  0.6
05.12.2025 12:03:27.473,  0.6
05.12.2025 12:03:31.562,  0.7
05.12.2025 12:03:35.473,  0.6
05.12.2025 12:03:39.472,  0.6
05.12.2025 12:03:43.462,  0.6
05.12.2025 12:03:47.472,  0.6
05.12.2025 12:03:51.483,  0.6
05.12.2025 12:03:55.482,  0.6
05.12.2025 12:03:59.472,  0.6
05.12.2025 12:04:03.483,  0.6
05.12.2025 12:04:07.472,  0.7
05.12.2025 12:04:11.472,  0.6
05.12.2025 12:04:15.482,  0.6
05.12.2025 12:04:19.482,  0.6
05.12.2025 12:04:23.492,  0.6
05.12.2025 12:04:27.482,  0.6
05.12.2025 12:04:31.482,  0.6
05.12.2025 12:04:35.492,  0.6
05.12.2025 12:04:39.482,  0.6
05.12.2025 12:04:43.492,  0.6
05.12.2025 12:04:47.482,  0.6
05.12.2025 12:04:51.482,  0.6
05.12.2025 12:04:55.482,  0.6
05.12.2025 12:04:59.492,  0.6
05.12.2025 12:05:03.482,  0.7
05.12.2025 12:05:07.482,  0.6
05.12.2025 12:05:11.492,  0.7
05.12.2025 12:05:15.482,  0.6
05.12.2025 12:05:19.493,  0.6
05.12.2025 12:05:23.493,  0.6
05.12.2025 12:05:27.492,  0.6
05.12.2025 12:05:31.482,  0.6
05.12.2025 12:05:35.502,  0.6
05.12.2025 12:05:39.502,  0.6
05.12.2025 12:05:43.512,  0.6
05.12.2025 12:05:47.512,  0.6
05.12.2025 12:05:51.513,  0.6
05.12.2025 12:05:55.512,  0.6
05.12.2025 12:05:59.512,  0.6
05.12.2025 12:06:03.512,  0.6
05.12.2025 12:06:07.502,  0.7
05.12.2025 12:06:11.502,  0.6
05.12.2025 12:06:15.522,  0.6
05.12.2025 12:06:19.523,  0.6
05.12.2025 12:06:23.512,  0.6
05.12.2025 12:06:27.523,  0.6
05.12.2025 12:06:31.512,  0.6
05.12.2025 12:06:35.522,  0.6
05.12.2025 12:06:39.522,  0.6
05.12.2025 12:06:43.512,  0.6
05.12.2025 12:06:47.522,  0.6
05.12.2025 12:06:51.532,  0.6
05.12.2025 12:06:55.542,  0.7
05.12.2025 12:06:59.552,  0.6
05.12.2025 12:07:03.542,  0.6
05.12.2025 12:07:07.552,  0.6
05.12.2025 12:07:11.552,  0.6
05.12.2025 12:07:15.553,  0.6
05.12.2025 12:07:19.552,  0.0
05.12.2025 12:07:23.552,  0.0
05.12.2025 12:07:27.552,  0.0
05.12.2025 12:07:31.552,  0.0
05.12.2025 12:07:35.542,  0.0
05.12.2025 12:07:39.542,  0.0
05.12.2025 12:07:43.552,  0.0
05.12.2025 12:07:47.552,  0.0
05.12.2025 12:07:51.553,  0.0
05.12.2025 12:07:55.542,  0.0
05.12.2025 12:07:59.552,  0.0
05.12.2025 12:08:03.553,  0.0
05.12.2025 12:08:07.552,  0.0
05.12.2025 12:08:11.542,  0.0
05.12.2025 12:08:15.552,  0.0
05.12.2025 12:08:19.542,  0.0
05.12.2025 12:08:23.542,  0.0
05.12.2025 12:08:27.552,  0.0
05.12.2025 12:08:31.542,  0.0
05.12.2025 12:08:35.552,  0.0
05.12.2025 12:08:39.552,  0.0
05.12.2025 12:08:43.553,  0.0
05.12.2025 12:08:47.575,  0.0
05.12.2025 12:08:51.576,  0.0
05.12.2025 12:08:55.575,  0.0
05.12.2025 12:08:59.575,  0.0
05.12.2025 12:09:03.576,  0.0
05.12.2025 12:09:07.575,  0.0
05.12.2025 12:09:11.575,  0.0
05.12.2025 12:09:15.565,  0.0
05.12.2025 12:09:19.575,  0.0
05.12.2025 12:09:23.585,  0.0
05.12.2025 12:09:27.585,  0.0
05.12.2025 12:09:31.575,  0.0
05.12.2025 12:09:35.585,  0.0
05.12.2025 12:09:39.585,  0.0
05.12.2025 12:09:43.575,  0.0
05.12.2025 12:09:47.585,  0.0
05.12.2025 12:09:51.575,  0.0
05.12.2025 12:09:55.585,  0.0
05.12.2025 12:09:59.585,  0.0
05.12.2025 12:10:03.585,  0.0
05.12.2025 12:10:07.586,  0.0
05.12.2025 12:10:11.575,  0.0
05.12.2025 12:10:15.585,  0.0
05.12.2025 12:10:19.575,  0.0
05.12.2025 12:10:23.585,  0.0
05.12.2025 12:10:27.575,  0.0
05.12.2025 12:10:31.585,  0.0
05.12.2025 12:10:35.585,  0.0
05.12.2025 12:10:39.585,  0.0
05.12.2025 12:10:43.585,  0.0
05.12.2025 12:10:47.575,  0.0
05.12.2025 12:10:51.585,  0.0
05.12.2025 12:10:55.585,  0.0
05.12.2025 12:10:59.595,  0.0
05.12.2025 12:11:03.595,  0.0
05.12.2025 12:11:07.595,  0.0
05.12.2025 12:11:11.695,  0.0
05.12.2025 12:11:15.595,  0.0
05.12.2025 12:11:19.585,  0.0
05.12.2025 12:11:23.595,  0.0
05.12.2025 12:11:27.585,  0.0
05.12.2025 12:11:31.585,  0.0
05.12.2025 12:11:35.595,  0.0
05.12.2025 12:11:39.585,  0.0
05.12.2025 12:11:43.595,  0.0
05.12.2025 12:11:47.585,  0.0
05.12.2025 12:11:51.585,  0.0
05.12.2025 12:11:55.585,  0.0
05.12.2025 12:11:59.595,  0.0
05.12.2025 12:12:03.585,  0.0
05.12.2025 12:12:07.595,  0.0
05.12.2025 12:12:11.585,  0.0
05.12.2025 12:12:15.595,  0.0
05.12.2025 12:12:19.595,  0.0
05.12.2025 12:12:23.595,  0.0
05.12.2025 12:12:27.595,  0.0
05.12.2025 12:12:31.585,  0.0
05.12.2025 12:12:35.595,  0.0
05.12.2025 12:12:39.585,  0.0
05.12.2025 12:12:43.696,  0.0
05.12.2025 12:12:47.695,  0.0
05.12.2025 12:12:51.595,  0.0
05.12.2025 12:12:55.585,  0.0
05.12.2025 12:12:59.585,  0.0
05.12.2025 12:13:03.596,  0.0
05.12.2025 12:13:07.595,  0.0
05.12.2025 12:13:11.585,  0.0
05.12.2025 12:13:15.595,  0.0
05.12.2025 12:13:19.595,  0.0
05.12.2025 12:13:23.585,  0.0
05.12.2025 12:13:27.585,  0.0
05.12.2025 12:13:31.585,  0.0
05.12.2025 12:13:35.605,  0.0
05.12.2025 12:13:39.605,  0.0
05.12.2025 12:13:43.595,  0.0
05.12.2025 12:13:47.621,  0.0
05.12.2025 12:13:51.701,  0.0
05.12.2025 12:13:55.611,  0.0
05.12.2025 12:13:59.621,  0.0
05.12.2025 12:14:03.621,  0.0
05.12.2025 12:14:07.611,  0.0
05.12.2025 12:14:11.622,  0.0
05.12.2025 12:14:15.621,  0.0
05.12.2025 12:14:19.611,  0.0
05.12.2025 12:14:23.621,  0.0
05.12.2025 12:14:27.622,  0.0
05.12.2025 12:14:31.621,  0.0
05.12.2025 12:14:35.621,  0.0
05.12.2025 12:14:39.621,  0.0
05.12.2025 12:14:43.741,  0.0
05.12.2025 12:14:47.621,  0.0
05.12.2025 12:14:51.621,  0.0
05.12.2025 12:14:56.621,  0.3
05.12.2025 12:15:00.611,  0.3
05.12.2025 12:15:04.611,  0.3
05.12.2025 12:15:08.621,  0.2
05.12.2025 12:15:12.621,  0.2
05.12.2025 12:15:16.621,  0.3
05.12.2025 12:15:20.611,  0.3
05.12.2025 12:15:24.621,  0.3
05.12.2025 12:15:28.611,  0.3
05.12.2025 12:15:32.622,  0.3
05.12.2025 12:15:36.621,  0.3
05.12.2025 12:15:40.621,  0.3
05.12.2025 12:15:44.621,  0.3
05.12.2025 12:15:48.622,  0.3
05.12.2025 12:15:52.621,  0.3
05.12.2025 12:15:56.611,  0.3
05.12.2025 12:16:00.621,  0.3
05.12.2025 12:16:04.611,  0.3
05.12.2025 12:16:08.611,  0.3
05.12.2025 12:16:12.621,  0.3
05.12.2025 12:16:16.611,  0.3
05.12.2025 12:16:20.611,  0.3
05.12.2025 12:16:24.611,  0.3
05.12.2025 12:16:28.621,  0.3
05.12.2025 12:16:32.621,  0.3
05.12.2025 12:16:36.621,  0.3
05.12.2025 12:16:40.611,  0.3
05.12.2025 12:16:44.621,  0.3
05.12.2025 12:16:48.621,  0.3
05.12.2025 12:16:52.632,  0.3
05.12.2025 12:16:56.631,  0.3
05.12.2025 12:17:00.631,  0.3
05.12.2025 12:17:04.642,  0.3
05.12.2025 12:17:08.631,  0.3
05.12.2025 12:17:12.641,  0.3
05.12.2025 12:17:16.641,  0.3
05.12.2025 12:17:20.641,  0.3
05.12.2025 12:17:24.631,  0.3
05.12.2025 12:17:28.641,  0.3
05.12.2025 12:17:32.641,  0.3
05.12.2025 12:17:36.641,  0.3
05.12.2025 12:17:40.631,  0.3
05.12.2025 12:17:44.641,  0.3
05.12.2025 12:17:48.631,  0.3
05.12.2025 12:17:52.641,  0.3
05.12.2025 12:17:56.641,  0.3
05.12.2025 12:18:00.631,  0.3
05.12.2025 12:18:04.641,  0.3
05.12.2025 12:18:08.641,  0.3
05.12.2025 12:18:12.642,  0.3
05.12.2025 12:18:16.641,  0.3
05.12.2025 12:18:20.631,  0.3
05.12.2025 12:18:24.641,  0.3
05.12.2025 12:18:28.642,  0.3
05.12.2025 12:18:32.641,  0.3
05.12.2025 12:18:36.642,  0.3
05.12.2025 12:18:40.641,  0.3
05.12.2025 12:18:44.731,  0.3
05.12.2025 12:18:48.651,  0.3
05.12.2025 12:18:52.651,  0.3
05.12.2025 12:18:56.641,  0.3
05.12.2025 12:19:00.651,  0.3
05.12.2025 12:19:04.641,  0.3
05.12.2025 12:19:08.651,  0.3
05.12.2025 12:19:12.641,  0.3
05.12.2025 12:19:16.641,  0.3
05.12.2025 12:19:20.641,  0.3
05.12.2025 12:19:24.641,  0.3
05.12.2025 12:19:28.651,  0.3
05.12.2025 12:19:32.661,  0.3
05.12.2025 12:19:36.651,  0.3
05.12.2025 12:19:40.661,  0.3
05.12.2025 12:19:44.661,  0.3
05.12.2025 12:19:48.661,  0.3
05.12.2025 12:19:52.662,  0.3
05.12.2025 12:19:56.651,  0.3
05.12.2025 12:20:00.662,  0.3
05.12.2025 12:20:04.651,  0.3
05.12.2025 12:20:08.662,  0.3
05.12.2025 12:20:12.672,  0.3
05.12.2025 12:20:16.661,  0.3
05.12.2025 12:20:20.661,  0.0
05.12.2025 12:20:24.671,  0.0
05.12.2025 12:20:28.671,  0.0
05.12.2025 12:20:32.671,  0.0
05.12.2025 12:20:36.661,  0.0
05.12.2025 12:20:40.661,  0.0
05.12.2025 12:20:44.671,  0.0
05.12.2025 12:20:48.671,  0.0
05.12.2025 12:20:52.672,  0.0
05.12.2025 12:20:56.671,  0.0
05.12.2025 12:21:00.671,  0.0
05.12.2025 12:21:04.672,  0.0
05.12.2025 12:21:08.661,  0.0
05.12.2025 12:21:12.671,  0.0
05.12.2025 12:21:16.681,  0.0
05.12.2025 12:21:20.681,  0.0
05.12.2025 12:21:24.671,  0.0
05.12.2025 12:21:28.681,  0.0
05.12.2025 12:21:32.681,  0.0
05.12.2025 12:21:36.671,  0.0
05.12.2025 12:21:40.681,  0.0
05.12.2025 12:21:44.691,  0.0
05.12.2025 12:21:48.691,  0.0
05.12.2025 12:21:52.691,  0.0
05.12.2025 12:21:56.711,  0.0
05.12.2025 12:22:00.701,  0.0
05.12.2025 12:22:04.711,  0.0
05.12.2025 12:22:08.711,  0.0
05.12.2025 12:22:12.731,  0.0
05.12.2025 12:22:16.732,  0.0
05.12.2025 12:22:20.742,  0.0
05.12.2025 12:22:24.731,  0.0
05.12.2025 12:22:28.741,  0.0
05.12.2025 12:22:32.742,  0.0
05.12.2025 12:22:36.741,  0.0
05.12.2025 12:22:40.741,  0.0
05.12.2025 12:22:44.731,  0.0
05.12.2025 12:22:48.741,  0.0
05.12.2025 12:22:52.731,  0.0
05.12.2025 12:22:56.741,  0.0
05.12.2025 12:23:00.731,  0.0
05.12.2025 12:23:04.741,  0.0
05.12.2025 12:23:08.731,  0.0
05.12.2025 12:23:12.741,  0.0
05.12.2025 12:23:16.731,  0.0
05.12.2025 12:23:20.742,  0.0
05.12.2025 12:23:24.731,  0.0
05.12.2025 12:23:28.741,  0.0
05.12.2025 12:23:32.741,  0.0
05.12.2025 12:23:36.731,  0.0
05.12.2025 12:23:40.741,  0.0
05.12.2025 12:23:44.731,  0.0
05.12.2025 12:23:48.755,  0.0
05.12.2025 12:23:52.745,  0.0
05.12.2025 12:23:56.755,  0.0
05.12.2025 12:24:00.755,  0.0
05.12.2025 12:24:04.755,  0.0
05.12.2025 12:24:08.755,  0.0
05.12.2025 12:24:12.755,  0.0
05.12.2025 12:24:16.755,  0.0
05.12.2025 12:24:20.755,  0.0
05.12.2025 12:24:24.745,  0.0
05.12.2025 12:24:28.755,  0.0
05.12.2025 12:24:32.755,  0.0
05.12.2025 12:24:36.745,  0.0
05.12.2025 12:24:40.755,  0.0
05.12.2025 12:24:44.745,  0.0
05.12.2025 12:24:48.755,  0.0
05.12.2025 12:24:52.755,  0.0
05.12.2025 12:24:56.755,  0.0
05.12.2025 12:25:00.755,  0.0
05.12.2025 12:25:04.745,  0.0
05.12.2025 12:25:08.755,  0.0
05.12.2025 12:25:12.755,  0.0
05.12.2025 12:25:16.755,  0.0
05.12.2025 12:25:20.745,  0.0
05.12.2025 12:25:24.755,  0.0
05.12.2025 12:25:28.745,  0.0
05.12.2025 12:25:32.745,  0.0
05.12.2025 12:25:36.745,  0.0
05.12.2025 12:25:40.755,  0.0
05.12.2025 12:25:44.756,  0.0
05.12.2025 12:25:48.755,  0.0
05.12.2025 12:25:52.755,  0.0
05.12.2025 12:25:56.755,  0.0
05.12.2025 12:26:00.745,  0.0
05.12.2025 12:26:04.755,  0.0
05.12.2025 12:26:08.745,  0.0
05.12.2025 12:26:12.755,  0.0
05.12.2025 12:26:16.745,  0.0
05.12.2025 12:26:20.765,  0.0
05.12.2025 12:26:24.765,  0.0
05.12.2025 12:26:28.755,  0.0
05.12.2025 12:26:32.765,  0.0
05.12.2025 12:26:36.755,  0.0
05.12.2025 12:26:40.765,  0.0
05.12.2025 12:26:44.765,  0.0
05.12.2025 12:26:48.755,  0.0
05.12.2025 12:26:52.765,  0.0
05.12.2025 12:26:57.765,  0.1
05.12.2025 12:27:01.755,  0.1
05.12.2025 12:27:05.765,  0.1
05.12.2025 12:27:09.765,  0.1
05.12.2025 12:27:13.755,  0.1
05.12.2025 12:27:17.765,  0.1
05.12.2025 12:27:21.755,  0.1
05.12.2025 12:27:25.755,  0.1
05.12.2025 12:27:29.765,  0.1
05.12.2025 12:27:33.755,  0.1
05.12.2025 12:27:37.765,  0.1
05.12.2025 12:27:41.755,  0.1
05.12.2025 12:27:45.765,  0.1
05.12.2025 12:27:49.755,  0.1
05.12.2025 12:27:53.765,  0.1
05.12.2025 12:27:57.755,  0.1
05.12.2025 12:28:01.765,  0.1
05.12.2025 12:28:05.765,  0.1
05.12.2025 12:28:09.766,  0.1
05.12.2025 12:28:13.765,  0.1
05.12.2025 12:28:17.766,  0.1
05.12.2025 12:28:21.765,  0.1
05.12.2025 12:28:25.765,  0.1
05.12.2025 12:28:29.755,  0.1
05.12.2025 12:28:33.765,  0.1
05.12.2025 12:28:37.765,  0.1
05.12.2025 12:28:41.765,  0.1
05.12.2025 12:28:45.755,  0.1
05.12.2025 12:28:49.769,  0.1
05.12.2025 12:28:53.779,  0.1
05.12.2025 12:28:57.779,  0.1
05.12.2025 12:29:01.779,  0.1
05.12.2025 12:29:05.779,  0.1
05.12.2025 12:29:09.769,  0.1
05.12.2025 12:29:13.771,  0.1
05.12.2025 12:29:17.779,  0.1
05.12.2025 12:29:21.799,  0.1
05.12.2025 12:29:25.799,  0.1
05.12.2025 12:29:29.790,  0.1
05.12.2025 12:29:33.809,  0.1
05.12.2025 12:29:37.799,  0.1
05.12.2025 12:29:41.809,  0.1
05.12.2025 12:29:45.809,  0.1
05.12.2025 12:29:49.809,  0.1
05.12.2025 12:29:53.809,  0.1
05.12.2025 12:29:57.810,  0.1
05.12.2025 12:30:01.809,  0.1
05.12.2025 12:30:05.809,  0.1
05.12.2025 12:30:09.809,  0.1
05.12.2025 12:30:13.799,  0.1
05.12.2025 12:30:17.799,  0.1
05.12.2025 12:30:21.810,  0.1
05.12.2025 12:30:25.809,  0.1
05.12.2025 12:30:29.809,  0.1
05.12.2025 12:30:33.810,  0.1
05.12.2025 12:30:37.809,  0.1
05.12.2025 12:30:41.799,  0.1
05.12.2025 12:30:45.810,  0.1
05.12.2025 12:30:49.809,  0.1
05.12.2025 12:30:53.809,  0.1
05.12.2025 12:30:57.909,  0.1
05.12.2025 12:31:01.799,  0.1
05.12.2025 12:31:05.809,  0.1
05.12.2025 12:31:09.810,  0.1
05.12.2025 12:31:13.809,  0.1
05.12.2025 12:31:17.799,  0.1
05.12.2025 12:31:21.799,  0.1
05.12.2025 12:31:25.810,  0.1
05.12.2025 12:31:29.820,  0.1
05.12.2025 12:31:33.819,  0.1
05.12.2025 12:31:37.819,  0.1
05.12.2025 12:31:41.809,  0.1
05.12.2025 12:31:45.819,  0.1
05.12.2025 12:31:49.819,  0.1
05.12.2025 12:31:53.819,  0.1
05.12.2025 12:31:57.819,  0.1
05.12.2025 12:32:01.820,  0.1
05.12.2025 12:32:05.819,  0.1
05.12.2025 12:32:09.819,  0.1
05.12.2025 12:32:13.819,  0.1
05.12.2025 12:32:17.809,  0.1
05.12.2025 12:32:21.819,  0.1
05.12.2025 12:32:25.819,  0.1
05.12.2025 12:32:29.819,  0.1
05.12.2025 12:32:33.819,  0.1
05.12.2025 12:32:37.819,  0.1
05.12.2025 12:32:41.809,  0.1
05.12.2025 12:32:45.819,  0.1
05.12.2025 12:32:49.809,  0.1
05.12.2025 12:32:53.819,  0.1
05.12.2025 12:32:57.819,  0.1
05.12.2025 12:33:01.809,  0.1
05.12.2025 12:33:05.819,  0.1
05.12.2025 12:33:09.809,  0.1
05.12.2025 12:33:13.819,  0.1
05.12.2025 12:33:17.809,  0.1
05.12.2025 12:33:21.819,  0.1
05.12.2025 12:33:25.809,  0.1
05.12.2025 12:33:29.809,  0.1
05.12.2025 12:33:33.819,  0.1
05.12.2025 12:33:37.819,  0.1
05.12.2025 12:33:41.809,  0.1
05.12.2025 12:33:45.819,  0.1
05.12.2025 12:33:49.824,  0.1
05.12.2025 12:33:53.834,  0.1
05.12.2025 12:33:57.834,  0.1
05.12.2025 12:34:01.824,  0.1
05.12.2025 12:34:05.835,  0.1
05.12.2025 12:34:09.834,  0.1
05.12.2025 12:34:13.834,  0.1
05.12.2025 12:34:17.834,  0.1
05.12.2025 12:34:21.824,  0.1
05.12.2025 12:34:25.834,  0.1
05.12.2025 12:34:29.824,  0.1
05.12.2025 12:34:33.834,  0.1
05.12.2025 12:34:37.824,  0.1
05.12.2025 12:34:41.824,  0.1
05.12.2025 12:34:45.834,  0.1
05.12.2025 12:34:49.834,  0.1
05.12.2025 12:34:53.824,  0.1
05.12.2025 12:34:57.834,  0.1
05.12.2025 12:35:01.835,  0.1
05.12.2025 12:35:05.824,  0.1
05.12.2025 12:35:09.834,  0.1
05.12.2025 12:35:13.835,  0.1
05.12.2025 12:35:17.834,  0.1
05.12.2025 12:35:21.824,  0.1
05.12.2025 12:35:25.834,  0.1
05.12.2025 12:35:29.824,  0.1
05.12.2025 12:35:33.824,  0.1
05.12.2025 12:35:37.834,  0.1
05.12.2025 12:35:41.834,  0.1
05.12.2025 12:35:45.824,  0.1
05.12.2025 12:35:49.834,  0.1
05.12.2025 12:35:53.835,  0.1
05.12.2025 12:35:57.824,  0.1
05.12.2025 12:36:01.824,  0.1
05.12.2025 12:36:05.834,  0.1
05.12.2025 12:36:09.835,  0.1
05.12.2025 12:36:13.834,  0.1
05.12.2025 12:36:17.854,  0.1
05.12.2025 12:36:21.844,  0.1
05.12.2025 12:36:25.844,  0.1
05.12.2025 12:36:29.844,  0.1
05.12.2025 12:36:33.844,  0.1
05.12.2025 12:36:37.855,  0.1
05.12.2025 12:36:41.844,  0.1
05.12.2025 12:36:45.864,  0.1
05.12.2025 12:36:49.864,  0.1
05.12.2025 12:36:53.854,  0.1
05.12.2025 12:36:57.864,  0.1
05.12.2025 12:37:01.854,  0.1
05.12.2025 12:37:05.864,  0.1
05.12.2025 12:37:09.875,  0.1
05.12.2025 12:37:13.874,  0.1
05.12.2025 12:37:17.874,  0.1
05.12.2025 12:37:21.874,  0.1
05.12.2025 12:37:25.874,  0.1
05.12.2025 12:37:29.874,  0.1
05.12.2025 12:37:33.864,  0.1
05.12.2025 12:37:37.874,  0.1
05.12.2025 12:37:41.864,  0.1
05.12.2025 12:37:45.874,  0.1
05.12.2025 12:37:49.864,  0.1
05.12.2025 12:37:53.875,  0.1
05.12.2025 12:37:57.864,  0.1
05.12.2025 12:38:01.874,  0.1
05.12.2025 12:38:05.864,  0.1
05.12.2025 12:38:09.864,  0.1
05.12.2025 12:38:13.874,  0.1
05.12.2025 12:38:17.875,  0.1
05.12.2025 12:38:21.874,  0.1
05.12.2025 12:38:25.874,  0.1
05.12.2025 12:38:29.864,  0.1
05.12.2025 12:38:33.874,  0.1
05.12.2025 12:38:37.874,  0.1
05.12.2025 12:38:41.874,  0.1
05.12.2025 12:38:45.864,  0.1
05.12.2025 12:38:49.894,  0.1
05.12.2025 12:38:53.894,  0.1
05.12.2025 12:38:57.895,  0.1
05.12.2025 12:39:01.894,  0.1
05.12.2025 12:39:05.884,  0.1
05.12.2025 12:39:09.894,  0.1
05.12.2025 12:39:13.894,  0.1
05.12.2025 12:39:17.884,  0.1
05.12.2025 12:39:21.894,  0.1
05.12.2025 12:39:25.884,  0.1
05.12.2025 12:39:29.894,  0.1
05.12.2025 12:39:33.994,  0.1
05.12.2025 12:39:37.884,  0.1
05.12.2025 12:39:41.894,  0.1
05.12.2025 12:39:45.884,  0.1
05.12.2025 12:39:49.884,  0.1
05.12.2025 12:39:53.894,  0.1
05.12.2025 12:39:57.884,  0.1
05.12.2025 12:40:01.894,  0.1
05.12.2025 12:40:05.894,  0.1
05.12.2025 12:40:09.904,  0.1
05.12.2025 12:40:13.905,  0.1
05.12.2025 12:40:17.904,  0.1
05.12.2025 12:40:21.905,  0.1
05.12.2025 12:40:25.904,  0.1
05.12.2025 12:40:29.904,  0.1
05.12.2025 12:40:33.894,  0.1
05.12.2025 12:40:37.904,  0.1
05.12.2025 12:40:41.904,  0.1
05.12.2025 12:40:45.904,  0.1
05.12.2025 12:40:49.904,  0.1
05.12.2025 12:40:53.904,  0.1
05.12.2025 12:40:57.894,  0.1
05.12.2025 12:41:01.904,  0.1
05.12.2025 12:41:05.904,  0.1
05.12.2025 12:41:09.894,  0.1
05.12.2025 12:41:13.904,  0.1
05.12.2025 12:41:17.904,  0.1
05.12.2025 12:41:21.904,  0.1
05.12.2025 12:41:25.894,  0.1
05.12.2025 12:41:29.904,  0.1
05.12.2025 12:41:33.904,  0.1
05.12.2025 12:41:37.904,  0.1
05.12.2025 12:41:41.904,  0.1
05.12.2025 12:41:45.904,  0.1
05.12.2025 12:41:49.894,  0.1
05.12.2025 12:41:53.904,  0.1
05.12.2025 12:41:57.904,  0.1
05.12.2025 12:42:01.904,  0.1
05.12.2025 12:42:05.914,  0.1
05.12.2025 12:42:09.904,  0.1
05.12.2025 12:42:13.914,  0.1
05.12.2025 12:42:17.904,  0.1
05.12.2025 12:42:21.914,  0.1
05.12.2025 12:42:25.904,  0.1
05.12.2025 12:42:29.914,  0.1
05.12.2025 12:42:33.904,  0.0
05.12.2025 12:42:37.914,  0.0
05.12.2025 12:42:41.915,  0.0
05.12.2025 12:42:45.914,  0.0
05.12.2025 12:42:49.914,  0.0
05.12.2025 12:42:53.904,  0.0
05.12.2025 12:42:57.914,  0.0
05.12.2025 12:43:01.904,  0.0
05.12.2025 12:43:05.914,  0.0
05.12.2025 12:43:09.914,  0.0
05.12.2025 12:43:13.904,  0.0
05.12.2025 12:43:17.914,  0.0
05.12.2025 12:43:21.915,  0.0
05.12.2025 12:43:25.915,  0.0
05.12.2025 12:43:29.914,  0.0
05.12.2025 12:43:33.914,  0.0
05.12.2025 12:43:37.914,  0.0
05.12.2025 12:43:41.914,  0.0
05.12.2025 12:43:45.914,  0.0
05.12.2025 12:43:49.920,  0.0
05.12.2025 12:43:53.920,  0.0
05.12.2025 12:43:57.920,  0.0
05.12.2025 12:44:01.910,  0.0
05.12.2025 12:44:05.920,  0.0
05.12.2025 12:44:09.910,  0.0
05.12.2025 12:44:13.920,  0.0
05.12.2025 12:44:17.920,  0.0
05.12.2025 12:44:21.920,  0.0
05.12.2025 12:44:25.920,  0.0
05.12.2025 12:44:29.920,  0.0
05.12.2025 12:44:33.921,  0.0
05.12.2025 12:44:37.920,  0.0
05.12.2025 12:44:41.910,  0.0
05.12.2025 12:44:45.920,  0.0
05.12.2025 12:44:49.920,  0.0
05.12.2025 12:44:53.910,  0.0
05.12.2025 12:44:57.920,  0.0
05.12.2025 12:45:01.920,  0.0
05.12.2025 12:45:05.910,  0.0
05.12.2025 12:45:09.910,  0.0
05.12.2025 12:45:13.910,  0.0
05.12.2025 12:45:17.920,  0.0
05.12.2025 12:45:21.920,  0.0
05.12.2025 12:45:25.921,  0.0
05.12.2025 12:45:29.920,  0.0
05.12.2025 12:45:33.920,  0.0
05.12.2025 12:45:37.920,  0.0
05.12.2025 12:45:41.910,  0.0
05.12.2025 12:45:45.920,  0.0
05.12.2025 12:45:49.910,  0.0
05.12.2025 12:45:53.910,  0.0
05.12.2025 12:45:57.920,  0.0
05.12.2025 12:46:01.921,  0.0
05.12.2025 12:46:05.920,  0.0
05.12.2025 12:46:09.920,  0.0
05.12.2025 12:46:13.920,  0.0
05.12.2025 12:46:17.910,  0.0
05.12.2025 12:46:21.920,  0.0
05.12.2025 12:46:25.910,  0.0
05.12.2025 12:46:29.920,  0.0
05.12.2025 12:46:33.921,  0.0
05.12.2025 12:46:37.910,  0.0
05.12.2025 12:46:41.920,  0.0
05.12.2025 12:46:45.920,  0.0
05.12.2025 12:46:49.930,  0.0
05.12.2025 12:46:53.930,  0.0
05.12.2025 12:46:57.930,  0.0
05.12.2025 12:47:01.920,  0.0
05.12.2025 12:47:05.920,  0.0
05.12.2025 12:47:09.930,  0.0
05.12.2025 12:47:13.930,  0.0
05.12.2025 12:47:17.930,  0.0
05.12.2025 12:47:21.930,  0.0
05.12.2025 12:47:25.920,  0.0
05.12.2025 12:47:29.930,  0.0
05.12.2025 12:47:33.930,  0.0
05.12.2025 12:47:37.930,  0.0
05.12.2025 12:47:41.930,  0.0
05.12.2025 12:47:45.930,  0.0
05.12.2025 12:47:49.920,  0.0
05.12.2025 12:47:53.930,  0.0
05.12.2025 12:47:57.920,  0.0
05.12.2025 12:48:01.930,  0.0
05.12.2025 12:48:05.931,  0.0
05.12.2025 12:48:09.920,  0.0
05.12.2025 12:48:13.930,  0.0
05.12.2025 12:48:17.920,  0.0
05.12.2025 12:48:21.930,  0.0
05.12.2025 12:48:25.931,  0.0
05.12.2025 12:48:29.920,  0.0
05.12.2025 12:48:33.930,  0.0
05.12.2025 12:48:37.930,  0.0
05.12.2025 12:48:41.920,  0.0
05.12.2025 12:48:45.920,  0.0
05.12.2025 12:48:50.935,  0.9
05.12.2025 12:48:54.945,  0.7
05.12.2025 12:48:58.946,  0.7
05.12.2025 12:49:02.945,  1.0
05.12.2025 12:49:06.945,  0.8
05.12.2025 12:49:10.935,  0.8
05.12.2025 12:49:14.935,  0.9
05.12.2025 12:49:18.945,  0.8
05.12.2025 12:49:22.935,  0.9
05.12.2025 12:49:26.945,  0.8
05.12.2025 12:49:30.935,  0.9
05.12.2025 12:49:34.935,  0.9
05.12.2025 12:49:38.946,  0.8
05.12.2025 12:49:42.935,  0.9
05.12.2025 12:49:46.935,  0.9
05.12.2025 12:49:50.946,  0.8
05.12.2025 12:49:54.945,  0.8
05.12.2025 12:49:58.935,  0.8
05.12.2025 12:50:02.955,  0.9
05.12.2025 12:50:06.956,  0.8
05.12.2025 12:50:10.945,  0.9
05.12.2025 12:50:14.955,  0.9
05.12.2025 12:50:18.945,  0.8
05.12.2025 12:50:22.955,  0.9
05.12.2025 12:50:26.945,  0.9
05.12.2025 12:50:30.955,  0.9
05.12.2025 12:50:34.955,  0.9
05.12.2025 12:50:38.955,  0.9
05.12.2025 12:50:42.956,  0.9
05.12.2025 12:50:46.965,  0.9
05.12.2025 12:50:50.955,  0.9
05.12.2025 12:50:54.975,  0.9
05.12.2025 12:50:58.965,  0.9
05.12.2025 12:51:03.195,  0.8
05.12.2025 12:51:06.975,  0.8
05.12.2025 12:51:10.965,  0.9
05.12.2025 12:51:14.975,  0.9
05.12.2025 12:51:18.975,  0.9
05.12.2025 12:51:22.975,  0.8
05.12.2025 12:51:26.976,  0.8
05.12.2025 12:51:30.965,  0.9
05.12.2025 12:51:34.975,  0.8
05.12.2025 12:51:38.965,  0.9
05.12.2025 12:51:42.965,  0.8
05.12.2025 12:51:46.975,  0.9
05.12.2025 12:51:50.965,  0.9
05.12.2025 12:51:54.985,  0.9
05.12.2025 12:51:58.985,  0.9
05.12.2025 12:52:02.985,  0.9
05.12.2025 12:52:06.975,  0.9
05.12.2025 12:52:10.985,  0.9
05.12.2025 12:52:14.985,  0.9
05.12.2025 12:52:18.995,  0.9
05.12.2025 12:52:22.995,  0.8
05.12.2025 12:52:26.985,  0.9
05.12.2025 12:52:30.985,  0.9
05.12.2025 12:52:34.996,  0.9
05.12.2025 12:52:38.985,  0.9
05.12.2025 12:52:42.995,  0.9
05.12.2025 12:52:46.985,  0.8
05.12.2025 12:52:50.995,  0.8
05.12.2025 12:52:54.996,  0.0
05.12.2025 12:52:58.995,  0.0
05.12.2025 12:53:02.985,  0.0
05.12.2025 12:53:06.995,  0.0
05.12.2025 12:53:10.995,  0.0
05.12.2025 12:53:14.995,  0.0
05.12.2025 12:53:18.985,  0.0
05.12.2025 12:53:22.995,  0.0
05.12.2025 12:53:26.985,  0.0
05.12.2025 12:53:30.985,  0.0
05.12.2025 12:53:34.985,  0.0
05.12.2025 12:53:39.005,  0.0
05.12.2025 12:53:42.995,  0.0
05.12.2025 12:53:47.005,  0.0
05.12.2025 12:53:51.022,  0.0
05.12.2025 12:53:55.022,  0.0
05.12.2025 12:53:59.022,  0.0
05.12.2025 12:54:03.012,  0.0
05.12.2025 12:54:07.012,  0.0
05.12.2025 12:54:11.022,  0.0
05.12.2025 12:54:15.022,  0.0
05.12.2025 12:54:19.022,  0.0
05.12.2025 12:54:23.012,  0.0
05.12.2025 12:54:27.022,  0.0
05.12.2025 12:54:31.022,  0.0
05.12.2025 12:54:35.012,  0.0
05.12.2025 12:54:39.022,  0.0
05.12.2025 12:54:43.022,  0.0
05.12.2025 12:54:47.012,  0.0
05.12.2025 12:54:51.012,  0.0
05.12.2025 12:54:55.022,  0.0
05.12.2025 12:54:59.012,  0.0
05.12.2025 12:55:03.022,  0.0
05.12.2025 12:55:07.022,  0.0
05.12.2025 12:55:11.022,  0.0
05.12.2025 12:55:15.022,  0.0
05.12.2025 12:55:19.012,  0.0
05.12.2025 12:55:23.022,  0.0
05.12.2025 12:55:27.022,  0.0
05.12.2025 12:55:31.012,  0.0
05.12.2025 12:55:35.012,  0.0
05.12.2025 12:55:39.122,  0.0
05.12.2025 12:55:43.022,  0.0
05.12.2025 12:55:47.012,  0.0
05.12.2025 12:55:51.032,  0.0
05.12.2025 12:55:55.042,  0.0
05.12.2025 12:55:59.043,  0.0
05.12.2025 12:56:03.042,  0.0
05.12.2025 12:56:07.052,  0.0
05.12.2025 12:56:11.042,  0.0
05.12.2025 12:56:15.042,  0.0
05.12.2025 12:56:19.052,  0.0
05.12.2025 12:56:23.052,  0.0
05.12.2025 12:56:27.042,  0.0
05.12.2025 12:56:31.052,  0.0
05.12.2025 12:56:35.052,  0.0
05.12.2025 12:56:39.062,  0.0
05.12.2025 12:56:43.062,  0.0
05.12.2025 12:56:47.052,  0.0
05.12.2025 12:56:51.062,  0.0
05.12.2025 12:56:55.062,  0.0
05.12.2025 12:56:59.062,  0.0
05.12.2025 12:57:03.052,  0.0
05.12.2025 12:57:07.062,  0.0
05.12.2025 12:57:11.062,  0.0
05.12.2025 12:57:15.052,  0.0
05.12.2025 12:57:19.062,  0.0
05.12.2025 12:57:23.052,  0.0
05.12.2025 12:57:27.063,  0.0
05.12.2025 12:57:31.052,  0.0
05.12.2025 12:57:35.062,  0.0
05.12.2025 12:57:39.062,  0.0
05.12.2025 12:57:43.152,  0.0
05.12.2025 12:57:47.052,  0.0
05.12.2025 12:57:51.052,  0.0
05.12.2025 12:57:55.063,  0.0
05.12.2025 12:57:59.052,  0.0
05.12.2025 12:58:03.062,  0.0
05.12.2025 12:58:07.062,  0.0
05.12.2025 12:58:11.072,  0.0
05.12.2025 12:58:15.062,  0.0
05.12.2025 12:58:19.073,  0.0
05.12.2025 12:58:23.073,  0.0
05.12.2025 12:58:27.072,  0.0
05.12.2025 12:58:31.073,  0.0
05.12.2025 12:58:35.062,  0.0
05.12.2025 12:58:39.062,  0.0
05.12.2025 12:58:43.062,  0.0
05.12.2025 12:58:47.072,  0.0
05.12.2025 12:58:51.079,  0.0
05.12.2025 12:58:55.079,  0.0
05.12.2025 12:58:59.079,  0.0
05.12.2025 12:59:03.089,  0.0
05.12.2025 12:59:07.079,  0.0
05.12.2025 12:59:11.089,  0.0
05.12.2025 12:59:15.089,  0.0
05.12.2025 12:59:19.079,  0.0
05.12.2025 12:59:23.089,  0.0
05.12.2025 12:59:27.090,  0.0
05.12.2025 12:59:31.079,  0.0
05.12.2025 12:59:35.079,  0.0
05.12.2025 12:59:39.089,  0.0
05.12.2025 12:59:43.079,  0.0
05.12.2025 12:59:47.089,  0.0
05.12.2025 12:59:51.079,  0.0
05.12.2025 12:59:55.079,  0.0
05.12.2025 12:59:59.089,  0.0
05.12.2025 13:00:03.079,  0.0
05.12.2025 13:00:07.089,  0.0
05.12.2025 13:00:11.099,  0.0
05.12.2025 13:00:15.099,  0.0
05.12.2025 13:00:19.119,  0.0
05.12.2025 13:00:23.129,  0.0
05.12.2025 13:00:27.129,  0.0
05.12.2025 13:00:31.129,  0.0
05.12.2025 13:00:35.130,  0.0
05.12.2025 13:00:39.129,  0.0
05.12.2025 13:00:43.119,  0.0
05.12.2025 13:00:47.129,  0.0
05.12.2025 13:00:51.119,  0.0
05.12.2025 13:00:55.119,  0.0
05.12.2025 13:00:59.129,  0.0
05.12.2025 13:01:03.130,  0.0
05.12.2025 13:01:07.130,  0.0
05.12.2025 13:01:11.119,  0.0
05.12.2025 13:01:15.129,  0.0
05.12.2025 13:01:19.129,  0.0
05.12.2025 13:01:23.130,  0.0
05.12.2025 13:01:27.120,  0.0
05.12.2025 13:01:31.139,  0.0
05.12.2025 13:01:35.129,  0.0
05.12.2025 13:01:39.139,  0.0
05.12.2025 13:01:43.139,  0.0
05.12.2025 13:01:47.140,  0.0
05.12.2025 13:01:51.129,  0.0
05.12.2025 13:01:56.129,  1.3
05.12.2025 13:02:00.139,  1.0
05.12.2025 13:02:04.139,  1.3
05.12.2025 13:02:08.129,  1.0
05.12.2025 13:02:12.139,  0.9
05.12.2025 13:02:16.129,  0.8
05.12.2025 13:02:20.129,  0.8
05.12.2025 13:02:24.140,  0.6
05.12.2025 13:02:28.139,  0.8
05.12.2025 13:02:32.140,  0.9
05.12.2025 13:02:36.129,  0.9
05.12.2025 13:02:40.140,  0.9
05.12.2025 13:02:44.139,  0.9
05.12.2025 13:02:48.129,  1.0
05.12.2025 13:02:52.129,  0.9
05.12.2025 13:02:56.139,  1.0
05.12.2025 13:03:00.139,  1.0
05.12.2025 13:03:04.139,  1.0
05.12.2025 13:03:08.129,  0.9
05.12.2025 13:03:12.139,  1.0
05.12.2025 13:03:16.129,  1.0
05.12.2025 13:03:20.139,  0.9
05.12.2025 13:03:24.139,  0.9
05.12.2025 13:03:28.139,  1.0
05.12.2025 13:03:32.139,  1.0
05.12.2025 13:03:36.139,  1.0
05.12.2025 13:03:40.139,  1.0
05.12.2025 13:03:44.139,  0.9
05.12.2025 13:03:48.159,  1.0
05.12.2025 13:03:52.159,  1.0
05.12.2025 13:03:56.159,  1.0
05.12.2025 13:04:00.169,  1.0
05.12.2025 13:04:04.159,  1.0
05.12.2025 13:04:08.169,  1.1
05.12.2025 13:04:12.169,  1.0
05.12.2025 13:04:16.170,  1.0
05.12.2025 13:04:20.159,  1.0
05.12.2025 13:04:24.159,  1.0
05.12.2025 13:04:28.169,  1.0
05.12.2025 13:04:32.169,  0.9
05.12.2025 13:04:36.169,  0.9
05.12.2025 13:04:40.170,  0.9
05.12.2025 13:04:44.169,  1.0
05.12.2025 13:04:48.169,  1.0
05.12.2025 13:04:52.159,  1.0
05.12.2025 13:04:56.169,  1.0
05.12.2025 13:05:00.169,  1.0
05.12.2025 13:05:04.169,  1.0
05.12.2025 13:05:08.169,  1.0
05.12.2025 13:05:12.159,  1.0
05.12.2025 13:05:16.169,  1.0
05.12.2025 13:05:20.159,  1.0
05.12.2025 13:05:24.169,  1.0
05.12.2025 13:05:28.169,  1.0
05.12.2025 13:05:32.170,  1.0
05.12.2025 13:05:36.169,  1.0
05.12.2025 13:05:40.169,  1.0
05.12.2025 13:05:44.169,  1.0
05.12.2025 13:05:48.169,  1.0
05.12.2025 13:05:52.159,  1.0
05.12.2025 13:05:56.169,  1.0
05.12.2025 13:06:00.159,  1.0
05.12.2025 13:06:04.159,  1.0
05.12.2025 13:06:08.170,  1.0
05.12.2025 13:06:12.169,  1.0
05.12.2025 13:06:16.170,  1.0
05.12.2025 13:06:20.159,  1.0
05.12.2025 13:06:24.169,  1.0
05.12.2025 13:06:28.169,  1.0
05.12.2025 13:06:32.170,  1.0
05.12.2025 13:06:36.169,  0.9
05.12.2025 13:06:40.169,  1.0
05.12.2025 13:06:44.159,  1.0
05.12.2025 13:06:48.170,  1.0
05.12.2025 13:06:52.169,  1.0
05.12.2025 13:06:56.170,  1.0
05.12.2025 13:07:00.169,  1.0
05.12.2025 13:07:04.169,  1.0
05.12.2025 13:07:08.170,  0.9
05.12.2025 13:07:12.169,  1.0
05.12.2025 13:07:16.169,  1.0
05.12.2025 13:07:20.169,  1.0
05.12.2025 13:07:24.169,  1.0
05.12.2025 13:07:28.159,  1.0
05.12.2025 13:07:32.169,  1.0
05.12.2025 13:07:36.159,  1.0
05.12.2025 13:07:40.159,  1.0
05.12.2025 13:07:44.169,  1.0
05.12.2025 13:07:48.169,  1.0
05.12.2025 13:07:52.179,  1.0
05.12.2025 13:07:56.169,  1.0
05.12.2025 13:08:00.179,  1.0
05.12.2025 13:08:04.179,  1.0
05.12.2025 13:08:08.179,  1.0
05.12.2025 13:08:12.169,  1.0
05.12.2025 13:08:16.179,  1.0
05.12.2025 13:08:20.180,  1.0
05.12.2025 13:08:24.179,  1.0
05.12.2025 13:08:28.169,  1.0
05.12.2025 13:08:32.179,  1.0
05.12.2025 13:08:36.169,  1.0
05.12.2025 13:08:40.179,  1.0
05.12.2025 13:08:44.179,  1.0
05.12.2025 13:08:48.183,  1.0
05.12.2025 13:08:52.173,  1.0
05.12.2025 13:08:56.184,  0.9
05.12.2025 13:09:00.183,  1.0
05.12.2025 13:09:04.183,  1.0
05.12.2025 13:09:08.183,  1.0
05.12.2025 13:09:12.183,  1.0
05.12.2025 13:09:16.183,  1.0
05.12.2025 13:09:20.184,  1.0
05.12.2025 13:09:24.173,  1.0
05.12.2025 13:09:28.183,  0.9
05.12.2025 13:09:32.173,  1.0
05.12.2025 13:09:36.183,  1.0
05.12.2025 13:09:40.184,  1.0
05.12.2025 13:09:44.183,  1.0
05.12.2025 13:09:48.173,  0.0
05.12.2025 13:09:52.183,  0.0
05.12.2025 13:09:56.173,  0.0
05.12.2025 13:10:00.173,  0.0
05.12.2025 13:10:04.183,  0.0
05.12.2025 13:10:08.173,  0.0
05.12.2025 13:10:12.183,  0.0
05.12.2025 13:10:16.183,  0.0
05.12.2025 13:10:20.173,  0.0
05.12.2025 13:10:24.173,  0.0
05.12.2025 13:10:28.183,  0.0
05.12.2025 13:10:32.173,  0.0
05.12.2025 13:10:36.173,  0.0
05.12.2025 13:10:40.183,  0.0
05.12.2025 13:10:44.173,  0.0
05.12.2025 13:10:48.183,  0.0
05.12.2025 13:10:52.173,  0.0
05.12.2025 13:10:56.173,  0.0
05.12.2025 13:11:00.173,  0.0
05.12.2025 13:11:04.283,  0.0
05.12.2025 13:11:08.173,  0.0
05.12.2025 13:11:12.183,  0.0
05.12.2025 13:11:16.173,  0.0
05.12.2025 13:11:20.183,  0.0
05.12.2025 13:11:24.173,  0.0
05.12.2025 13:11:28.183,  0.0
05.12.2025 13:11:32.184,  0.0
05.12.2025 13:11:36.183,  0.0
05.12.2025 13:11:40.183,  0.0
05.12.2025 13:11:44.183,  0.0
05.12.2025 13:11:48.183,  0.0
05.12.2025 13:11:52.173,  0.0
05.12.2025 13:11:56.183,  0.0
05.12.2025 13:12:00.173,  0.0
05.12.2025 13:12:04.173,  0.0
05.12.2025 13:12:08.183,  0.0
05.12.2025 13:12:12.173,  0.0
05.12.2025 13:12:16.183,  0.0
05.12.2025 13:12:20.183,  0.0
05.12.2025 13:12:24.183,  0.0
05.12.2025 13:12:28.183,  0.0
05.12.2025 13:12:32.173,  0.0
05.12.2025 13:12:36.183,  0.0
05.12.2025 13:12:40.184,  0.0
05.12.2025 13:12:44.184,  0.0
05.12.2025 13:12:48.173,  0.0
05.12.2025 13:12:52.173,  0.0
05.12.2025 13:12:56.183,  0.0
05.12.2025 13:13:00.183,  0.0
05.12.2025 13:13:04.173,  0.0
05.12.2025 13:13:08.183,  0.0
05.12.2025 13:13:12.173,  0.0
05.12.2025 13:13:16.173,  0.0
05.12.2025 13:13:20.184,  0.0
05.12.2025 13:13:24.183,  0.0
05.12.2025 13:13:28.173,  0.0
05.12.2025 13:13:32.183,  0.0
05.12.2025 13:13:36.183,  0.0
05.12.2025 13:13:40.183,  0.0
05.12.2025 13:13:44.173,  0.0
05.12.2025 13:13:48.204,  0.0
05.12.2025 13:13:52.194,  0.0
05.12.2025 13:13:56.204,  0.0
05.12.2025 13:14:00.204,  0.0
05.12.2025 13:14:04.204,  0.0
05.12.2025 13:14:08.194,  0.0
05.12.2025 13:14:12.194,  0.0
05.12.2025 13:14:16.204,  0.0
05.12.2025 13:14:20.194,  0.0
05.12.2025 13:14:24.204,  0.0
05.12.2025 13:14:28.204,  0.0
05.12.2025 13:14:32.204,  0.0
05.12.2025 13:14:36.194,  0.0
05.12.2025 13:14:40.204,  0.0
05.12.2025 13:14:44.205,  0.0
05.12.2025 13:14:48.214,  0.0
05.12.2025 13:14:52.224,  0.0
05.12.2025 13:14:56.214,  0.0
05.12.2025 13:15:00.214,  0.0
05.12.2025 13:15:04.224,  0.0
05.12.2025 13:15:08.224,  0.0
05.12.2025 13:15:12.225,  0.0
05.12.2025 13:15:16.235,  0.0
05.12.2025 13:15:20.244,  0.0
05.12.2025 13:15:24.234,  0.0
05.12.2025 13:15:28.244,  0.0
05.12.2025 13:15:32.245,  0.0
05.12.2025 13:15:36.244,  0.0
05.12.2025 13:15:40.244,  0.0
05.12.2025 13:15:44.245,  0.0
05.12.2025 13:15:48.244,  0.0
05.12.2025 13:15:52.244,  0.0
05.12.2025 13:15:56.244,  0.0
05.12.2025 13:16:00.244,  0.0
05.12.2025 13:16:04.244,  0.0
05.12.2025 13:16:08.244,  0.0
05.12.2025 13:16:12.255,  0.0
05.12.2025 13:16:16.254,  0.0
05.12.2025 13:16:20.254,  0.0
05.12.2025 13:16:24.264,  0.0
05.12.2025 13:16:28.254,  0.0
05.12.2025 13:16:32.264,  0.0
05.12.2025 13:16:36.254,  0.0
05.12.2025 13:16:40.254,  0.0
05.12.2025 13:16:44.264,  0.0
05.12.2025 13:16:48.264,  0.0
05.12.2025 13:16:52.265,  0.0
05.12.2025 13:16:56.254,  0.0
05.12.2025 13:17:00.264,  0.0
05.12.2025 13:17:04.254,  0.0
05.12.2025 13:17:08.264,  0.0
05.12.2025 13:17:12.254,  0.0
05.12.2025 13:17:16.264,  0.0
05.12.2025 13:17:20.264,  0.0
05.12.2025 13:17:24.264,  0.0
05.12.2025 13:17:28.264,  0.0
05.12.2025 13:17:32.254,  0.0
05.12.2025 13:17:36.264,  0.0
05.12.2025 13:17:40.264,  0.0
05.12.2025 13:17:44.264,  0.0
05.12.2025 13:17:48.254,  0.0
05.12.2025 13:17:52.254,  0.0
05.12.2025 13:17:56.264,  0.0
05.12.2025 13:18:00.264,  0.0
05.12.2025 13:18:05.274,  0.1
05.12.2025 13:18:09.264,  0.2
05.12.2025 13:18:13.274,  0.2
05.12.2025 13:18:17.274,  0.1
05.12.2025 13:18:21.264,  0.1
05.12.2025 13:18:25.275,  0.1
05.12.2025 13:18:29.264,  0.1
05.12.2025 13:18:33.284,  0.1
05.12.2025 13:18:37.284,  0.1
05.12.2025 13:18:41.284,  0.2
05.12.2025 13:18:45.274,  0.2
05.12.2025 13:18:49.293,  0.2
05.12.2025 13:18:53.423,  0.2
05.12.2025 13:18:57.293,  0.2
05.12.2025 13:19:01.303,  0.2
05.12.2025 13:19:05.293,  0.2
05.12.2025 13:19:09.303,  0.2
05.12.2025 13:19:13.303,  0.2
05.12.2025 13:19:17.303,  0.2
05.12.2025 13:19:21.314,  0.2
05.12.2025 13:19:25.313,  0.2
05.12.2025 13:19:29.303,  0.2
05.12.2025 13:19:33.303,  0.2
05.12.2025 13:19:37.313,  0.2
05.12.2025 13:19:41.303,  0.2
05.12.2025 13:19:45.303,  0.2
05.12.2025 13:19:49.303,  0.2
05.12.2025 13:19:53.313,  0.2
05.12.2025 13:19:57.323,  0.2
05.12.2025 13:20:01.313,  0.2
05.12.2025 13:20:05.313,  0.2
05.12.2025 13:20:09.323,  0.2
05.12.2025 13:20:13.313,  0.2
05.12.2025 13:20:17.324,  0.2
05.12.2025 13:20:21.323,  0.2
05.12.2025 13:20:25.313,  0.2
05.12.2025 13:20:29.323,  0.2
05.12.2025 13:20:33.313,  0.2
05.12.2025 13:20:37.323,  0.2
05.12.2025 13:20:41.313,  0.2
05.12.2025 13:20:45.323,  0.2
05.12.2025 13:20:49.313,  0.2
05.12.2025 13:20:53.323,  0.2
05.12.2025 13:20:57.323,  0.2
05.12.2025 13:21:01.323,  0.2
05.12.2025 13:21:05.323,  0.2
05.12.2025 13:21:09.323,  0.2
05.12.2025 13:21:13.333,  0.2
05.12.2025 13:21:17.333,  0.2
05.12.2025 13:21:21.334,  0.2
05.12.2025 13:21:25.323,  0.2
05.12.2025 13:21:29.333,  0.2
05.12.2025 13:21:33.343,  0.2
05.12.2025 13:21:37.333,  0.2
05.12.2025 13:21:41.343,  0.2
05.12.2025 13:21:45.343,  0.2
05.12.2025 13:21:49.333,  0.2
05.12.2025 13:21:53.333,  0.2
05.12.2025 13:21:57.343,  0.2
05.12.2025 13:22:01.333,  0.2
05.12.2025 13:22:05.333,  0.2
05.12.2025 13:22:09.333,  0.2
05.12.2025 13:22:13.343,  0.2
05.12.2025 13:22:17.343,  0.2
05.12.2025 13:22:21.343,  0.2
05.12.2025 13:22:25.333,  0.2
05.12.2025 13:22:29.333,  0.2
05.12.2025 13:22:33.333,  0.2
05.12.2025 13:22:37.344,  0.2
05.12.2025 13:22:41.343,  0.2
05.12.2025 13:22:45.343,  0.2
05.12.2025 13:22:49.333,  0.2
05.12.2025 13:22:53.343,  0.2
05.12.2025 13:22:57.333,  0.2
05.12.2025 13:23:01.343,  0.2
05.12.2025 13:23:05.343,  0.2
05.12.2025 13:23:09.343,  0.2
05.12.2025 13:23:13.343,  0.2
05.12.2025 13:23:17.333,  0.2
05.12.2025 13:23:21.343,  0.2
05.12.2025 13:23:25.344,  0.2
05.12.2025 13:23:29.333,  0.2
05.12.2025 13:23:33.353,  0.2
05.12.2025 13:23:37.343,  0.2
05.12.2025 13:23:41.343,  0.2
05.12.2025 13:23:45.343,  0.2
05.12.2025 13:23:49.365,  0.2
05.12.2025 13:23:53.366,  0.2
05.12.2025 13:23:57.355,  0.2
05.12.2025 13:24:01.365,  0.2
05.12.2025 13:24:05.365,  0.2
05.12.2025 13:24:09.355,  0.2
05.12.2025 13:24:13.365,  0.2
05.12.2025 13:24:17.365,  0.2
05.12.2025 13:24:21.355,  0.2
05.12.2025 13:24:25.365,  0.0
05.12.2025 13:24:29.355,  0.0
05.12.2025 13:24:33.365,  0.0
05.12.2025 13:24:37.355,  0.0
05.12.2025 13:24:41.365,  0.0
05.12.2025 13:24:45.365,  0.0
05.12.2025 13:24:49.355,  0.0
05.12.2025 13:24:53.365,  0.0
05.12.2025 13:24:57.355,  0.0
05.12.2025 13:25:01.365,  0.0
05.12.2025 13:25:05.355,  0.0
05.12.2025 13:25:09.365,  0.0
05.12.2025 13:25:13.355,  0.0
05.12.2025 13:25:17.365,  0.0
05.12.2025 13:25:21.365,  0.0
05.12.2025 13:25:25.355,  0.0
05.12.2025 13:25:29.365,  0.0
05.12.2025 13:25:33.365,  0.0
05.12.2025 13:25:37.375,  0.0
05.12.2025 13:25:41.365,  0.0
05.12.2025 13:25:45.375,  0.0
05.12.2025 13:25:49.376,  0.0
05.12.2025 13:25:53.365,  0.0
05.12.2025 13:25:57.375,  0.0
05.12.2025 13:26:01.375,  0.0
05.12.2025 13:26:05.375,  0.0
05.12.2025 13:26:09.375,  0.0
05.12.2025 13:26:13.375,  0.0
05.12.2025 13:26:17.365,  0.0
05.12.2025 13:26:21.375,  0.0
05.12.2025 13:26:25.375,  0.0
05.12.2025 13:26:29.375,  0.0
05.12.2025 13:26:33.385,  0.0
05.12.2025 13:26:37.385,  0.0
05.12.2025 13:26:41.375,  0.0
05.12.2025 13:26:45.385,  0.0
05.12.2025 13:26:49.375,  0.0
05.12.2025 13:26:53.385,  0.0
05.12.2025 13:26:57.375,  0.0
05.12.2025 13:27:01.385,  0.0
05.12.2025 13:27:05.385,  0.0
05.12.2025 13:27:09.495,  0.0
05.12.2025 13:27:13.385,  0.0
05.12.2025 13:27:17.385,  0.0
05.12.2025 13:27:21.385,  0.0
05.12.2025 13:27:25.375,  0.0
05.12.2025 13:27:29.385,  0.0
05.12.2025 13:27:33.385,  0.0
05.12.2025 13:27:37.396,  0.0
05.12.2025 13:27:41.385,  0.0
05.12.2025 13:27:45.395,  0.0
05.12.2025 13:27:49.385,  0.0
05.12.2025 13:27:53.396,  0.0
05.12.2025 13:27:57.395,  0.0
05.12.2025 13:28:01.395,  0.0
05.12.2025 13:28:05.385,  0.0
05.12.2025 13:28:09.395,  0.0
05.12.2025 13:28:13.395,  0.0
05.12.2025 13:28:17.395,  0.0
05.12.2025 13:28:21.385,  0.0
05.12.2025 13:28:25.385,  0.0
05.12.2025 13:28:29.395,  0.0
05.12.2025 13:28:33.395,  0.0
05.12.2025 13:28:37.395,  0.0
05.12.2025 13:28:41.405,  0.0
05.12.2025 13:28:45.405,  0.0
05.12.2025 13:28:49.414,  0.0
05.12.2025 13:28:53.404,  0.0
05.12.2025 13:28:57.414,  0.0
05.12.2025 13:29:01.404,  0.0
05.12.2025 13:29:05.414,  0.0
05.12.2025 13:29:09.414,  0.0
05.12.2025 13:29:13.424,  0.0
05.12.2025 13:29:17.424,  0.0
05.12.2025 13:29:21.424,  0.0
05.12.2025 13:29:25.425,  0.0
05.12.2025 13:29:29.414,  0.0
05.12.2025 13:29:33.424,  0.0
05.12.2025 13:29:37.414,  0.0
05.12.2025 13:29:41.424,  0.0
05.12.2025 13:29:45.424,  0.0
05.12.2025 13:29:49.414,  0.0
05.12.2025 13:29:53.424,  0.0
05.12.2025 13:29:57.414,  0.0
05.12.2025 13:30:01.414,  0.0
05.12.2025 13:30:05.424,  0.0
05.12.2025 13:30:09.424,  0.0
05.12.2025 13:30:13.424,  0.0
05.12.2025 13:30:17.425,  0.0
05.12.2025 13:30:21.424,  0.0
05.12.2025 13:30:25.414,  0.0
05.12.2025 13:30:29.414,  0.0
05.12.2025 13:30:33.424,  0.0
05.12.2025 13:30:37.414,  0.0
05.12.2025 13:30:41.424,  0.0
05.12.2025 13:30:45.414,  0.0
05.12.2025 13:30:49.424,  0.0
05.12.2025 13:30:53.424,  0.0
05.12.2025 13:30:57.425,  0.0
05.12.2025 13:31:01.414,  0.0
05.12.2025 13:31:05.424,  0.0
05.12.2025 13:31:09.424,  0.0
05.12.2025 13:31:13.424,  0.0
05.12.2025 13:31:17.414,  0.0
05.12.2025 13:31:21.424,  0.0
05.12.2025 13:31:27.424,  1.0
05.12.2025 13:31:31.424,  0.7
05.12.2025 13:31:35.414,  0.9
05.12.2025 13:31:39.414,  0.7
05.12.2025 13:31:43.424,  0.8
05.12.2025 13:31:47.414,  0.8
05.12.2025 13:31:51.424,  0.8
05.12.2025 13:31:55.424,  0.8
05.12.2025 13:31:59.424,  0.8
05.12.2025 13:32:03.424,  0.8
05.12.2025 13:32:07.414,  0.8
05.12.2025 13:32:11.424,  0.8
05.12.2025 13:32:15.424,  0.8
05.12.2025 13:32:19.424,  0.8
05.12.2025 13:32:23.414,  0.8
05.12.2025 13:32:27.424,  0.8
05.12.2025 13:32:31.414,  0.8
05.12.2025 13:32:35.425,  0.8
05.12.2025 13:32:39.424,  0.8
05.12.2025 13:32:43.424,  0.8
05.12.2025 13:32:47.434,  0.8
05.12.2025 13:32:51.434,  0.8
05.12.2025 13:32:55.435,  0.9
05.12.2025 13:32:59.424,  0.9
05.12.2025 13:33:03.424,  0.8
05.12.2025 13:33:07.434,  0.8
05.12.2025 13:33:11.424,  0.8
05.12.2025 13:33:15.424,  0.8
05.12.2025 13:33:19.434,  0.8
05.12.2025 13:33:23.424,  0.8
05.12.2025 13:33:27.434,  0.8
05.12.2025 13:33:31.435,  0.8
05.12.2025 13:33:35.434,  0.8
05.12.2025 13:33:39.434,  0.8
05.12.2025 13:33:43.424,  0.8
05.12.2025 13:33:47.434,  0.8
05.12.2025 13:33:51.448,  0.8
05.12.2025 13:33:55.438,  0.8
05.12.2025 13:33:59.449,  0.8
05.12.2025 13:34:03.438,  0.8
05.12.2025 13:34:07.448,  0.8
05.12.2025 13:34:11.438,  0.8
05.12.2025 13:34:15.448,  0.8
05.12.2025 13:34:19.448,  0.8
05.12.2025 13:34:23.448,  0.8
05.12.2025 13:34:27.448,  0.8
05.12.2025 13:34:31.448,  0.8
05.12.2025 13:34:35.438,  0.8
05.12.2025 13:34:39.438,  0.8
05.12.2025 13:34:43.438,  0.8
05.12.2025 13:34:47.448,  0.8
05.12.2025 13:34:51.438,  0.8
05.12.2025 13:34:55.458,  0.8
05.12.2025 13:34:59.458,  0.8
05.12.2025 13:35:03.448,  0.8
05.12.2025 13:35:07.448,  0.8
05.12.2025 13:35:11.468,  0.8
05.12.2025 13:35:15.458,  0.8
05.12.2025 13:35:19.458,  0.8
05.12.2025 13:35:23.458,  0.8
05.12.2025 13:35:27.468,  0.8
05.12.2025 13:35:31.458,  0.8
05.12.2025 13:35:35.468,  0.8
05.12.2025 13:35:39.468,  0.8
05.12.2025 13:35:43.468,  0.8
05.12.2025 13:35:47.478,  0.8
05.12.2025 13:35:51.478,  0.8
05.12.2025 13:35:55.489,  0.8
05.12.2025 13:35:59.478,  0.0
05.12.2025 13:36:03.498,  0.0
05.12.2025 13:36:07.488,  0.0
05.12.2025 13:36:11.488,  0.0
05.12.2025 13:36:15.488,  0.0
05.12.2025 13:36:19.498,  0.0
05.12.2025 13:36:23.488,  0.0
05.12.2025 13:36:27.498,  0.0
05.12.2025 13:36:31.498,  0.0
05.12.2025 13:36:35.498,  0.0
05.12.2025 13:36:39.518,  0.0
05.12.2025 13:36:43.508,  0.0
05.12.2025 13:36:47.518,  0.0
05.12.2025 13:36:51.519,  0.0
05.12.2025 13:36:55.508,  0.0
05.12.2025 13:36:59.518,  0.0
05.12.2025 13:37:03.518,  0.0
05.12.2025 13:37:07.508,  0.0
05.12.2025 13:37:11.508,  0.0
05.12.2025 13:37:15.518,  0.0
05.12.2025 13:37:19.508,  0.0
05.12.2025 13:37:23.518,  0.0
05.12.2025 13:37:27.518,  0.0
05.12.2025 13:37:31.518,  0.0
05.12.2025 13:37:35.519,  0.0
05.12.2025 13:37:39.508,  0.0
05.12.2025 13:37:43.518,  0.0
05.12.2025 13:37:47.518,  0.0
05.12.2025 13:37:51.508,  0.0
05.12.2025 13:37:55.518,  0.0
05.12.2025 13:37:59.518,  0.0
05.12.2025 13:38:03.508,  0.0
05.12.2025 13:38:07.518,  0.0
05.12.2025 13:38:11.518,  0.0
05.12.2025 13:38:15.508,  0.0
05.12.2025 13:38:19.518,  0.0
05.12.2025 13:38:23.518,  0.0
05.12.2025 13:38:27.508,  0.0
05.12.2025 13:38:31.518,  0.0
05.12.2025 13:38:35.518,  0.0
05.12.2025 13:38:39.528,  0.0
05.12.2025 13:38:43.528,  0.0
05.12.2025 13:38:47.518,  0.0
05.12.2025 13:38:51.547,  0.0
05.12.2025 13:38:55.546,  0.0
05.12.2025 13:38:59.546,  0.0
05.12.2025 13:39:03.536,  0.0
05.12.2025 13:39:07.546,  0.0
05.12.2025 13:39:11.546,  0.0
05.12.2025 13:39:15.546,  0.0
05.12.2025 13:39:19.556,  0.0
05.12.2025 13:39:23.546,  0.0
05.12.2025 13:39:27.556,  0.0
05.12.2025 13:39:31.556,  0.0
05.12.2025 13:39:35.546,  0.0
05.12.2025 13:39:39.556,  0.0
05.12.2025 13:39:43.557,  0.0
05.12.2025 13:39:47.556,  0.0
05.12.2025 13:39:51.547,  0.0
05.12.2025 13:39:55.566,  0.0
05.12.2025 13:39:59.556,  0.0
05.12.2025 13:40:03.566,  0.0
05.12.2025 13:40:07.556,  0.0
05.12.2025 13:40:11.556,  0.0
05.12.2025 13:40:15.566,  0.0
05.12.2025 13:40:19.556,  0.0
05.12.2025 13:40:23.566,  0.0
05.12.2025 13:40:27.556,  0.0
05.12.2025 13:40:31.566,  0.0
05.12.2025 13:40:35.556,  0.0
05.12.2025 13:40:39.566,  0.0
05.12.2025 13:40:43.566,  0.0
05.12.2025 13:40:47.566,  0.0
05.12.2025 13:40:51.556,  0.0
05.12.2025 13:40:55.566,  0.0
05.12.2025 13:40:59.566,  0.0
05.12.2025 13:41:03.556,  0.0
05.12.2025 13:41:07.556,  0.0
05.12.2025 13:41:11.566,  0.0
05.12.2025 13:41:15.556,  0.0
05.12.2025 13:41:19.556,  0.0
05.12.2025 13:41:23.566,  0.0
05.12.2025 13:41:27.567,  0.0
05.12.2025 13:41:31.556,  0.0
05.12.2025 13:41:35.566,  0.0
05.12.2025 13:41:39.566,  0.0
05.12.2025 13:41:43.566,  0.0
05.12.2025 13:41:47.556,  0.0
05.12.2025 13:41:51.566,  0.0
05.12.2025 13:41:55.666,  0.0
05.12.2025 13:41:59.566,  0.0
05.12.2025 13:42:03.566,  0.0
05.12.2025 13:42:07.656,  0.0
05.12.2025 13:42:13.566,  1.0
05.12.2025 13:42:17.556,  0.9
05.12.2025 13:42:21.566,  1.0
05.12.2025 13:42:25.566,  1.1
05.12.2025 13:42:29.566,  1.1
05.12.2025 13:42:33.556,  1.1
05.12.2025 13:42:37.566,  1.1
05.12.2025 13:42:41.556,  1.1
05.12.2025 13:42:45.566,  1.1
05.12.2025 13:42:49.556,  1.1
05.12.2025 13:42:53.566,  1.1
05.12.2025 13:42:57.556,  1.1
05.12.2025 13:43:01.566,  1.2
05.12.2025 13:43:05.566,  1.1
05.12.2025 13:43:09.566,  1.1
05.12.2025 13:43:13.556,  1.2
05.12.2025 13:43:17.566,  1.1
05.12.2025 13:43:21.567,  1.1
05.12.2025 13:43:25.566,  1.1
05.12.2025 13:43:29.566,  1.1
05.12.2025 13:43:33.556,  1.1
05.12.2025 13:43:37.566,  1.1
05.12.2025 13:43:41.566,  1.1
05.12.2025 13:43:45.566,  1.1
05.12.2025 13:43:49.581,  1.1
05.12.2025 13:43:53.591,  1.1
05.12.2025 13:43:57.591,  1.1
05.12.2025 13:44:01.591,  1.1
05.12.2025 13:44:05.601,  1.1
05.12.2025 13:44:09.601,  1.1
05.12.2025 13:44:13.591,  1.1
05.12.2025 13:44:17.591,  1.1
05.12.2025 13:44:21.601,  1.1
05.12.2025 13:44:25.601,  1.1
05.12.2025 13:44:29.591,  1.1
05.12.2025 13:44:33.591,  1.1
05.12.2025 13:44:37.601,  1.1
05.12.2025 13:44:41.591,  1.1
05.12.2025 13:44:45.601,  1.1
05.12.2025 13:44:49.601,  1.1
05.12.2025 13:44:53.611,  1.1
05.12.2025 13:44:57.611,  1.1
05.12.2025 13:45:01.611,  1.1
05.12.2025 13:45:05.601,  1.1
05.12.2025 13:45:09.601,  1.1
05.12.2025 13:45:13.611,  1.1
05.12.2025 13:45:17.601,  1.1
05.12.2025 13:45:21.611,  1.1
05.12.2025 13:45:25.611,  1.1
05.12.2025 13:45:29.612,  1.1
05.12.2025 13:45:33.601,  1.1
05.12.2025 13:45:37.611,  0.0
05.12.2025 13:45:41.601,  0.0
05.12.2025 13:45:45.601,  0.0
05.12.2025 13:45:49.601,  0.0
05.12.2025 13:45:53.711,  0.0
05.12.2025 13:45:57.611,  0.0
05.12.2025 13:46:01.601,  0.0
05.12.2025 13:46:05.611,  0.0
05.12.2025 13:46:09.612,  0.0
05.12.2025 13:46:13.611,  0.0
05.12.2025 13:46:17.611,  0.0
05.12.2025 13:46:21.601,  0.0
05.12.2025 13:46:25.611,  0.0
05.12.2025 13:46:29.601,  0.0
05.12.2025 13:46:33.621,  0.0
05.12.2025 13:46:37.611,  0.0
05.12.2025 13:46:41.611,  0.0
05.12.2025 13:46:45.611,  0.0
05.12.2025 13:46:49.621,  0.0
05.12.2025 13:46:53.611,  0.0
05.12.2025 13:46:57.621,  0.0
05.12.2025 13:47:01.621,  0.0
05.12.2025 13:47:05.611,  0.0
05.12.2025 13:47:09.621,  0.0
05.12.2025 13:47:13.621,  0.0
05.12.2025 13:47:17.622,  0.0
05.12.2025 13:47:21.621,  0.0
05.12.2025 13:47:25.621,  0.0
05.12.2025 13:47:29.622,  0.0
05.12.2025 13:47:33.621,  0.0
05.12.2025 13:47:37.621,  0.0
05.12.2025 13:47:41.621,  0.0
05.12.2025 13:47:45.621,  0.0
05.12.2025 13:47:49.621,  0.0
05.12.2025 13:47:53.611,  0.0
05.12.2025 13:47:57.621,  0.0
05.12.2025 13:48:01.621,  0.0
05.12.2025 13:48:05.621,  0.0
05.12.2025 13:48:09.621,  0.0
05.12.2025 13:48:13.622,  0.0
05.12.2025 13:48:17.621,  0.0
05.12.2025 13:48:21.621,  0.0
05.12.2025 13:48:25.621,  0.0
05.12.2025 13:48:29.621,  0.0
05.12.2025 13:48:33.611,  0.0
05.12.2025 13:48:37.621,  0.0
05.12.2025 13:48:41.621,  0.0
05.12.2025 13:48:45.621,  0.0
05.12.2025 13:48:49.639,  0.0
05.12.2025 13:48:53.629,  0.0
05.12.2025 13:48:57.639,  0.0
05.12.2025 13:49:01.639,  0.0
05.12.2025 13:49:05.640,  0.0
05.12.2025 13:49:09.629,  0.0
05.12.2025 13:49:13.639,  0.0
05.12.2025 13:49:17.639,  0.0
05.12.2025 13:49:21.640,  0.0
05.12.2025 13:49:25.629,  0.0
05.12.2025 13:49:29.759,  0.0
05.12.2025 13:49:33.629,  0.0
05.12.2025 13:49:37.640,  0.0
05.12.2025 13:49:41.639,  0.0
05.12.2025 13:49:45.629,  0.0
05.12.2025 13:49:49.639,  0.0
05.12.2025 13:49:53.629,  0.0
05.12.2025 13:49:57.629,  0.0
05.12.2025 13:50:01.639,  0.0
05.12.2025 13:50:05.639,  0.0
05.12.2025 13:50:09.629,  0.0
05.12.2025 13:50:13.629,  0.0
05.12.2025 13:50:17.629,  0.0
05.12.2025 13:50:21.639,  0.0
05.12.2025 13:50:25.640,  0.0
05.12.2025 13:50:29.629,  0.0
05.12.2025 13:50:33.639,  0.0
05.12.2025 13:50:37.640,  0.0
05.12.2025 13:50:41.749,  0.0
05.12.2025 13:50:45.639,  0.0
05.12.2025 13:50:49.629,  0.0
05.12.2025 13:50:53.639,  0.0
05.12.2025 13:50:57.649,  0.0
05.12.2025 13:51:01.639,  0.0
05.12.2025 13:51:05.649,  0.0
05.12.2025 13:51:09.639,  0.0
05.12.2025 13:51:13.649,  0.0
05.12.2025 13:51:17.649,  0.0
05.12.2025 13:51:21.649,  0.0
05.12.2025 13:51:25.639,  0.0
05.12.2025 13:51:29.649,  0.0
05.12.2025 13:51:33.649,  0.0
05.12.2025 13:51:37.639,  0.0
05.12.2025 13:51:41.649,  0.0
05.12.2025 13:51:45.649,  0.0
05.12.2025 13:51:51.639,  0.9
05.12.2025 13:51:55.649,  0.8
05.12.2025 13:51:59.649,  0.9
05.12.2025 13:52:03.639,  1.0
05.12.2025 13:52:07.649,  1.0
05.12.2025 13:52:11.639,  1.0
05.12.2025 13:52:15.639,  1.0
05.12.2025 13:52:19.649,  1.0
05.12.2025 13:52:23.649,  1.1
05.12.2025 13:52:27.639,  1.0
05.12.2025 13:52:31.649,  1.0
05.12.2025 13:52:35.650,  1.0
05.12.2025 13:52:39.649,  1.0
05.12.2025 13:52:43.639,  1.0
05.12.2025 13:52:47.649,  1.0
05.12.2025 13:52:51.649,  1.0
05.12.2025 13:52:55.639,  1.0
05.12.2025 13:52:59.649,  1.0
05.12.2025 13:53:03.649,  1.0
05.12.2025 13:53:07.649,  1.0
05.12.2025 13:53:11.639,  1.0
05.12.2025 13:53:15.649,  1.0
05.12.2025 13:53:19.649,  1.0
05.12.2025 13:53:23.649,  1.0
05.12.2025 13:53:27.639,  1.0
05.12.2025 13:53:31.639,  1.0
05.12.2025 13:53:35.650,  1.0
05.12.2025 13:53:39.649,  1.0
05.12.2025 13:53:43.649,  1.0
05.12.2025 13:53:47.650,  1.0
05.12.2025 13:53:51.653,  1.0
05.12.2025 13:53:55.663,  1.0
05.12.2025 13:53:59.653,  1.0
05.12.2025 13:54:03.653,  1.0
05.12.2025 13:54:07.663,  1.0
05.12.2025 13:54:11.663,  1.0
05.12.2025 13:54:15.653,  1.0
05.12.2025 13:54:19.663,  1.0
05.12.2025 13:54:23.654,  1.0
05.12.2025 13:54:27.673,  1.0
05.12.2025 13:54:31.663,  1.0
05.12.2025 13:54:35.673,  1.0
05.12.2025 13:54:39.663,  1.0
05.12.2025 13:54:43.663,  1.0
05.12.2025 13:54:47.663,  1.0
05.12.2025 13:54:51.663,  1.0
05.12.2025 13:54:55.663,  1.0
05.12.2025 13:54:59.673,  1.0
05.12.2025 13:55:03.663,  1.0
05.12.2025 13:55:07.673,  1.0
05.12.2025 13:55:11.663,  1.0
05.12.2025 13:55:15.673,  0.0
05.12.2025 13:55:19.673,  0.0
05.12.2025 13:55:23.663,  0.0
05.12.2025 13:55:27.673,  0.0
05.12.2025 13:55:31.663,  0.0
05.12.2025 13:55:35.673,  0.0
05.12.2025 13:55:39.673,  0.0
05.12.2025 13:55:43.673,  0.0
05.12.2025 13:55:47.663,  0.0
05.12.2025 13:55:51.673,  0.0
05.12.2025 13:55:55.673,  0.0
05.12.2025 13:55:59.673,  0.0
05.12.2025 13:56:03.663,  0.0
05.12.2025 13:56:07.673,  0.0
05.12.2025 13:56:11.663,  0.0
05.12.2025 13:56:15.673,  0.0
05.12.2025 13:56:19.673,  0.0
05.12.2025 13:56:23.683,  0.0
05.12.2025 13:56:27.683,  0.0
05.12.2025 13:56:31.683,  0.0
05.12.2025 13:56:35.684,  0.0
05.12.2025 13:56:39.673,  0.0
05.12.2025 13:56:43.683,  0.0
05.12.2025 13:56:47.673,  0.0
05.12.2025 13:56:51.683,  0.0
05.12.2025 13:56:55.673,  0.0
05.12.2025 13:56:59.683,  0.0
05.12.2025 13:57:03.673,  0.0
05.12.2025 13:57:07.683,  0.0
05.12.2025 13:57:11.673,  0.0
05.12.2025 13:57:15.683,  0.0
05.12.2025 13:57:19.683,  0.0
05.12.2025 13:57:23.673,  0.0
05.12.2025 13:57:27.673,  0.0
05.12.2025 13:57:31.683,  0.0
05.12.2025 13:57:35.673,  0.0
05.12.2025 13:57:39.683,  0.0
05.12.2025 13:57:43.674,  0.0
05.12.2025 13:57:47.683,  0.0
05.12.2025 13:57:51.693,  0.0
05.12.2025 13:57:55.693,  0.0
05.12.2025 13:57:59.683,  0.0
05.12.2025 13:58:03.683,  0.0
05.12.2025 13:58:07.694,  0.0
05.12.2025 13:58:11.683,  0.0
05.12.2025 13:58:15.693,  0.0
05.12.2025 13:58:19.683,  0.0
05.12.2025 13:58:23.683,  0.0
05.12.2025 13:58:27.794,  0.0
05.12.2025 13:58:31.694,  0.0
05.12.2025 13:58:35.683,  0.0
05.12.2025 13:58:39.693,  0.0
05.12.2025 13:58:43.693,  0.0
05.12.2025 13:58:47.683,  0.0
05.12.2025 13:58:51.702,  0.0
05.12.2025 13:58:55.692,  0.0
05.12.2025 13:58:59.692,  0.0
05.12.2025 13:59:03.712,  0.0
05.12.2025 13:59:07.712,  0.0
05.12.2025 13:59:11.712,  0.0
05.12.2025 13:59:15.702,  0.0
05.12.2025 13:59:19.702,  0.0
05.12.2025 13:59:23.713,  0.0
05.12.2025 13:59:27.713,  0.0
05.12.2025 13:59:31.712,  0.0
05.12.2025 13:59:35.712,  0.0
05.12.2025 13:59:39.702,  0.0
05.12.2025 13:59:43.722,  0.0
05.12.2025 13:59:47.712,  0.0
05.12.2025 13:59:51.722,  0.0
05.12.2025 13:59:55.712,  0.0
05.12.2025 13:59:59.722,  0.0
05.12.2025 14:00:03.712,  0.0
05.12.2025 14:00:07.722,  0.0
05.12.2025 14:00:11.712,  0.0
05.12.2025 14:00:15.712,  0.0
05.12.2025 14:00:19.723,  0.0
05.12.2025 14:00:23.712,  0.0
05.12.2025 14:00:27.712,  0.0
05.12.2025 14:00:31.722,  0.0
05.12.2025 14:00:35.722,  0.0
05.12.2025 14:00:39.712,  0.0
05.12.2025 14:00:43.722,  0.0
05.12.2025 14:00:47.712,  0.0
05.12.2025 14:00:51.722,  0.0
05.12.2025 14:00:55.712,  0.0
05.12.2025 14:00:59.722,  0.0
05.12.2025 14:01:03.722,  0.0
05.12.2025 14:01:07.723,  0.0
05.12.2025 14:01:11.712,  0.0
05.12.2025 14:01:15.722,  0.0
05.12.2025 14:01:19.712,  0.0
05.12.2025 14:01:23.712,  0.0
05.12.2025 14:01:27.722,  0.0
05.12.2025 14:01:31.712,  0.0
05.12.2025 14:01:35.722,  0.0
05.12.2025 14:01:39.722,  0.0
05.12.2025 14:01:44.723,  0.8
05.12.2025 14:01:48.722,  0.8
05.12.2025 14:01:52.722,  0.9
05.12.2025 14:01:56.712,  0.9
05.12.2025 14:02:00.722,  0.9
05.12.2025 14:02:04.732,  0.9
05.12.2025 14:02:08.732,  1.0
05.12.2025 14:02:12.742,  1.0
05.12.2025 14:02:16.743,  1.0
05.12.2025 14:02:20.732,  0.9
05.12.2025 14:02:24.742,  0.9
05.12.2025 14:02:28.732,  0.9
05.12.2025 14:02:32.742,  0.9
05.12.2025 14:02:36.732,  0.9
05.12.2025 14:02:40.742,  0.9
05.12.2025 14:02:44.742,  0.9
05.12.2025 14:02:48.742,  0.9
05.12.2025 14:02:52.742,  0.9
05.12.2025 14:02:56.732,  0.9
05.12.2025 14:03:00.742,  0.9
05.12.2025 14:03:04.732,  0.9
05.12.2025 14:03:08.742,  0.9
05.12.2025 14:03:12.732,  1.0
05.12.2025 14:03:16.742,  0.9
05.12.2025 14:03:20.732,  0.9
05.12.2025 14:03:24.742,  1.0
05.12.2025 14:03:28.742,  0.9
05.12.2025 14:03:32.732,  0.9
05.12.2025 14:03:36.732,  0.9
05.12.2025 14:03:40.732,  0.9
05.12.2025 14:03:44.742,  0.9
05.12.2025 14:03:48.750,  0.9
05.12.2025 14:03:52.750,  0.9
05.12.2025 14:03:56.760,  0.9
05.12.2025 14:04:00.760,  0.9
05.12.2025 14:04:04.750,  0.9
05.12.2025 14:04:08.770,  0.9
05.12.2025 14:04:12.770,  0.9
05.12.2025 14:04:16.760,  0.9
05.12.2025 14:04:20.770,  0.9
05.12.2025 14:04:24.770,  0.9
05.12.2025 14:04:28.770,  0.9
05.12.2025 14:04:32.770,  0.9
05.12.2025 14:04:36.760,  0.9
05.12.2025 14:04:40.770,  0.9
05.12.2025 14:04:44.760,  0.9
05.12.2025 14:04:48.771,  0.9
05.12.2025 14:04:52.770,  0.9
05.12.2025 14:04:56.760,  0.9
05.12.2025 14:05:00.770,  0.9
05.12.2025 14:05:04.770,  0.9
05.12.2025 14:05:08.770,  0.9
05.12.2025 14:05:12.760,  0.9
05.12.2025 14:05:16.770,  0.9
05.12.2025 14:05:20.770,  0.9
05.12.2025 14:05:24.760,  0.0
05.12.2025 14:05:28.770,  0.0
05.12.2025 14:05:32.771,  0.0
05.12.2025 14:05:36.770,  0.0
05.12.2025 14:05:40.760,  0.0
05.12.2025 14:05:44.760,  0.0
05.12.2025 14:05:48.770,  0.0
05.12.2025 14:05:52.770,  0.0
05.12.2025 14:05:56.770,  0.0
05.12.2025 14:06:00.760,  0.0
05.12.2025 14:06:04.770,  0.0
05.12.2025 14:06:08.760,  0.0
05.12.2025 14:06:12.771,  0.0
05.12.2025 14:06:16.760,  0.0
05.12.2025 14:06:20.760,  0.0
05.12.2025 14:06:24.770,  0.0
05.12.2025 14:06:28.770,  0.0
05.12.2025 14:06:32.771,  0.0
05.12.2025 14:06:36.760,  0.0
05.12.2025 14:06:40.770,  0.0
05.12.2025 14:06:44.760,  0.0
05.12.2025 14:06:48.770,  0.0
05.12.2025 14:06:52.760,  0.0
05.12.2025 14:06:56.770,  0.0
05.12.2025 14:07:00.770,  0.0
05.12.2025 14:07:04.780,  0.0
05.12.2025 14:07:08.770,  0.0
05.12.2025 14:07:12.770,  0.0
05.12.2025 14:07:16.880,  0.0
05.12.2025 14:07:20.770,  0.0
05.12.2025 14:07:24.780,  0.0
05.12.2025 14:07:28.770,  0.0
05.12.2025 14:07:32.770,  0.0
05.12.2025 14:07:36.780,  0.0
05.12.2025 14:07:40.770,  0.0
05.12.2025 14:07:44.770,  0.0
05.12.2025 14:07:48.780,  0.0
05.12.2025 14:07:52.770,  0.0
05.12.2025 14:07:56.780,  0.0
05.12.2025 14:08:00.770,  0.0
05.12.2025 14:08:04.780,  0.0
05.12.2025 14:08:08.770,  0.0
05.12.2025 14:08:12.780,  0.0
05.12.2025 14:08:16.780,  0.0
05.12.2025 14:08:20.780,  0.0
05.12.2025 14:08:24.770,  0.0
05.12.2025 14:08:28.780,  0.0
05.12.2025 14:08:32.770,  0.0
05.12.2025 14:08:36.780,  0.0
05.12.2025 14:08:40.780,  0.0
05.12.2025 14:08:44.780,  0.0
05.12.2025 14:08:48.781,  0.0
05.12.2025 14:08:52.791,  0.0
05.12.2025 14:08:56.791,  0.0
05.12.2025 14:09:00.781,  0.0
05.12.2025 14:09:04.792,  0.0
05.12.2025 14:09:08.791,  0.0
05.12.2025 14:09:12.781,  0.0
05.12.2025 14:09:16.791,  0.0
05.12.2025 14:09:20.791,  0.0
05.12.2025 14:09:24.781,  0.0
05.12.2025 14:09:28.791,  0.0
05.12.2025 14:09:32.781,  0.0
05.12.2025 14:09:36.792,  0.0
05.12.2025 14:09:40.791,  0.0
05.12.2025 14:09:44.812,  0.0
05.12.2025 14:09:48.811,  0.0
05.12.2025 14:09:52.811,  0.0
05.12.2025 14:09:56.811,  0.0
05.12.2025 14:10:00.811,  0.0
05.12.2025 14:10:04.801,  0.0
05.12.2025 14:10:08.811,  0.0
05.12.2025 14:10:12.811,  0.0
05.12.2025 14:10:16.801,  0.0
05.12.2025 14:10:20.811,  0.0
05.12.2025 14:10:24.811,  0.0
05.12.2025 14:10:28.811,  0.0
05.12.2025 14:10:32.801,  0.0
05.12.2025 14:10:36.811,  0.0
05.12.2025 14:10:40.812,  0.0
05.12.2025 14:10:44.811,  0.0
05.12.2025 14:10:48.811,  0.0
05.12.2025 14:10:52.801,  0.0
05.12.2025 14:10:56.801,  0.0
05.12.2025 14:11:00.811,  0.0
05.12.2025 14:11:04.811,  0.0
05.12.2025 14:11:08.812,  0.0
05.12.2025 14:11:12.811,  0.0
05.12.2025 14:11:16.801,  0.0
05.12.2025 14:11:20.811,  0.0
05.12.2025 14:11:24.811,  0.0
05.12.2025 14:11:28.812,  0.0
05.12.2025 14:11:32.811,  0.0
05.12.2025 14:11:36.811,  0.0
05.12.2025 14:11:40.811,  0.0
05.12.2025 14:11:44.811,  0.0
05.12.2025 14:11:48.811,  0.0
05.12.2025 14:11:54.811,  0.8
05.12.2025 14:11:58.812,  0.7
05.12.2025 14:12:02.811,  0.8
05.12.2025 14:12:06.811,  0.8
05.12.2025 14:12:10.801,  0.8
05.12.2025 14:12:14.811,  0.8
05.12.2025 14:12:18.821,  0.8
05.12.2025 14:12:22.822,  0.8
05.12.2025 14:12:26.811,  0.9
05.12.2025 14:12:30.811,  0.8
05.12.2025 14:12:34.821,  0.8
05.12.2025 14:12:38.811,  0.8
05.12.2025 14:12:42.821,  0.9
05.12.2025 14:12:46.811,  0.9
05.12.2025 14:12:50.821,  0.8
05.12.2025 14:12:54.821,  0.8
05.12.2025 14:12:58.821,  0.9
05.12.2025 14:13:02.821,  0.9
05.12.2025 14:13:06.821,  0.8
05.12.2025 14:13:10.811,  0.8
05.12.2025 14:13:14.821,  0.9
05.12.2025 14:13:18.821,  0.9
05.12.2025 14:13:22.811,  0.9
05.12.2025 14:13:26.811,  0.9
05.12.2025 14:13:30.821,  0.8
05.12.2025 14:13:34.821,  0.8
05.12.2025 14:13:38.811,  0.9
05.12.2025 14:13:42.811,  0.8
05.12.2025 14:13:46.821,  0.9
05.12.2025 14:13:50.841,  0.9
05.12.2025 14:13:54.841,  0.8
05.12.2025 14:13:58.841,  0.8
05.12.2025 14:14:02.851,  0.9
05.12.2025 14:14:06.852,  0.9
05.12.2025 14:14:10.851,  0.9
05.12.2025 14:14:14.851,  0.8
05.12.2025 14:14:18.841,  0.8
05.12.2025 14:14:22.931,  0.8
05.12.2025 14:14:26.851,  0.9
05.12.2025 14:14:30.841,  0.8
05.12.2025 14:14:34.841,  0.8
05.12.2025 14:14:38.841,  0.8
05.12.2025 14:14:42.852,  0.8
05.12.2025 14:14:46.851,  0.8
05.12.2025 14:14:50.841,  0.9
05.12.2025 14:14:54.852,  0.9
05.12.2025 14:14:58.841,  0.9
05.12.2025 14:15:02.861,  0.9
05.12.2025 14:15:06.861,  0.9
05.12.2025 14:15:10.861,  0.8
05.12.2025 14:15:14.851,  0.8
05.12.2025 14:15:18.861,  0.9
05.12.2025 14:15:22.851,  0.8
05.12.2025 14:15:26.861,  0.9
05.12.2025 14:15:30.851,  0.9
05.12.2025 14:15:34.861,  0.9
05.12.2025 14:15:38.861,  0.8
05.12.2025 14:15:42.872,  0.8
05.12.2025 14:15:46.861,  0.8
05.12.2025 14:15:50.861,  0.9
05.12.2025 14:15:54.871,  0.8
05.12.2025 14:15:58.861,  0.0
05.12.2025 14:16:02.872,  0.0
05.12.2025 14:16:06.861,  0.0
05.12.2025 14:16:10.871,  0.0
05.12.2025 14:16:14.871,  0.0
05.12.2025 14:16:18.861,  0.0
05.12.2025 14:16:22.861,  0.0
05.12.2025 14:16:26.871,  0.0
05.12.2025 14:16:30.871,  0.0
05.12.2025 14:16:34.872,  0.0
05.12.2025 14:16:38.861,  0.0
05.12.2025 14:16:42.881,  0.0
05.12.2025 14:16:46.881,  0.0
05.12.2025 14:16:50.871,  0.0
05.12.2025 14:16:54.881,  0.0
05.12.2025 14:16:58.871,  0.0
05.12.2025 14:17:02.882,  0.0
05.12.2025 14:17:06.881,  0.0
05.12.2025 14:17:10.871,  0.0
05.12.2025 14:17:14.881,  0.0
05.12.2025 14:17:18.871,  0.0
05.12.2025 14:17:22.881,  0.0
05.12.2025 14:17:26.881,  0.0
05.12.2025 14:17:30.871,  0.0
05.12.2025 14:17:34.881,  0.0
05.12.2025 14:17:38.881,  0.0
05.12.2025 14:17:42.871,  0.0
05.12.2025 14:17:46.961,  0.0
05.12.2025 14:17:50.871,  0.0
05.12.2025 14:17:54.882,  0.0
05.12.2025 14:17:58.871,  0.0
05.12.2025 14:18:02.871,  0.0
05.12.2025 14:18:06.881,  0.0
05.12.2025 14:18:10.871,  0.0
05.12.2025 14:18:14.881,  0.0
05.12.2025 14:18:18.871,  0.0
05.12.2025 14:18:22.881,  0.0
05.12.2025 14:18:26.881,  0.0
05.12.2025 14:18:30.871,  0.0
05.12.2025 14:18:34.881,  0.0
05.12.2025 14:18:38.881,  0.0
05.12.2025 14:18:42.881,  0.0
05.12.2025 14:18:46.891,  0.0
05.12.2025 14:18:50.901,  0.0
05.12.2025 14:18:54.901,  0.0
05.12.2025 14:18:58.901,  0.0
05.12.2025 14:19:02.901,  0.0
05.12.2025 14:19:06.901,  0.0
05.12.2025 14:19:10.901,  0.0
05.12.2025 14:19:14.911,  0.0
05.12.2025 14:19:18.901,  0.0
05.12.2025 14:19:22.911,  0.0
05.12.2025 14:19:26.901,  0.0
05.12.2025 14:19:30.912,  0.0
05.12.2025 14:19:34.901,  0.0
05.12.2025 14:19:38.911,  0.0
05.12.2025 14:19:42.912,  0.0
05.12.2025 14:19:46.901,  0.0
05.12.2025 14:19:50.911,  0.0
05.12.2025 14:19:54.911,  0.0
05.12.2025 14:19:58.902,  0.0
05.12.2025 14:20:02.911,  0.0
05.12.2025 14:20:06.921,  0.0
05.12.2025 14:20:10.921,  0.0
05.12.2025 14:20:14.922,  0.0
05.12.2025 14:20:18.941,  0.0
05.12.2025 14:20:22.931,  0.0
05.12.2025 14:20:26.941,  0.0
05.12.2025 14:20:30.941,  0.0
05.12.2025 14:20:34.942,  0.0
05.12.2025 14:20:38.931,  0.0
05.12.2025 14:20:42.941,  0.0
05.12.2025 14:20:46.941,  0.0
05.12.2025 14:20:50.931,  0.0
05.12.2025 14:20:54.951,  0.0
05.12.2025 14:20:58.951,  0.0
05.12.2025 14:21:03.041,  0.0
05.12.2025 14:21:06.941,  0.0
05.12.2025 14:21:10.951,  0.0
05.12.2025 14:21:14.941,  0.0
05.12.2025 14:21:18.941,  0.0
05.12.2025 14:21:22.951,  0.0
05.12.2025 14:21:26.941,  0.0
05.12.2025 14:21:30.951,  0.0
05.12.2025 14:21:34.941,  0.0
05.12.2025 14:21:38.951,  0.0
05.12.2025 14:21:42.941,  0.0
05.12.2025 14:21:46.951,  0.0
05.12.2025 14:21:50.941,  0.0
05.12.2025 14:21:54.951,  0.0
05.12.2025 14:21:58.941,  0.0
05.12.2025 14:22:02.951,  0.0
05.12.2025 14:22:06.941,  0.0
05.12.2025 14:22:10.951,  0.0
05.12.2025 14:22:14.951,  0.0
05.12.2025 14:22:18.941,  0.0
05.12.2025 14:22:22.951,  0.0
05.12.2025 14:22:26.941,  0.0
05.12.2025 14:22:30.941,  0.0
05.12.2025 14:22:34.941,  0.0
05.12.2025 14:22:38.941,  0.0
05.12.2025 14:22:42.951,  0.0
05.12.2025 14:22:46.951,  0.0
05.12.2025 14:22:50.951,  0.0
05.12.2025 14:22:54.941,  0.0
05.12.2025 14:22:58.951,  0.0
05.12.2025 14:23:02.951,  0.0
05.12.2025 14:23:06.951,  0.0
05.12.2025 14:23:10.941,  0.0
05.12.2025 14:23:14.951,  0.0
05.12.2025 14:23:18.952,  0.0
05.12.2025 14:23:22.941,  0.0
05.12.2025 14:23:26.951,  0.0
05.12.2025 14:23:30.941,  0.0
05.12.2025 14:23:34.951,  0.0
05.12.2025 14:23:38.951,  0.0
05.12.2025 14:23:42.941,  0.0
05.12.2025 14:23:46.951,  0.0
05.12.2025 14:23:50.956,  0.0
05.12.2025 14:23:54.956,  0.0
05.12.2025 14:23:58.966,  0.0
05.12.2025 14:24:02.966,  0.0
05.12.2025 14:24:06.956,  0.0
05.12.2025 14:24:10.966,  0.0
05.12.2025 14:24:14.967,  0.0
05.12.2025 14:24:18.976,  0.0
05.12.2025 14:24:22.966,  0.0
05.12.2025 14:24:26.977,  0.0
05.12.2025 14:24:30.976,  0.0
05.12.2025 14:24:34.966,  0.0
05.12.2025 14:24:38.966,  0.0
05.12.2025 14:24:42.976,  0.0
05.12.2025 14:24:46.977,  0.0
05.12.2025 14:24:50.976,  0.0
05.12.2025 14:24:54.976,  0.0
05.12.2025 14:24:58.977,  0.0
05.12.2025 14:25:02.976,  0.0
05.12.2025 14:25:06.976,  0.0
05.12.2025 14:25:10.976,  0.0
05.12.2025 14:25:14.977,  0.0
05.12.2025 14:25:18.997,  0.0
05.12.2025 14:25:22.996,  0.0
05.12.2025 14:25:26.997,  0.0
05.12.2025 14:25:30.996,  0.0
05.12.2025 14:25:34.986,  0.0
05.12.2025 14:25:38.996,  0.0
05.12.2025 14:25:42.996,  0.0
05.12.2025 14:25:46.996,  0.0
05.12.2025 14:25:51.006,  0.0
05.12.2025 14:25:55.006,  0.0
05.12.2025 14:25:58.996,  0.0
05.12.2025 14:26:03.006,  0.0
05.12.2025 14:26:07.006,  0.0
05.12.2025 14:26:11.006,  0.0
05.12.2025 14:26:14.996,  0.0
05.12.2025 14:26:19.006,  0.0
05.12.2025 14:26:22.996,  0.0
05.12.2025 14:26:26.996,  0.0
05.12.2025 14:26:31.016,  0.0
05.12.2025 14:26:35.016,  0.0
05.12.2025 14:26:39.016,  0.0
05.12.2025 14:26:43.006,  0.0
05.12.2025 14:26:47.006,  0.0
05.12.2025 14:26:51.016,  0.0
05.12.2025 14:26:55.006,  0.0
05.12.2025 14:26:59.016,  0.0
05.12.2025 14:27:03.016,  0.0
05.12.2025 14:27:07.016,  0.0
05.12.2025 14:27:11.006,  0.0
05.12.2025 14:27:15.016,  0.0
05.12.2025 14:27:19.006,  0.0
05.12.2025 14:27:23.016,  0.0
05.12.2025 14:27:27.016,  0.0
05.12.2025 14:27:31.006,  0.0
05.12.2025 14:27:35.017,  0.0
05.12.2025 14:27:40.016,  0.5
05.12.2025 14:27:44.016,  0.4
05.12.2025 14:27:48.006,  0.4
05.12.2025 14:27:52.016,  0.3
05.12.2025 14:27:56.016,  0.2
05.12.2025 14:28:00.016,  0.3
05.12.2025 14:28:04.016,  0.3
05.12.2025 14:28:08.016,  0.3
05.12.2025 14:28:12.016,  0.2
05.12.2025 14:28:16.026,  0.2
05.12.2025 14:28:20.026,  0.2
05.12.2025 14:28:24.026,  0.2
05.12.2025 14:28:28.027,  0.2
05.12.2025 14:28:32.026,  0.1
05.12.2025 14:28:36.027,  0.2
05.12.2025 14:28:40.016,  0.2
05.12.2025 14:28:44.026,  0.2
05.12.2025 14:28:48.031,  0.2
05.12.2025 14:28:52.041,  0.2
05.12.2025 14:28:56.041,  0.2
05.12.2025 14:29:00.041,  0.2
05.12.2025 14:29:04.031,  0.2
05.12.2025 14:29:08.031,  0.2
05.12.2025 14:29:12.041,  0.3
05.12.2025 14:29:16.031,  0.2
05.12.2025 14:29:20.041,  0.3
05.12.2025 14:29:24.031,  0.2
05.12.2025 14:29:28.031,  0.3
05.12.2025 14:29:32.031,  0.3
05.12.2025 14:29:36.031,  0.3
05.12.2025 14:29:40.041,  0.3
05.12.2025 14:29:44.041,  0.3
05.12.2025 14:29:48.041,  0.3
05.12.2025 14:29:52.042,  0.3
05.12.2025 14:29:56.041,  0.3
05.12.2025 14:30:00.041,  0.3
05.12.2025 14:30:04.031,  0.3
05.12.2025 14:30:08.041,  0.3
05.12.2025 14:30:12.041,  0.2
05.12.2025 14:30:16.031,  0.3
05.12.2025 14:30:20.031,  0.2
05.12.2025 14:30:24.041,  0.3
05.12.2025 14:30:28.041,  0.2
05.12.2025 14:30:32.041,  0.3
05.12.2025 14:30:36.041,  0.3
05.12.2025 14:30:40.041,  0.2
05.12.2025 14:30:44.041,  0.3
05.12.2025 14:30:48.041,  0.3
05.12.2025 14:30:52.031,  0.3
05.12.2025 14:30:56.041,  0.3
05.12.2025 14:31:00.031,  0.3
05.12.2025 14:31:04.041,  0.3
05.12.2025 14:31:08.051,  0.3
05.12.2025 14:31:12.041,  0.3
05.12.2025 14:31:16.051,  0.2
05.12.2025 14:31:20.051,  0.3
05.12.2025 14:31:24.041,  0.3
05.12.2025 14:31:28.051,  0.3
05.12.2025 14:31:32.052,  0.3
05.12.2025 14:31:36.051,  0.2
05.12.2025 14:31:40.051,  0.3
05.12.2025 14:31:44.051,  0.3
05.12.2025 14:31:48.041,  0.3
05.12.2025 14:31:52.051,  0.3
05.12.2025 14:31:56.051,  0.3
05.12.2025 14:32:00.052,  0.3
05.12.2025 14:32:04.051,  0.3
05.12.2025 14:32:08.041,  0.3
05.12.2025 14:32:12.051,  0.3
05.12.2025 14:32:16.051,  0.2
05.12.2025 14:32:20.041,  0.3
05.12.2025 14:32:24.051,  0.3
05.12.2025 14:32:28.041,  0.3
05.12.2025 14:32:32.051,  0.3
05.12.2025 14:32:36.051,  0.3
05.12.2025 14:32:40.041,  0.2
05.12.2025 14:32:44.051,  0.3
05.12.2025 14:32:48.041,  0.3
05.12.2025 14:32:52.051,  0.2
05.12.2025 14:32:56.041,  0.3
05.12.2025 14:33:00.061,  0.3
05.12.2025 14:33:04.051,  0.3
05.12.2025 14:33:08.061,  0.3
05.12.2025 14:33:12.062,  0.3
05.12.2025 14:33:16.061,  0.3
05.12.2025 14:33:20.051,  0.2
05.12.2025 14:33:24.061,  0.3
05.12.2025 14:33:28.051,  0.3
05.12.2025 14:33:32.051,  0.3
05.12.2025 14:33:36.061,  0.3
05.12.2025 14:33:40.051,  0.3
05.12.2025 14:33:44.051,  0.3
05.12.2025 14:33:48.067,  0.3
05.12.2025 14:33:52.077,  0.3
05.12.2025 14:33:56.067,  0.3
05.12.2025 14:34:00.067,  0.3
05.12.2025 14:34:04.077,  0.3
05.12.2025 14:34:08.077,  0.3
05.12.2025 14:34:12.067,  0.3
05.12.2025 14:34:16.077,  0.3
05.12.2025 14:34:20.067,  0.3
05.12.2025 14:34:24.067,  0.3
05.12.2025 14:34:28.067,  0.3
05.12.2025 14:34:32.077,  0.3
05.12.2025 14:34:36.077,  0.3
05.12.2025 14:34:40.067,  0.3
05.12.2025 14:34:44.077,  0.3
05.12.2025 14:34:48.077,  0.2
05.12.2025 14:34:52.077,  0.2
05.12.2025 14:34:56.077,  0.3
05.12.2025 14:35:00.088,  0.3
05.12.2025 14:35:04.087,  0.3
05.12.2025 14:35:08.087,  0.3
05.12.2025 14:35:12.087,  0.3
05.12.2025 14:35:16.087,  0.3
05.12.2025 14:35:20.087,  0.3
05.12.2025 14:35:24.077,  0.3
05.12.2025 14:35:28.088,  0.3
05.12.2025 14:35:32.087,  0.3
05.12.2025 14:35:36.087,  0.3
05.12.2025 14:35:40.077,  0.2
05.12.2025 14:35:44.097,  0.3
05.12.2025 14:35:48.087,  0.3
05.12.2025 14:35:52.097,  0.2
05.12.2025 14:35:56.097,  0.3
05.12.2025 14:36:00.087,  0.3
05.12.2025 14:36:04.097,  0.3
05.12.2025 14:36:08.087,  0.3
05.12.2025 14:36:12.098,  0.3
05.12.2025 14:36:16.087,  0.3
05.12.2025 14:36:20.097,  0.3
05.12.2025 14:36:24.097,  0.2
05.12.2025 14:36:28.087,  0.3
05.12.2025 14:36:32.087,  0.3
05.12.2025 14:36:36.097,  0.2
05.12.2025 14:36:40.097,  0.3
05.12.2025 14:36:44.087,  0.3
05.12.2025 14:36:48.097,  0.3
05.12.2025 14:36:52.097,  0.3
05.12.2025 14:36:56.087,  0.2
05.12.2025 14:37:00.097,  0.3
05.12.2025 14:37:04.087,  0.3
05.12.2025 14:37:08.097,  0.2
05.12.2025 14:37:12.098,  0.3
05.12.2025 14:37:16.097,  0.3
05.12.2025 14:37:20.097,  0.3
05.12.2025 14:37:24.087,  0.2
05.12.2025 14:37:28.087,  0.3
05.12.2025 14:37:32.097,  0.3
05.12.2025 14:37:36.087,  0.2
05.12.2025 14:37:40.097,  0.3
05.12.2025 14:37:44.087,  0.3
05.12.2025 14:37:48.097,  0.2
05.12.2025 14:37:52.097,  0.3
05.12.2025 14:37:56.097,  0.3
05.12.2025 14:38:00.097,  0.3
05.12.2025 14:38:04.087,  0.3
05.12.2025 14:38:08.087,  0.3
05.12.2025 14:38:12.097,  0.3
05.12.2025 14:38:16.107,  0.3
05.12.2025 14:38:20.097,  0.2
05.12.2025 14:38:24.107,  0.3
05.12.2025 14:38:28.097,  0.3
05.12.2025 14:38:32.097,  0.3
05.12.2025 14:38:36.107,  0.3
05.12.2025 14:38:40.097,  0.2
05.12.2025 14:38:44.097,  0.3
05.12.2025 14:38:48.120,  0.3
05.12.2025 14:38:52.110,  0.3
05.12.2025 14:38:56.120,  0.3
05.12.2025 14:39:00.120,  0.3
05.12.2025 14:39:04.120,  0.3
05.12.2025 14:39:08.110,  0.3
05.12.2025 14:39:12.121,  0.3
05.12.2025 14:39:16.110,  0.3
05.12.2025 14:39:20.120,  0.3
05.12.2025 14:39:24.110,  0.2
05.12.2025 14:39:28.120,  0.0
05.12.2025 14:39:32.121,  0.0
05.12.2025 14:39:36.120,  0.0
05.12.2025 14:39:40.110,  0.0
05.12.2025 14:39:44.120,  0.0
05.12.2025 14:39:48.110,  0.0
05.12.2025 14:39:52.130,  0.0
05.12.2025 14:39:56.130,  0.0
05.12.2025 14:40:00.130,  0.0
05.12.2025 14:40:04.120,  0.0
05.12.2025 14:40:08.130,  0.0
05.12.2025 14:40:12.120,  0.0
05.12.2025 14:40:16.130,  0.0
05.12.2025 14:40:20.130,  0.0
05.12.2025 14:40:24.120,  0.0
05.12.2025 14:40:28.130,  0.0
05.12.2025 14:40:32.120,  0.0
05.12.2025 14:40:36.130,  0.0
05.12.2025 14:40:40.120,  0.0
05.12.2025 14:40:44.130,  0.0
05.12.2025 14:40:48.130,  0.0
05.12.2025 14:40:52.130,  0.0
05.12.2025 14:40:56.121,  0.0
05.12.2025 14:41:00.140,  0.0
05.12.2025 14:41:04.130,  0.0
05.12.2025 14:41:08.140,  0.0
05.12.2025 14:41:12.141,  0.0
05.12.2025 14:41:16.140,  0.0
05.12.2025 14:41:20.130,  0.0
05.12.2025 14:41:24.140,  0.0
05.12.2025 14:41:28.130,  0.0
05.12.2025 14:41:32.150,  0.0
05.12.2025 14:41:36.140,  0.0
05.12.2025 14:41:40.150,  0.0
05.12.2025 14:41:44.150,  0.0
05.12.2025 14:41:48.140,  0.0
05.12.2025 14:41:52.151,  0.0
05.12.2025 14:41:56.140,  0.0
05.12.2025 14:42:00.140,  0.0
05.12.2025 14:42:04.160,  0.0
05.12.2025 14:42:08.150,  0.0
05.12.2025 14:42:12.160,  0.0
05.12.2025 14:42:16.160,  0.0
05.12.2025 14:42:20.160,  0.0
05.12.2025 14:42:24.160,  0.0
05.12.2025 14:42:28.160,  0.0
05.12.2025 14:42:32.161,  0.0
05.12.2025 14:42:36.250,  0.0
05.12.2025 14:42:40.150,  0.0
05.12.2025 14:42:44.150,  0.0
05.12.2025 14:42:48.160,  0.0
05.12.2025 14:42:52.161,  0.0
05.12.2025 14:42:56.160,  0.0
05.12.2025 14:43:00.150,  0.0
05.12.2025 14:43:04.160,  0.0
05.12.2025 14:43:08.150,  0.0
05.12.2025 14:43:12.161,  0.0
05.12.2025 14:43:16.160,  0.0
05.12.2025 14:43:20.160,  0.0
05.12.2025 14:43:24.160,  0.0
05.12.2025 14:43:28.150,  0.0
05.12.2025 14:43:32.160,  0.0
05.12.2025 14:43:36.150,  0.0
05.12.2025 14:43:40.161,  0.0
05.12.2025 14:43:44.160,  0.0
05.12.2025 14:43:48.180,  0.0
05.12.2025 14:43:52.170,  0.0
05.12.2025 14:43:56.170,  0.0
05.12.2025 14:44:00.180,  0.0
05.12.2025 14:44:04.170,  0.0
05.12.2025 14:44:08.170,  0.0
05.12.2025 14:44:12.170,  0.0
05.12.2025 14:44:16.170,  0.0
05.12.2025 14:44:20.180,  0.0
05.12.2025 14:44:24.180,  0.0
05.12.2025 14:44:28.181,  0.0
05.12.2025 14:44:32.180,  0.0
05.12.2025 14:44:36.180,  0.0
05.12.2025 14:44:40.170,  0.0
05.12.2025 14:44:44.181,  0.0
05.12.2025 14:44:48.180,  0.0
05.12.2025 14:44:52.180,  0.0
05.12.2025 14:44:56.170,  0.0
05.12.2025 14:45:00.180,  0.0
05.12.2025 14:45:04.180,  0.0
05.12.2025 14:45:08.170,  0.0
05.12.2025 14:45:12.180,  0.0
05.12.2025 14:45:16.170,  0.0
05.12.2025 14:45:20.170,  0.0
05.12.2025 14:45:24.180,  0.0
05.12.2025 14:45:28.170,  0.0
05.12.2025 14:45:32.180,  0.0
05.12.2025 14:45:36.180,  0.0
05.12.2025 14:45:40.170,  0.0
05.12.2025 14:45:44.170,  0.0
05.12.2025 14:45:48.180,  0.0
05.12.2025 14:45:52.170,  0.0
05.12.2025 14:45:56.180,  0.0
05.12.2025 14:46:00.170,  0.0
05.12.2025 14:46:04.180,  0.0
05.12.2025 14:46:08.170,  0.0
05.12.2025 14:46:12.170,  0.0
05.12.2025 14:46:16.170,  0.0
05.12.2025 14:46:20.180,  0.0
05.12.2025 14:46:24.170,  0.0
05.12.2025 14:46:28.180,  0.0
05.12.2025 14:46:32.181,  0.0
05.12.2025 14:46:36.180,  0.0
05.12.2025 14:46:40.170,  0.0
05.12.2025 14:46:44.180,  0.0
05.12.2025 14:46:48.170,  0.0
05.12.2025 14:46:52.180,  0.0
05.12.2025 14:46:56.170,  0.0
05.12.2025 14:47:00.180,  0.0
05.12.2025 14:47:04.170,  0.0
05.12.2025 14:47:08.181,  0.0
05.12.2025 14:47:12.170,  0.0
05.12.2025 14:47:16.180,  0.0
05.12.2025 14:47:20.180,  0.0
05.12.2025 14:47:24.170,  0.0
05.12.2025 14:47:28.170,  0.0
05.12.2025 14:47:32.180,  0.0
05.12.2025 14:47:36.170,  0.0
05.12.2025 14:47:40.180,  0.0
05.12.2025 14:47:44.181,  0.0
05.12.2025 14:47:48.180,  0.0
05.12.2025 14:47:52.170,  0.0
05.12.2025 14:47:56.180,  0.0
05.12.2025 14:48:00.180,  0.0
05.12.2025 14:48:04.170,  0.0
05.12.2025 14:48:08.190,  0.0
05.12.2025 14:48:12.192,  0.0
05.12.2025 14:48:16.190,  0.0
05.12.2025 14:48:20.200,  0.0
05.12.2025 14:48:24.190,  0.0
05.12.2025 14:48:28.200,  0.0
05.12.2025 14:48:32.200,  0.0
05.12.2025 14:48:36.200,  0.0
05.12.2025 14:48:40.200,  0.0
05.12.2025 14:48:44.200,  0.0
05.12.2025 14:48:48.216,  0.0
05.12.2025 14:48:52.206,  0.0
05.12.2025 14:48:56.206,  0.0
05.12.2025 14:49:00.316,  0.0
05.12.2025 14:49:04.216,  0.0
05.12.2025 14:49:08.206,  0.0
05.12.2025 14:49:12.206,  0.0
05.12.2025 14:49:16.217,  0.0
05.12.2025 14:49:20.217,  0.0
05.12.2025 14:49:24.206,  0.0
05.12.2025 14:49:28.216,  0.0
05.12.2025 14:49:32.217,  0.0
05.12.2025 14:49:36.216,  0.0
05.12.2025 14:49:40.216,  0.0
05.12.2025 14:49:44.226,  0.0
05.12.2025 14:49:48.226,  0.0
05.12.2025 14:49:52.236,  0.0
05.12.2025 14:49:56.226,  0.0
05.12.2025 14:50:00.236,  0.0
05.12.2025 14:50:04.237,  0.0
05.12.2025 14:50:08.356,  0.0
05.12.2025 14:50:12.236,  0.0
05.12.2025 14:50:16.236,  0.0
05.12.2025 14:50:20.236,  0.0
05.12.2025 14:50:24.226,  0.0
05.12.2025 14:50:28.226,  0.0
05.12.2025 14:50:32.236,  0.0
05.12.2025 14:50:36.236,  0.0
05.12.2025 14:50:40.236,  0.0
05.12.2025 14:50:44.236,  0.0
05.12.2025 14:50:48.236,  0.0
05.12.2025 14:50:52.246,  0.0
05.12.2025 14:50:56.256,  0.0
05.12.2025 14:51:00.246,  0.0
05.12.2025 14:51:04.246,  0.0
05.12.2025 14:51:09.256,  0.9
05.12.2025 14:51:13.246,  0.7
05.12.2025 14:51:17.246,  0.7
05.12.2025 14:51:21.256,  0.6
05.12.2025 14:51:25.257,  0.5
05.12.2025 14:51:29.246,  0.4
05.12.2025 14:51:33.256,  0.4
05.12.2025 14:51:37.246,  0.4
05.12.2025 14:51:41.256,  0.4
05.12.2025 14:51:45.256,  0.4
05.12.2025 14:51:49.256,  0.4
05.12.2025 14:51:53.256,  0.4
05.12.2025 14:51:57.257,  0.4
05.12.2025 14:52:01.246,  0.4
05.12.2025 14:52:05.246,  0.4
05.12.2025 14:52:09.256,  0.4
05.12.2025 14:52:13.256,  0.4
05.12.2025 14:52:17.246,  0.4
05.12.2025 14:52:21.256,  0.4
05.12.2025 14:52:25.246,  0.4
05.12.2025 14:52:29.256,  0.4
05.12.2025 14:52:33.246,  0.4
05.12.2025 14:52:37.256,  0.4
05.12.2025 14:52:41.256,  0.4
05.12.2025 14:52:45.246,  0.4
05.12.2025 14:52:49.246,  0.4
05.12.2025 14:52:53.266,  0.4
05.12.2025 14:52:57.256,  0.4
05.12.2025 14:53:01.266,  0.4
05.12.2025 14:53:05.256,  0.4
05.12.2025 14:53:09.266,  0.4
05.12.2025 14:53:13.266,  0.4
05.12.2025 14:53:17.256,  0.4
05.12.2025 14:53:21.266,  0.4
05.12.2025 14:53:25.267,  0.4
05.12.2025 14:53:29.256,  0.4
05.12.2025 14:53:33.266,  0.4
05.12.2025 14:53:37.267,  0.4
05.12.2025 14:53:41.256,  0.4
05.12.2025 14:53:45.266,  0.4
05.12.2025 14:53:49.276,  0.4
05.12.2025 14:53:53.277,  0.4
05.12.2025 14:53:57.276,  0.4
05.12.2025 14:54:01.277,  0.4
05.12.2025 14:54:05.276,  0.4
05.12.2025 14:54:09.276,  0.4
05.12.2025 14:54:13.276,  0.4
05.12.2025 14:54:17.266,  0.4
05.12.2025 14:54:21.276,  0.4
05.12.2025 14:54:25.266,  0.4
05.12.2025 14:54:29.266,  0.4
05.12.2025 14:54:33.276,  0.4
05.12.2025 14:54:37.276,  0.4
05.12.2025 14:54:41.277,  0.4
05.12.2025 14:54:45.277,  0.4
05.12.2025 14:54:49.276,  0.4
05.12.2025 14:54:53.276,  0.4
05.12.2025 14:54:57.266,  0.4
05.12.2025 14:55:01.276,  0.4
05.12.2025 14:55:05.276,  0.4
05.12.2025 14:55:09.266,  0.4
05.12.2025 14:55:13.276,  0.4
05.12.2025 14:55:17.276,  0.4
05.12.2025 14:55:21.276,  0.4
05.12.2025 14:55:25.276,  0.4
05.12.2025 14:55:29.266,  0.4
05.12.2025 14:55:33.276,  0.4
05.12.2025 14:55:37.266,  0.4
05.12.2025 14:55:41.266,  0.4
05.12.2025 14:55:45.276,  0.4
05.12.2025 14:55:49.266,  0.4
05.12.2025 14:55:53.276,  0.4
05.12.2025 14:55:57.266,  0.4
05.12.2025 14:56:01.266,  0.4
05.12.2025 14:56:05.266,  0.4
05.12.2025 14:56:09.276,  0.4
05.12.2025 14:56:13.276,  0.4
05.12.2025 14:56:17.266,  0.4
05.12.2025 14:56:21.276,  0.4
05.12.2025 14:56:25.266,  0.4
05.12.2025 14:56:29.276,  0.4
05.12.2025 14:56:33.276,  0.4
05.12.2025 14:56:37.277,  0.4
05.12.2025 14:56:41.266,  0.4
05.12.2025 14:56:45.276,  0.4
05.12.2025 14:56:49.276,  0.4
05.12.2025 14:56:53.276,  0.4
05.12.2025 14:56:57.276,  0.4
05.12.2025 14:57:01.276,  0.4
05.12.2025 14:57:05.266,  0.4
05.12.2025 14:57:09.276,  0.4
05.12.2025 14:57:13.266,  0.4
05.12.2025 14:57:17.276,  0.4
05.12.2025 14:57:21.276,  0.4
05.12.2025 14:57:25.266,  0.4
05.12.2025 14:57:29.276,  0.4
05.12.2025 14:57:33.266,  0.4
05.12.2025 14:57:37.278,  0.4
05.12.2025 14:57:41.276,  0.4
05.12.2025 14:57:45.276,  0.4
05.12.2025 14:57:49.276,  0.4
05.12.2025 14:57:53.266,  0.4
05.12.2025 14:57:57.276,  0.4
05.12.2025 14:58:01.277,  0.4
05.12.2025 14:58:05.266,  0.4
05.12.2025 14:58:09.277,  0.4
05.12.2025 14:58:13.266,  0.4
05.12.2025 14:58:17.266,  0.4
05.12.2025 14:58:21.276,  0.4
05.12.2025 14:58:25.276,  0.4
05.12.2025 14:58:29.266,  0.4
05.12.2025 14:58:33.276,  0.4
05.12.2025 14:58:37.276,  0.4
05.12.2025 14:58:41.276,  0.4
05.12.2025 14:58:45.276,  0.4
05.12.2025 14:58:49.290,  0.4
05.12.2025 14:58:53.290,  0.4
05.12.2025 14:58:57.290,  0.4
05.12.2025 14:59:01.280,  0.4
05.12.2025 14:59:05.290,  0.4
05.12.2025 14:59:09.291,  0.4
05.12.2025 14:59:13.290,  0.4
05.12.2025 14:59:17.280,  0.4
05.12.2025 14:59:21.290,  0.4
05.12.2025 14:59:25.290,  0.4
05.12.2025 14:59:29.290,  0.4
05.12.2025 14:59:33.291,  0.4
05.12.2025 14:59:37.290,  0.4
05.12.2025 14:59:41.290,  0.4
05.12.2025 14:59:45.290,  0.4
05.12.2025 14:59:49.290,  0.4
05.12.2025 14:59:53.280,  0.4
05.12.2025 14:59:57.290,  0.4
05.12.2025 15:00:01.290,  0.4
05.12.2025 15:00:05.290,  0.4
05.12.2025 15:00:09.280,  0.4
05.12.2025 15:00:13.290,  0.4
05.12.2025 15:00:17.280,  0.4
05.12.2025 15:00:21.290,  0.4
05.12.2025 15:00:25.290,  0.4
05.12.2025 15:00:29.290,  0.4
05.12.2025 15:00:33.291,  0.4
05.12.2025 15:00:37.290,  0.4
05.12.2025 15:00:41.290,  0.4
05.12.2025 15:00:45.280,  0.4
05.12.2025 15:00:49.280,  0.4
05.12.2025 15:00:53.280,  0.4
05.12.2025 15:00:57.290,  0.4
05.12.2025 15:01:01.291,  0.4
05.12.2025 15:01:05.280,  0.4
05.12.2025 15:01:09.280,  0.4
05.12.2025 15:01:13.290,  0.4
05.12.2025 15:01:17.280,  0.4
05.12.2025 15:01:21.280,  0.4
05.12.2025 15:01:25.290,  0.4
05.12.2025 15:01:29.280,  0.4
05.12.2025 15:01:33.280,  0.4
05.12.2025 15:01:37.280,  0.4
05.12.2025 15:01:41.291,  0.4
05.12.2025 15:01:45.291,  0.4
05.12.2025 15:01:49.390,  0.4
05.12.2025 15:01:53.290,  0.4
05.12.2025 15:01:57.290,  0.4
05.12.2025 15:02:01.280,  0.4
05.12.2025 15:02:05.290,  0.4
05.12.2025 15:02:09.300,  0.4
05.12.2025 15:02:13.300,  0.4
05.12.2025 15:02:17.290,  0.4
05.12.2025 15:02:21.300,  0.4
05.12.2025 15:02:25.301,  0.4
05.12.2025 15:02:29.290,  0.4
05.12.2025 15:02:33.300,  0.4
05.12.2025 15:02:37.301,  0.0
05.12.2025 15:02:41.300,  0.0
05.12.2025 15:02:45.300,  0.0
05.12.2025 15:02:49.290,  0.0
05.12.2025 15:02:53.300,  0.0
05.12.2025 15:02:57.300,  0.0
05.12.2025 15:03:01.310,  0.0
05.12.2025 15:03:05.311,  0.0
05.12.2025 15:03:09.310,  0.0
05.12.2025 15:03:13.310,  0.0
05.12.2025 15:03:17.310,  0.0
05.12.2025 15:03:21.300,  0.0
05.12.2025 15:03:25.310,  0.0
05.12.2025 15:03:29.300,  0.0
05.12.2025 15:03:33.310,  0.0
05.12.2025 15:03:37.300,  0.0
05.12.2025 15:03:41.310,  0.0
05.12.2025 15:03:45.310,  0.0
05.12.2025 15:03:49.344,  0.0
05.12.2025 15:03:53.344,  0.0
05.12.2025 15:03:57.364,  0.0
05.12.2025 15:04:01.374,  0.0
05.12.2025 15:04:05.384,  0.0
05.12.2025 15:04:09.384,  0.0
05.12.2025 15:04:13.385,  0.0
05.12.2025 15:04:17.384,  0.0
05.12.2025 15:04:21.385,  0.0
05.12.2025 15:04:25.384,  0.0
05.12.2025 15:04:29.384,  0.0
05.12.2025 15:04:33.374,  0.0
05.12.2025 15:04:37.384,  0.0
05.12.2025 15:04:41.374,  0.0
05.12.2025 15:04:45.385,  0.0
05.12.2025 15:04:49.394,  0.0
05.12.2025 15:04:53.394,  0.0
05.12.2025 15:04:57.404,  0.0
05.12.2025 15:05:01.404,  0.0
05.12.2025 15:05:05.414,  0.0
05.12.2025 15:05:09.415,  0.0
05.12.2025 15:05:13.424,  0.0
05.12.2025 15:05:17.424,  0.0
05.12.2025 15:05:21.424,  0.0
05.12.2025 15:05:25.435,  0.0
05.12.2025 15:05:29.444,  0.0
05.12.2025 15:05:33.434,  0.0
05.12.2025 15:05:37.445,  0.0
05.12.2025 15:05:41.444,  0.0
05.12.2025 15:05:45.434,  0.0
05.12.2025 15:05:49.434,  0.0
05.12.2025 15:05:53.434,  0.0
05.12.2025 15:05:57.444,  0.0
05.12.2025 15:06:01.444,  0.0
05.12.2025 15:06:05.444,  0.0
05.12.2025 15:06:09.444,  0.0
05.12.2025 15:06:13.445,  0.0
05.12.2025 15:06:17.434,  0.0
05.12.2025 15:06:21.444,  0.0
05.12.2025 15:06:25.434,  0.0
05.12.2025 15:06:29.444,  0.0
05.12.2025 15:06:33.434,  0.0
05.12.2025 15:06:37.444,  0.0
05.12.2025 15:06:41.444,  0.0
05.12.2025 15:06:45.444,  0.0
05.12.2025 15:06:49.444,  0.0
05.12.2025 15:06:53.444,  0.0
05.12.2025 15:06:57.444,  0.0
05.12.2025 15:07:01.444,  0.0
05.12.2025 15:07:05.444,  0.0
05.12.2025 15:07:09.434,  0.0
05.12.2025 15:07:13.444,  0.0
05.12.2025 15:07:17.444,  0.0
05.12.2025 15:07:21.444,  0.0
05.12.2025 15:07:25.444,  0.0
05.12.2025 15:07:29.434,  0.0
05.12.2025 15:07:33.444,  0.0
05.12.2025 15:07:37.444,  0.0
05.12.2025 15:07:41.444,  0.0
05.12.2025 15:07:45.434,  0.0
05.12.2025 15:07:49.434,  0.0
05.12.2025 15:07:53.444,  0.0
05.12.2025 15:07:57.434,  0.0
05.12.2025 15:08:01.454,  0.0
05.12.2025 15:08:05.464,  0.0
05.12.2025 15:08:09.454,  0.0
05.12.2025 15:08:13.454,  0.0
05.12.2025 15:08:17.464,  0.0
05.12.2025 15:08:21.454,  0.0
05.12.2025 15:08:25.464,  0.0
05.12.2025 15:08:29.464,  0.0
05.12.2025 15:08:33.454,  0.0
05.12.2025 15:08:37.454,  0.0
05.12.2025 15:08:41.464,  0.0
05.12.2025 15:08:45.464,  0.0
05.12.2025 15:08:49.488,  0.0
05.12.2025 15:08:54.488,  0.6
05.12.2025 15:08:58.478,  0.6
05.12.2025 15:09:02.488,  0.5
05.12.2025 15:09:06.489,  0.6
05.12.2025 15:09:10.488,  0.6
05.12.2025 15:09:14.488,  0.6
05.12.2025 15:09:18.488,  0.6
05.12.2025 15:09:22.489,  0.6
05.12.2025 15:09:26.488,  0.6
05.12.2025 15:09:30.488,  0.6
05.12.2025 15:09:34.488,  0.6
05.12.2025 15:09:38.478,  0.6
05.12.2025 15:09:42.489,  0.6
05.12.2025 15:09:46.498,  0.6
05.12.2025 15:09:50.488,  0.6
05.12.2025 15:09:54.498,  0.6
05.12.2025 15:09:58.598,  0.6
05.12.2025 15:10:02.498,  0.6
05.12.2025 15:10:06.498,  0.6
05.12.2025 15:10:10.488,  0.6
05.12.2025 15:10:14.498,  0.6
05.12.2025 15:10:18.488,  0.6
05.12.2025 15:10:22.498,  0.6
05.12.2025 15:10:26.498,  0.6
05.12.2025 15:10:30.488,  0.6
05.12.2025 15:10:34.498,  0.6
05.12.2025 15:10:38.498,  0.6
05.12.2025 15:10:42.488,  0.6
05.12.2025 15:10:46.588,  0.6
05.12.2025 15:10:50.498,  0.6
05.12.2025 15:10:54.499,  0.6
05.12.2025 15:10:58.498,  0.6
05.12.2025 15:11:02.488,  0.6
05.12.2025 15:11:06.498,  0.6
05.12.2025 15:11:10.498,  0.6
05.12.2025 15:11:14.488,  0.6
05.12.2025 15:11:18.498,  0.6
05.12.2025 15:11:22.498,  0.6
05.12.2025 15:11:26.498,  0.6
05.12.2025 15:11:30.498,  0.6
05.12.2025 15:11:34.499,  0.6
05.12.2025 15:11:38.498,  0.6
05.12.2025 15:11:42.499,  0.6
05.12.2025 15:11:46.498,  0.6
05.12.2025 15:11:50.498,  0.6
05.12.2025 15:11:54.488,  0.6
05.12.2025 15:11:58.498,  0.6
05.12.2025 15:12:02.488,  0.6
05.12.2025 15:12:06.498,  0.6
05.12.2025 15:12:10.499,  0.6
05.12.2025 15:12:14.508,  0.6
05.12.2025 15:12:18.498,  0.0
05.12.2025 15:12:22.498,  0.0
05.12.2025 15:12:26.508,  0.0
05.12.2025 15:12:30.498,  0.0
05.12.2025 15:12:34.508,  0.0
05.12.2025 15:12:38.508,  0.0
05.12.2025 15:12:42.498,  0.0
05.12.2025 15:12:46.498,  0.0
05.12.2025 15:12:50.498,  0.0
05.12.2025 15:12:54.508,  0.0
05.12.2025 15:12:58.498,  0.0
05.12.2025 15:13:02.498,  0.0
05.12.2025 15:13:06.508,  0.0
05.12.2025 15:13:10.498,  0.0
05.12.2025 15:13:14.498,  0.0
05.12.2025 15:13:18.508,  0.0
05.12.2025 15:13:22.498,  0.0
05.12.2025 15:13:26.508,  0.0
05.12.2025 15:13:30.508,  0.0
05.12.2025 15:13:34.498,  0.0
05.12.2025 15:13:38.498,  0.0
05.12.2025 15:13:42.509,  0.0
05.12.2025 15:13:46.498,  0.0
05.12.2025 15:13:50.522,  0.0
05.12.2025 15:13:54.522,  0.0
05.12.2025 15:13:58.532,  0.0
05.12.2025 15:14:02.522,  0.0
05.12.2025 15:14:06.532,  0.0
05.12.2025 15:14:10.522,  0.0
05.12.2025 15:14:14.532,  0.0
05.12.2025 15:14:18.532,  0.0
05.12.2025 15:14:22.522,  0.0
05.12.2025 15:14:26.532,  0.0
05.12.2025 15:14:30.532,  0.0
05.12.2025 15:14:34.532,  0.0
05.12.2025 15:14:38.522,  0.0
05.12.2025 15:14:42.522,  0.0
05.12.2025 15:14:46.532,  0.0
05.12.2025 15:14:50.522,  0.0
05.12.2025 15:14:54.522,  0.0
05.12.2025 15:14:58.532,  0.0
05.12.2025 15:15:02.522,  0.0
05.12.2025 15:15:06.532,  0.0
05.12.2025 15:15:10.532,  0.0
05.12.2025 15:15:14.533,  0.0
05.12.2025 15:15:18.533,  0.0
05.12.2025 15:15:22.522,  0.0
05.12.2025 15:15:26.532,  0.0
05.12.2025 15:15:30.532,  0.0
05.12.2025 15:15:34.533,  0.0
05.12.2025 15:15:38.532,  0.0
05.12.2025 15:15:42.522,  0.0
05.12.2025 15:15:46.532,  0.0
05.12.2025 15:15:50.533,  0.0
05.12.2025 15:15:54.522,  0.0
05.12.2025 15:15:58.522,  0.0
05.12.2025 15:16:02.522,  0.0
05.12.2025 15:16:06.532,  0.0
05.12.2025 15:16:10.522,  0.0
05.12.2025 15:16:14.532,  0.0
05.12.2025 15:16:18.532,  0.0
05.12.2025 15:16:22.532,  0.0
05.12.2025 15:16:26.532,  0.0
05.12.2025 15:16:30.522,  0.0
05.12.2025 15:16:34.522,  0.0
05.12.2025 15:16:38.532,  0.0
05.12.2025 15:16:42.532,  0.0
05.12.2025 15:16:46.532,  0.0
05.12.2025 15:16:50.532,  0.0
05.12.2025 15:16:54.532,  0.0
05.12.2025 15:16:58.532,  0.0
05.12.2025 15:17:02.533,  0.0
05.12.2025 15:17:06.532,  0.0
05.12.2025 15:17:10.532,  0.0
05.12.2025 15:17:14.532,  0.0
05.12.2025 15:17:18.522,  0.0
05.12.2025 15:17:22.522,  0.0
05.12.2025 15:17:26.532,  0.0
05.12.2025 15:17:30.522,  0.0
05.12.2025 15:17:34.532,  0.0
05.12.2025 15:17:38.532,  0.0
05.12.2025 15:17:42.522,  0.0
05.12.2025 15:17:46.532,  0.0
05.12.2025 15:17:50.533,  0.0
05.12.2025 15:17:54.532,  0.0
05.12.2025 15:17:58.532,  0.0
05.12.2025 15:18:02.542,  0.0
05.12.2025 15:18:06.532,  0.0
05.12.2025 15:18:10.532,  0.0
05.12.2025 15:18:14.542,  0.0
05.12.2025 15:18:18.532,  0.0
05.12.2025 15:18:22.542,  0.0
05.12.2025 15:18:26.532,  0.0
05.12.2025 15:18:30.532,  0.0
05.12.2025 15:18:34.532,  0.0
05.12.2025 15:18:38.542,  0.0
05.12.2025 15:18:42.532,  0.0
05.12.2025 15:18:46.532,  0.0
05.12.2025 15:18:50.553,  0.0
05.12.2025 15:18:54.543,  0.0
05.12.2025 15:18:58.543,  0.0
05.12.2025 15:19:02.554,  0.0
05.12.2025 15:19:06.554,  0.0
05.12.2025 15:19:10.543,  0.0
05.12.2025 15:19:14.553,  0.0
05.12.2025 15:19:18.553,  0.0
05.12.2025 15:19:22.553,  0.0
05.12.2025 15:19:26.553,  0.0
05.12.2025 15:19:30.563,  0.0
05.12.2025 15:19:34.553,  0.0
05.12.2025 15:19:38.563,  0.0
05.12.2025 15:19:42.553,  0.0
05.12.2025 15:19:46.573,  0.0
05.12.2025 15:19:50.563,  0.0
05.12.2025 15:19:54.583,  0.0
05.12.2025 15:19:58.583,  0.0
05.12.2025 15:20:02.593,  0.0
05.12.2025 15:20:06.583,  0.0
05.12.2025 15:20:10.593,  0.0
05.12.2025 15:20:14.593,  0.0
05.12.2025 15:20:18.593,  0.0
05.12.2025 15:20:22.593,  0.0
05.12.2025 15:20:26.593,  0.0
05.12.2025 15:20:30.603,  0.0
05.12.2025 15:20:34.603,  0.0
05.12.2025 15:20:38.603,  0.0
05.12.2025 15:20:42.604,  0.0
05.12.2025 15:20:46.603,  0.0
05.12.2025 15:20:50.603,  0.0
05.12.2025 15:20:54.593,  0.0
05.12.2025 15:20:58.603,  0.0
05.12.2025 15:21:02.603,  0.0
05.12.2025 15:21:06.593,  0.0
05.12.2025 15:21:10.593,  0.0
05.12.2025 15:21:14.603,  0.0
05.12.2025 15:21:18.723,  0.0
05.12.2025 15:21:22.593,  0.0
05.12.2025 15:21:26.603,  0.0
05.12.2025 15:21:30.603,  0.0
05.12.2025 15:21:34.603,  0.0
05.12.2025 15:21:38.604,  0.0
05.12.2025 15:21:42.593,  0.0
05.12.2025 15:21:46.603,  0.0
05.12.2025 15:21:50.603,  0.0
05.12.2025 15:21:54.593,  0.0
05.12.2025 15:21:58.603,  0.0
05.12.2025 15:22:02.593,  0.0
05.12.2025 15:22:06.593,  0.0
05.12.2025 15:22:10.593,  0.0
05.12.2025 15:22:14.603,  0.0
05.12.2025 15:22:18.593,  0.0
05.12.2025 15:22:22.603,  0.0
05.12.2025 15:22:26.603,  0.0
05.12.2025 15:22:30.604,  0.0
05.12.2025 15:22:34.593,  0.0
05.12.2025 15:22:38.603,  0.0
05.12.2025 15:22:42.764,  0.0
05.12.2025 15:22:46.593,  0.0
05.12.2025 15:22:50.604,  0.0
05.12.2025 15:22:54.593,  0.0
05.12.2025 15:22:58.603,  0.0
05.12.2025 15:23:02.604,  0.0
05.12.2025 15:23:06.603,  0.0
05.12.2025 15:23:10.603,  0.0
05.12.2025 15:23:14.593,  0.0
05.12.2025 15:23:18.603,  0.0
05.12.2025 15:23:22.603,  0.0
05.12.2025 15:23:26.593,  0.0
05.12.2025 15:23:30.603,  0.0
05.12.2025 15:23:34.603,  0.0
05.12.2025 15:23:38.613,  0.0
05.12.2025 15:23:42.603,  0.0
05.12.2025 15:23:46.614,  0.0
05.12.2025 15:23:50.627,  0.0
05.12.2025 15:23:55.617,  1.2
05.12.2025 15:23:59.727,  0.9
05.12.2025 15:24:03.627,  1.5
05.12.2025 15:24:07.627,  1.0
05.12.2025 15:24:11.628,  0.7
05.12.2025 15:24:15.627,  0.6
05.12.2025 15:24:19.627,  0.6
05.12.2025 15:24:23.727,  0.6
05.12.2025 15:24:27.627,  0.6
05.12.2025 15:24:31.627,  0.6
05.12.2025 15:24:35.617,  0.5
05.12.2025 15:24:39.627,  0.5
05.12.2025 15:24:43.627,  0.4
05.12.2025 15:24:47.617,  0.5
05.12.2025 15:24:51.627,  0.6
05.12.2025 15:24:55.627,  0.6
05.12.2025 15:24:59.617,  0.7
05.12.2025 15:25:03.627,  0.7
05.12.2025 15:25:07.617,  0.7
05.12.2025 15:25:11.618,  0.7
05.12.2025 15:25:15.637,  0.7
05.12.2025 15:25:19.627,  0.7
05.12.2025 15:25:23.637,  0.7
05.12.2025 15:25:27.627,  0.7
05.12.2025 15:25:31.627,  0.7
05.12.2025 15:25:35.627,  0.7
05.12.2025 15:25:39.637,  0.7
05.12.2025 15:25:43.637,  0.8
05.12.2025 15:25:47.637,  0.8
05.12.2025 15:25:51.637,  0.8
05.12.2025 15:25:55.627,  0.7
05.12.2025 15:25:59.647,  0.7
05.12.2025 15:26:03.637,  0.7
05.12.2025 15:26:07.637,  0.7
05.12.2025 15:26:11.647,  0.8
05.12.2025 15:26:15.637,  0.8
05.12.2025 15:26:19.647,  0.8
05.12.2025 15:26:23.647,  0.8
05.12.2025 15:26:27.648,  0.8
05.12.2025 15:26:31.637,  0.8
05.12.2025 15:26:35.647,  0.8
05.12.2025 15:26:39.647,  0.7
05.12.2025 15:26:43.637,  0.8
05.12.2025 15:26:47.647,  0.8
05.12.2025 15:26:51.647,  0.8
05.12.2025 15:26:55.637,  0.8
05.12.2025 15:26:59.647,  0.8
05.12.2025 15:27:03.637,  0.7
05.12.2025 15:27:07.637,  0.8
05.12.2025 15:27:11.647,  0.8
05.12.2025 15:27:15.637,  0.8
05.12.2025 15:27:19.637,  0.8
05.12.2025 15:27:23.647,  0.8
05.12.2025 15:27:27.637,  0.8
05.12.2025 15:27:31.637,  0.8
05.12.2025 15:27:35.637,  0.8
05.12.2025 15:27:39.637,  0.8
05.12.2025 15:27:43.647,  0.8
05.12.2025 15:27:47.637,  0.8
05.12.2025 15:27:51.647,  0.8
05.12.2025 15:27:55.647,  0.8
05.12.2025 15:27:59.637,  0.8
05.12.2025 15:28:03.647,  0.8
05.12.2025 15:28:07.647,  0.8
05.12.2025 15:28:11.647,  0.8
05.12.2025 15:28:15.648,  0.8
05.12.2025 15:28:19.647,  0.8
05.12.2025 15:28:23.637,  0.8
05.12.2025 15:28:27.647,  0.8
05.12.2025 15:28:31.648,  0.8
05.12.2025 15:28:35.637,  0.8
05.12.2025 15:28:39.647,  0.8
05.12.2025 15:28:43.647,  0.7
05.12.2025 15:28:47.637,  0.8
05.12.2025 15:28:51.651,  0.8
05.12.2025 15:28:55.661,  0.8
05.12.2025 15:28:59.651,  0.7
05.12.2025 15:29:03.661,  0.7
05.12.2025 15:29:07.651,  0.8
05.12.2025 15:29:11.651,  0.7
05.12.2025 15:29:15.661,  0.8
05.12.2025 15:29:19.651,  0.8
05.12.2025 15:29:23.661,  0.8
05.12.2025 15:29:27.661,  0.8
05.12.2025 15:29:31.662,  0.8
05.12.2025 15:29:35.661,  0.8
05.12.2025 15:29:39.661,  0.8
05.12.2025 15:29:43.651,  0.7
05.12.2025 15:29:47.661,  0.8
05.12.2025 15:29:51.651,  0.8
05.12.2025 15:29:55.661,  0.8
05.12.2025 15:29:59.651,  0.8
05.12.2025 15:30:03.652,  0.8
05.12.2025 15:30:07.661,  0.8
05.12.2025 15:30:11.661,  0.8
05.12.2025 15:30:15.672,  0.8
05.12.2025 15:30:19.671,  0.8
05.12.2025 15:30:23.671,  0.8
05.12.2025 15:30:27.661,  0.8
05.12.2025 15:30:31.661,  0.8
05.12.2025 15:30:35.671,  0.7
05.12.2025 15:30:39.661,  0.7
05.12.2025 15:30:43.671,  0.8
05.12.2025 15:30:47.661,  0.8
05.12.2025 15:30:51.671,  0.8
05.12.2025 15:30:55.671,  0.8
05.12.2025 15:30:59.661,  0.8
05.12.2025 15:31:03.671,  0.8
05.12.2025 15:31:07.661,  0.8
05.12.2025 15:31:11.671,  0.8
05.12.2025 15:31:15.661,  0.8
05.12.2025 15:31:19.661,  0.8
05.12.2025 15:31:23.672,  0.8
05.12.2025 15:31:27.671,  0.8
05.12.2025 15:31:31.671,  0.8
05.12.2025 15:31:35.661,  0.8
05.12.2025 15:31:39.661,  0.8
05.12.2025 15:31:43.661,  0.8
05.12.2025 15:31:47.671,  0.7
05.12.2025 15:31:51.671,  0.8
05.12.2025 15:31:55.661,  0.8
05.12.2025 15:31:59.671,  0.8
05.12.2025 15:32:03.672,  0.8
05.12.2025 15:32:07.671,  0.8
05.12.2025 15:32:11.661,  0.8
05.12.2025 15:32:15.671,  0.8
05.12.2025 15:32:19.661,  0.8
05.12.2025 15:32:23.671,  0.8
05.12.2025 15:32:27.661,  0.8
05.12.2025 15:32:31.671,  0.8
05.12.2025 15:32:35.661,  0.8
05.12.2025 15:32:39.661,  0.8
05.12.2025 15:32:43.661,  0.8
05.12.2025 15:32:47.661,  0.8
05.12.2025 15:32:51.671,  0.8
05.12.2025 15:32:55.671,  0.8
05.12.2025 15:32:59.671,  0.8
05.12.2025 15:33:03.672,  0.8
05.12.2025 15:33:07.661,  0.8
05.12.2025 15:33:11.671,  0.8
05.12.2025 15:33:15.672,  0.8
05.12.2025 15:33:19.661,  0.8
05.12.2025 15:33:23.671,  0.8
05.12.2025 15:33:27.661,  0.8
05.12.2025 15:33:31.671,  0.8
05.12.2025 15:33:35.671,  0.8
05.12.2025 15:33:39.671,  0.7
05.12.2025 15:33:43.671,  0.8
05.12.2025 15:33:47.661,  0.8
05.12.2025 15:33:51.690,  0.8
05.12.2025 15:33:55.679,  0.8
05.12.2025 15:33:59.690,  0.8
05.12.2025 15:34:03.689,  0.8
05.12.2025 15:34:07.689,  0.8
05.12.2025 15:34:11.689,  0.8
05.12.2025 15:34:15.699,  0.8
05.12.2025 15:34:19.699,  0.8
05.12.2025 15:34:23.719,  0.8
05.12.2025 15:34:27.709,  0.8
05.12.2025 15:34:31.719,  0.8
05.12.2025 15:34:35.729,  0.8
05.12.2025 15:34:39.739,  0.7
05.12.2025 15:34:43.729,  0.8
05.12.2025 15:34:47.739,  0.8
05.12.2025 15:34:51.729,  0.8
05.12.2025 15:34:55.739,  0.8
05.12.2025 15:34:59.739,  0.8
05.12.2025 15:35:03.729,  0.8
05.12.2025 15:35:07.739,  0.8
05.12.2025 15:35:11.740,  0.8
05.12.2025 15:35:15.739,  0.8
05.12.2025 15:35:19.739,  0.8
05.12.2025 15:35:23.739,  0.8
05.12.2025 15:35:27.729,  0.8
05.12.2025 15:35:31.729,  0.8
05.12.2025 15:35:35.739,  0.8
05.12.2025 15:35:39.729,  0.8
05.12.2025 15:35:42.729,  0.7
05.12.2025 15:35:46.739,  0.0
05.12.2025 15:35:50.739,  0.0
05.12.2025 15:35:54.729,  0.0
05.12.2025 15:35:58.739,  0.0
05.12.2025 15:36:02.740,  0.0
05.12.2025 15:36:06.739,  0.0
05.12.2025 15:36:10.729,  0.0
05.12.2025 15:36:14.739,  0.0
05.12.2025 15:36:18.729,  0.0
05.12.2025 15:36:22.729,  0.0
05.12.2025 15:36:26.729,  0.0
05.12.2025 15:36:30.739,  0.0
05.12.2025 15:36:34.749,  0.0
05.12.2025 15:36:38.749,  0.0
05.12.2025 15:36:42.749,  0.0
05.12.2025 15:36:46.749,  0.0
05.12.2025 15:36:50.739,  0.0
05.12.2025 15:36:54.750,  0.0
05.12.2025 15:36:58.749,  0.0
05.12.2025 15:37:02.739,  0.0
05.12.2025 15:37:06.749,  0.0
05.12.2025 15:37:10.749,  0.0
05.12.2025 15:37:14.749,  0.0
05.12.2025 15:37:18.749,  0.0
05.12.2025 15:37:22.749,  0.0
05.12.2025 15:37:26.750,  0.0
05.12.2025 15:37:30.749,  0.0
05.12.2025 15:37:34.749,  0.0
05.12.2025 15:37:38.749,  0.0
05.12.2025 15:37:42.749,  0.0
05.12.2025 15:37:46.750,  0.0
05.12.2025 15:37:50.739,  0.0
05.12.2025 15:37:54.749,  0.0
05.12.2025 15:37:58.739,  0.0
05.12.2025 15:38:02.739,  0.0
05.12.2025 15:38:06.749,  0.0
05.12.2025 15:38:10.749,  0.0
05.12.2025 15:38:14.749,  0.0
05.12.2025 15:38:18.749,  0.0
05.12.2025 15:38:22.749,  0.0
05.12.2025 15:38:26.750,  0.0
05.12.2025 15:38:30.739,  0.0
05.12.2025 15:38:34.749,  0.0
05.12.2025 15:38:38.739,  0.0
05.12.2025 15:38:42.739,  0.0
05.12.2025 15:38:46.739,  0.0
05.12.2025 15:38:50.760,  0.0
05.12.2025 15:38:54.760,  0.0
05.12.2025 15:38:58.750,  0.0
05.12.2025 15:39:02.760,  0.0
05.12.2025 15:39:06.760,  0.0
05.12.2025 15:39:10.770,  0.0
05.12.2025 15:39:14.770,  0.0
05.12.2025 15:39:18.770,  0.0
05.12.2025 15:39:22.760,  0.0
05.12.2025 15:39:26.770,  0.0
05.12.2025 15:39:30.760,  0.0
05.12.2025 15:39:34.770,  0.0
05.12.2025 15:39:38.760,  0.0
05.12.2025 15:39:42.760,  0.0
05.12.2025 15:39:46.770,  0.0
05.12.2025 15:39:50.760,  0.0
05.12.2025 15:39:54.770,  0.0
05.12.2025 15:39:58.770,  0.0
05.12.2025 15:40:02.770,  0.0
05.12.2025 15:40:06.770,  0.0
05.12.2025 15:40:10.770,  0.0
05.12.2025 15:40:14.760,  0.0
05.12.2025 15:40:18.770,  0.0
05.12.2025 15:40:22.760,  0.0
05.12.2025 15:40:26.770,  0.0
05.12.2025 15:40:30.760,  0.0
05.12.2025 15:40:34.760,  0.0
05.12.2025 15:40:38.770,  0.0
05.12.2025 15:40:42.770,  0.0
05.12.2025 15:40:46.860,  0.0
05.12.2025 15:40:50.770,  0.0
05.12.2025 15:40:54.770,  0.0
05.12.2025 15:40:58.770,  0.0
05.12.2025 15:41:02.760,  0.0
05.12.2025 15:41:06.780,  0.0
05.12.2025 15:41:10.780,  0.0
05.12.2025 15:41:14.770,  0.0
05.12.2025 15:41:18.780,  0.0
05.12.2025 15:41:22.770,  0.0
05.12.2025 15:41:26.780,  0.0
05.12.2025 15:41:30.780,  0.0
05.12.2025 15:41:34.780,  0.0
05.12.2025 15:41:38.770,  0.0
05.12.2025 15:41:42.770,  0.0
05.12.2025 15:41:46.781,  0.0
05.12.2025 15:41:50.780,  0.0
05.12.2025 15:41:54.770,  0.0
05.12.2025 15:41:58.780,  0.0
05.12.2025 15:42:02.770,  0.0
05.12.2025 15:42:06.780,  0.0
05.12.2025 15:42:10.770,  0.0
05.12.2025 15:42:14.780,  0.0
05.12.2025 15:42:18.780,  0.0
05.12.2025 15:42:22.770,  0.0
05.12.2025 15:42:26.770,  0.0
05.12.2025 15:42:30.770,  0.0
05.12.2025 15:42:34.780,  0.0
05.12.2025 15:42:38.770,  0.0
05.12.2025 15:42:42.780,  0.0
05.12.2025 15:42:46.781,  0.0
05.12.2025 15:42:50.780,  0.0
05.12.2025 15:42:54.781,  0.0
05.12.2025 15:42:58.770,  0.0
05.12.2025 15:43:02.780,  0.0
05.12.2025 15:43:06.780,  0.0
05.12.2025 15:43:10.780,  0.0
05.12.2025 15:43:14.780,  0.0
05.12.2025 15:43:18.770,  0.0
05.12.2025 15:43:22.780,  0.0
05.12.2025 15:43:26.770,  0.0
05.12.2025 15:43:30.780,  0.0
05.12.2025 15:43:34.780,  0.0
05.12.2025 15:43:38.780,  0.0
05.12.2025 15:43:42.780,  0.0
05.12.2025 15:43:46.770,  0.0
05.12.2025 15:43:50.810,  0.0
05.12.2025 15:43:54.810,  0.0
05.12.2025 15:43:58.800,  0.0
05.12.2025 15:44:02.810,  0.0
05.12.2025 15:44:06.810,  0.0
05.12.2025 15:44:10.810,  0.0
05.12.2025 15:44:14.800,  0.0
05.12.2025 15:44:18.810,  0.0
05.12.2025 15:44:22.800,  0.0
05.12.2025 15:44:26.820,  0.0
05.12.2025 15:44:30.810,  0.0
05.12.2025 15:44:34.821,  0.0
05.12.2025 15:44:38.810,  0.0
05.12.2025 15:44:42.820,  0.0
05.12.2025 15:44:46.820,  0.0
05.12.2025 15:44:50.820,  0.0
05.12.2025 15:44:54.820,  0.0
05.12.2025 15:44:58.820,  0.0
05.12.2025 15:45:02.820,  0.0
05.12.2025 15:45:06.810,  0.0
05.12.2025 15:45:10.810,  0.0
05.12.2025 15:45:14.810,  0.0
05.12.2025 15:45:18.820,  0.0
05.12.2025 15:45:22.820,  0.0
05.12.2025 15:45:26.810,  0.0
05.12.2025 15:45:30.820,  0.0
05.12.2025 15:45:34.821,  0.0
05.12.2025 15:45:38.810,  0.0
05.12.2025 15:45:42.820,  0.0
05.12.2025 15:45:46.820,  0.0
05.12.2025 15:45:50.821,  0.0
05.12.2025 15:45:54.820,  0.0
05.12.2025 15:45:58.831,  0.0
05.12.2025 15:46:02.820,  0.0
05.12.2025 15:46:06.830,  0.0
05.12.2025 15:46:10.830,  0.0
05.12.2025 15:46:14.820,  0.0
05.12.2025 15:46:18.830,  0.0
05.12.2025 15:46:22.830,  0.0
05.12.2025 15:46:26.830,  0.0
05.12.2025 15:46:30.830,  0.0
05.12.2025 15:46:34.820,  0.0
05.12.2025 15:46:38.830,  0.0
05.12.2025 15:46:42.830,  0.0
05.12.2025 15:46:46.830,  0.0
05.12.2025 15:46:50.830,  0.0
05.12.2025 15:46:54.820,  0.0
05.12.2025 15:46:58.820,  0.0
05.12.2025 15:47:02.831,  0.0
05.12.2025 15:47:06.830,  0.0
05.12.2025 15:47:10.830,  0.0
05.12.2025 15:47:14.830,  0.0
05.12.2025 15:47:18.830,  0.0
05.12.2025 15:47:24.830,  0.5
05.12.2025 15:47:28.820,  0.5
05.12.2025 15:47:32.830,  0.4
05.12.2025 15:47:36.830,  0.5
05.12.2025 15:47:40.820,  0.4
05.12.2025 15:47:44.830,  0.3
05.12.2025 15:47:48.831,  0.3
05.12.2025 15:47:52.830,  0.3
05.12.2025 15:47:56.830,  0.2
05.12.2025 15:48:00.830,  0.2
05.12.2025 15:48:04.830,  0.2
05.12.2025 15:48:08.831,  0.2
05.12.2025 15:48:12.830,  0.2
05.12.2025 15:48:16.830,  0.3
05.12.2025 15:48:20.830,  0.3
05.12.2025 15:48:24.830,  0.3
05.12.2025 15:48:28.840,  0.3
05.12.2025 15:48:32.830,  0.3
05.12.2025 15:48:36.840,  0.3
05.12.2025 15:48:40.840,  0.3
05.12.2025 15:48:44.840,  0.3
05.12.2025 15:48:48.853,  0.3
05.12.2025 15:48:52.863,  0.3
05.12.2025 15:48:56.853,  0.3
05.12.2025 15:49:00.853,  0.3
05.12.2025 15:49:04.863,  0.3
05.12.2025 15:49:08.863,  0.3
05.12.2025 15:49:12.863,  0.3
05.12.2025 15:49:16.873,  0.3
05.12.2025 15:49:20.863,  0.3
05.12.2025 15:49:24.873,  0.3
05.12.2025 15:49:28.863,  0.3
05.12.2025 15:49:32.873,  0.3
05.12.2025 15:49:36.874,  0.3
05.12.2025 15:49:40.863,  0.3
05.12.2025 15:49:44.873,  0.3
05.12.2025 15:49:48.873,  0.3
05.12.2025 15:49:52.863,  0.3
05.12.2025 15:49:56.883,  0.4
05.12.2025 15:50:00.883,  0.3
05.12.2025 15:50:04.873,  0.3
05.12.2025 15:50:08.884,  0.3
05.12.2025 15:50:12.883,  0.3
05.12.2025 15:50:16.873,  0.3
05.12.2025 15:50:20.883,  0.3
05.12.2025 15:50:24.883,  0.4
05.12.2025 15:50:28.893,  0.3
05.12.2025 15:50:32.883,  0.3
05.12.2025 15:50:36.893,  0.3
05.12.2025 15:50:40.883,  0.4
05.12.2025 15:50:44.903,  0.4
05.12.2025 15:50:48.924,  0.3
05.12.2025 15:50:52.913,  0.4
05.12.2025 15:50:56.913,  0.3
05.12.2025 15:51:00.923,  0.3
05.12.2025 15:51:04.923,  0.3
05.12.2025 15:51:08.923,  0.3
05.12.2025 15:51:12.923,  0.3
05.12.2025 15:51:16.923,  0.3
05.12.2025 15:51:20.923,  0.3
05.12.2025 15:51:24.913,  0.3
05.12.2025 15:51:28.923,  0.3
05.12.2025 15:51:32.924,  0.3
05.12.2025 15:51:36.913,  0.3
05.12.2025 15:51:40.923,  0.3
05.12.2025 15:51:44.923,  0.3
05.12.2025 15:51:48.923,  0.3
05.12.2025 15:51:52.913,  0.3
05.12.2025 15:51:56.923,  0.3
05.12.2025 15:52:00.923,  0.3
05.12.2025 15:52:04.913,  0.4
05.12.2025 15:52:08.923,  0.3
05.12.2025 15:52:12.913,  0.3
05.12.2025 15:52:16.923,  0.4
05.12.2025 15:52:20.923,  0.3
05.12.2025 15:52:24.923,  0.4
05.12.2025 15:52:28.923,  0.4
05.12.2025 15:52:32.923,  0.3
05.12.2025 15:52:36.913,  0.3
05.12.2025 15:52:40.913,  0.3
05.12.2025 15:52:44.913,  0.3
05.12.2025 15:52:48.913,  0.3
05.12.2025 15:52:52.923,  0.3
05.12.2025 15:52:56.913,  0.3
05.12.2025 15:53:00.923,  0.3
05.12.2025 15:53:04.924,  0.3
05.12.2025 15:53:08.923,  0.3
05.12.2025 15:53:12.933,  0.3
05.12.2025 15:53:16.933,  0.4
05.12.2025 15:53:20.933,  0.3
05.12.2025 15:53:24.934,  0.3
05.12.2025 15:53:28.923,  0.3
05.12.2025 15:53:32.933,  0.3
05.12.2025 15:53:36.923,  0.3
05.12.2025 15:53:40.933,  0.3
05.12.2025 15:53:44.933,  0.3
05.12.2025 15:53:48.934,  0.3
05.12.2025 15:53:52.944,  0.3
05.12.2025 15:53:56.934,  0.3
05.12.2025 15:54:00.944,  0.3
05.12.2025 15:54:04.944,  0.3
05.12.2025 15:54:08.934,  0.4
05.12.2025 15:54:12.944,  0.3
05.12.2025 15:54:16.934,  0.3
05.12.2025 15:54:20.934,  0.3
05.12.2025 15:54:24.934,  0.3
05.12.2025 15:54:28.944,  0.3
05.12.2025 15:54:32.944,  0.3
05.12.2025 15:54:36.934,  0.3
05.12.2025 15:54:40.944,  0.3
05.12.2025 15:54:44.934,  0.3
05.12.2025 15:54:48.944,  0.4
05.12.2025 15:54:52.934,  0.3
05.12.2025 15:54:56.944,  0.3
05.12.2025 15:55:00.944,  0.3
05.12.2025 15:55:04.954,  0.3
05.12.2025 15:55:08.954,  0.3
05.12.2025 15:55:12.944,  0.3
05.12.2025 15:55:16.944,  0.3
05.12.2025 15:55:20.954,  0.3
05.12.2025 15:55:24.954,  0.3
05.12.2025 15:55:28.954,  0.3
05.12.2025 15:55:32.944,  0.3
05.12.2025 15:55:36.954,  0.3
05.12.2025 15:55:40.944,  0.3
05.12.2025 15:55:44.954,  0.3
05.12.2025 15:55:48.944,  0.3
05.12.2025 15:55:52.954,  0.3
05.12.2025 15:55:56.955,  0.3
05.12.2025 15:56:00.944,  0.3
05.12.2025 15:56:04.954,  0.4
05.12.2025 15:56:08.954,  0.3
05.12.2025 15:56:12.964,  0.3
05.12.2025 15:56:16.954,  0.4
05.12.2025 15:56:20.964,  0.3
05.12.2025 15:56:24.964,  0.3
05.12.2025 15:56:28.954,  0.3
05.12.2025 15:56:32.964,  0.3
05.12.2025 15:56:36.974,  0.3
05.12.2025 15:56:40.964,  0.3
05.12.2025 15:56:44.975,  0.4
05.12.2025 15:56:48.964,  0.3
05.12.2025 15:56:52.974,  0.3
05.12.2025 15:56:56.974,  0.3
05.12.2025 15:57:00.974,  0.3
05.12.2025 15:57:04.964,  0.3
05.12.2025 15:57:08.964,  0.3
05.12.2025 15:57:12.974,  0.3
05.12.2025 15:57:16.964,  0.3
05.12.2025 15:57:20.974,  0.3
05.12.2025 15:57:24.975,  0.3
05.12.2025 15:57:28.974,  0.4
05.12.2025 15:57:33.064,  0.3
05.12.2025 15:57:36.964,  0.3
05.12.2025 15:57:40.974,  0.3
05.12.2025 15:57:44.974,  0.3
05.12.2025 15:57:48.974,  0.3
05.12.2025 15:57:52.974,  0.4
05.12.2025 15:57:56.964,  0.3
05.12.2025 15:58:00.974,  0.3
05.12.2025 15:58:04.974,  0.3
05.12.2025 15:58:08.964,  0.3
05.12.2025 15:58:12.974,  0.3
05.12.2025 15:58:16.964,  0.3
05.12.2025 15:58:20.974,  0.3
05.12.2025 15:58:24.964,  0.3
05.12.2025 15:58:28.974,  0.3
05.12.2025 15:58:32.974,  0.4
05.12.2025 15:58:36.974,  0.3
05.12.2025 15:58:40.974,  0.3
05.12.2025 15:58:44.964,  0.3
05.12.2025 15:58:48.977,  0.3
05.12.2025 15:58:52.977,  0.0
05.12.2025 15:58:56.977,  0.0
05.12.2025 15:59:00.977,  0.0
05.12.2025 15:59:04.977,  0.0
05.12.2025 15:59:08.977,  0.0
05.12.2025 15:59:12.987,  0.0
05.12.2025 15:59:16.987,  0.0
05.12.2025 15:59:20.977,  0.0
05.12.2025 15:59:24.987,  0.0
05.12.2025 15:59:28.977,  0.0
05.12.2025 15:59:32.978,  0.0
05.12.2025 15:59:36.987,  0.0
05.12.2025 15:59:40.997,  0.0
05.12.2025 15:59:44.987,  0.0
05.12.2025 15:59:48.987,  0.0
05.12.2025 15:59:52.987,  0.0
05.12.2025 15:59:56.997,  0.0
05.12.2025 16:00:00.987,  0.0
05.12.2025 16:00:04.997,  0.0
05.12.2025 16:00:08.997,  0.0
05.12.2025 16:00:12.987,  0.0
05.12.2025 16:00:16.997,  0.0
05.12.2025 16:00:20.997,  0.0
05.12.2025 16:00:24.998,  0.0
05.12.2025 16:00:28.987,  0.0
05.12.2025 16:00:32.987,  0.0
05.12.2025 16:00:36.997,  0.0
05.12.2025 16:00:40.997,  0.0
05.12.2025 16:00:44.987,  0.0
05.12.2025 16:00:48.997,  0.0
05.12.2025 16:00:52.997,  0.0
05.12.2025 16:00:56.997,  0.0
05.12.2025 16:01:00.997,  0.0
05.12.2025 16:01:04.997,  0.0
05.12.2025 16:01:08.997,  0.0
05.12.2025 16:01:12.987,  0.0
05.12.2025 16:01:16.997,  0.0
05.12.2025 16:01:20.998,  0.0
05.12.2025 16:01:24.987,  0.0
05.12.2025 16:01:28.997,  0.0
05.12.2025 16:01:32.997,  0.0
05.12.2025 16:01:36.987,  0.0
05.12.2025 16:01:40.997,  0.0
05.12.2025 16:01:44.987,  0.0
05.12.2025 16:01:48.998,  0.0
05.12.2025 16:01:52.997,  0.0
05.12.2025 16:01:56.997,  0.0
05.12.2025 16:02:00.997,  0.0
05.12.2025 16:02:04.987,  0.0
05.12.2025 16:02:08.997,  0.0
05.12.2025 16:02:12.997,  0.0
05.12.2025 16:02:16.987,  0.0
05.12.2025 16:02:20.997,  0.0
05.12.2025 16:02:24.997,  0.0
05.12.2025 16:02:28.997,  0.0
05.12.2025 16:02:32.997,  0.0
05.12.2025 16:02:36.997,  0.0
05.12.2025 16:02:40.997,  0.0
05.12.2025 16:02:44.997,  0.0
05.12.2025 16:02:48.987,  0.0
05.12.2025 16:02:52.997,  0.0
05.12.2025 16:02:56.987,  0.0
05.12.2025 16:03:00.997,  0.0
05.12.2025 16:03:04.997,  0.0
05.12.2025 16:03:08.997,  0.0
05.12.2025 16:03:12.987,  0.0
05.12.2025 16:03:16.997,  0.0
05.12.2025 16:03:21.007,  0.0
05.12.2025 16:03:24.997,  0.0
05.12.2025 16:03:28.997,  0.0
05.12.2025 16:03:33.007,  0.0
05.12.2025 16:03:37.008,  0.0
05.12.2025 16:03:41.007,  0.0
05.12.2025 16:03:44.997,  0.0
05.12.2025 16:03:49.019,  0.0
05.12.2025 16:03:53.009,  0.0
05.12.2025 16:03:57.019,  0.0
05.12.2025 16:04:01.019,  0.0
05.12.2025 16:04:05.019,  0.0
05.12.2025 16:04:09.009,  0.0
05.12.2025 16:04:13.029,  0.0
05.12.2025 16:04:17.029,  0.0
05.12.2025 16:04:21.039,  0.0
05.12.2025 16:04:25.029,  0.0
05.12.2025 16:04:29.049,  0.0
05.12.2025 16:04:33.039,  0.0
05.12.2025 16:04:37.060,  0.0
05.12.2025 16:04:41.049,  0.0
05.12.2025 16:04:45.069,  0.0
05.12.2025 16:04:49.059,  0.0
05.12.2025 16:04:53.069,  0.0
05.12.2025 16:04:57.079,  0.0
05.12.2025 16:05:01.089,  0.0
05.12.2025 16:05:05.079,  0.0
05.12.2025 16:05:09.089,  0.0
05.12.2025 16:05:13.090,  0.0
05.12.2025 16:05:17.089,  0.0
05.12.2025 16:05:21.089,  0.0
05.12.2025 16:05:25.089,  0.0
05.12.2025 16:05:29.079,  0.0
05.12.2025 16:05:33.089,  0.0
05.12.2025 16:05:37.089,  0.0
05.12.2025 16:05:41.079,  0.0
05.12.2025 16:05:45.089,  0.0
05.12.2025 16:05:49.089,  0.0
05.12.2025 16:05:53.089,  0.0
05.12.2025 16:05:57.099,  0.0
05.12.2025 16:06:01.089,  0.0
05.12.2025 16:06:05.099,  0.0
05.12.2025 16:06:09.089,  0.0
05.12.2025 16:06:13.099,  0.0
05.12.2025 16:06:17.099,  0.0
05.12.2025 16:06:21.100,  0.0
05.12.2025 16:06:25.099,  0.0
05.12.2025 16:06:29.099,  0.0
05.12.2025 16:06:33.089,  0.0
05.12.2025 16:06:37.099,  0.0
05.12.2025 16:06:41.099,  0.0
05.12.2025 16:06:45.089,  0.0
05.12.2025 16:06:49.089,  0.0
05.12.2025 16:06:53.099,  0.0
05.12.2025 16:06:57.089,  0.0
05.12.2025 16:07:01.099,  0.0
05.12.2025 16:07:05.100,  0.0
05.12.2025 16:07:09.099,  0.0
05.12.2025 16:07:13.099,  0.0
05.12.2025 16:07:17.089,  0.0
05.12.2025 16:07:21.099,  0.0
05.12.2025 16:07:25.089,  0.0
05.12.2025 16:07:30.089,  0.0
05.12.2025 16:07:34.100,  1.1
05.12.2025 16:07:38.099,  0.7
05.12.2025 16:07:42.089,  0.7
05.12.2025 16:07:46.089,  0.7
05.12.2025 16:07:50.109,  0.8
05.12.2025 16:07:54.109,  0.8
05.12.2025 16:07:58.109,  0.8
05.12.2025 16:08:02.110,  0.8
05.12.2025 16:08:06.099,  0.8
05.12.2025 16:08:10.099,  0.8
05.12.2025 16:08:14.109,  0.8
05.12.2025 16:08:18.099,  0.8
05.12.2025 16:08:22.110,  0.8
05.12.2025 16:08:26.099,  0.8
05.12.2025 16:08:30.109,  0.8
05.12.2025 16:08:34.099,  0.8
05.12.2025 16:08:38.109,  0.8
05.12.2025 16:08:42.109,  0.8
05.12.2025 16:08:46.099,  0.8
05.12.2025 16:08:50.128,  0.9
05.12.2025 16:08:54.118,  0.8
05.12.2025 16:08:58.128,  0.8
05.12.2025 16:09:02.128,  0.8
05.12.2025 16:09:06.118,  0.8
05.12.2025 16:09:10.128,  0.8
05.12.2025 16:09:14.128,  0.8
05.12.2025 16:09:18.128,  0.8
05.12.2025 16:09:22.118,  0.9
05.12.2025 16:09:26.128,  0.8
05.12.2025 16:09:30.128,  0.8
05.12.2025 16:09:34.118,  0.8
05.12.2025 16:09:38.128,  0.8
05.12.2025 16:09:42.138,  0.8
05.12.2025 16:09:46.138,  0.9
05.12.2025 16:09:50.128,  0.8
05.12.2025 16:09:54.128,  0.8
05.12.2025 16:09:58.138,  0.8
05.12.2025 16:10:02.128,  0.8
05.12.2025 16:10:06.138,  0.8
05.12.2025 16:10:10.139,  0.8
05.12.2025 16:10:14.128,  0.8
05.12.2025 16:10:18.128,  0.8
05.12.2025 16:10:22.139,  0.8
05.12.2025 16:10:26.138,  0.8
05.12.2025 16:10:30.138,  0.8
05.12.2025 16:10:34.128,  0.8
05.12.2025 16:10:38.138,  0.9
05.12.2025 16:10:42.128,  0.8
05.12.2025 16:10:46.138,  0.8
05.12.2025 16:10:50.138,  0.8
05.12.2025 16:10:54.128,  0.8
05.12.2025 16:10:58.138,  0.8
05.12.2025 16:11:02.148,  0.8
05.12.2025 16:11:06.148,  0.8
05.12.2025 16:11:10.158,  0.8
05.12.2025 16:11:14.158,  0.8
05.12.2025 16:11:18.158,  0.9
05.12.2025 16:11:22.168,  0.8
05.12.2025 16:11:26.158,  0.8
05.12.2025 16:11:30.168,  0.8
05.12.2025 16:11:34.158,  0.8
05.12.2025 16:11:38.168,  0.8
05.12.2025 16:11:42.180,  0.9
05.12.2025 16:11:46.158,  0.8
05.12.2025 16:11:50.168,  0.8
05.12.2025 16:11:54.158,  0.9
05.12.2025 16:11:58.178,  0.9
05.12.2025 16:12:02.178,  0.8
05.12.2025 16:12:06.168,  0.8
05.12.2025 16:12:10.178,  0.8
05.12.2025 16:12:14.178,  0.8
05.12.2025 16:12:18.178,  0.8
05.12.2025 16:12:22.168,  0.8
05.12.2025 16:12:26.178,  0.8
05.12.2025 16:12:30.178,  0.8
05.12.2025 16:12:34.179,  0.8
05.12.2025 16:12:38.179,  0.8
05.12.2025 16:12:42.178,  0.8
05.12.2025 16:12:46.178,  0.0
05.12.2025 16:12:50.178,  0.0
05.12.2025 16:12:54.178,  0.0
05.12.2025 16:12:58.168,  0.0
05.12.2025 16:13:02.178,  0.0
05.12.2025 16:13:06.178,  0.0
05.12.2025 16:13:10.168,  0.0
05.12.2025 16:13:14.178,  0.0
05.12.2025 16:13:18.178,  0.0
05.12.2025 16:13:22.168,  0.0
05.12.2025 16:13:26.178,  0.0
05.12.2025 16:13:30.168,  0.0
05.12.2025 16:13:34.178,  0.0
05.12.2025 16:13:38.168,  0.0
05.12.2025 16:13:42.178,  0.0
05.12.2025 16:13:46.168,  0.0
05.12.2025 16:13:50.184,  0.0
05.12.2025 16:13:54.184,  0.0
05.12.2025 16:13:58.184,  0.0
05.12.2025 16:14:02.205,  0.0
05.12.2025 16:14:06.224,  0.0
05.12.2025 16:14:10.225,  0.0
05.12.2025 16:14:14.234,  0.0
05.12.2025 16:14:18.245,  0.0
05.12.2025 16:14:22.254,  0.0
05.12.2025 16:14:26.255,  0.0
05.12.2025 16:14:30.254,  0.0
05.12.2025 16:14:34.254,  0.0
05.12.2025 16:14:38.244,  0.0
05.12.2025 16:14:42.264,  0.0
05.12.2025 16:14:46.254,  0.0
05.12.2025 16:14:50.264,  0.0
05.12.2025 16:14:54.254,  0.0
05.12.2025 16:14:58.274,  0.0
05.12.2025 16:15:02.274,  0.0
05.12.2025 16:15:06.274,  0.0
05.12.2025 16:15:10.274,  0.0
05.12.2025 16:15:14.275,  0.0
05.12.2025 16:15:18.264,  0.0
05.12.2025 16:15:22.274,  0.0
05.12.2025 16:15:26.264,  0.0
05.12.2025 16:15:30.274,  0.0
05.12.2025 16:15:34.264,  0.0
05.12.2025 16:15:38.274,  0.0
05.12.2025 16:15:42.275,  0.0
05.12.2025 16:15:46.274,  0.0
05.12.2025 16:15:50.274,  0.0
05.12.2025 16:15:54.284,  0.0
05.12.2025 16:15:58.296,  0.0
05.12.2025 16:16:02.284,  0.0
05.12.2025 16:16:06.274,  0.0
05.12.2025 16:16:10.284,  0.0
05.12.2025 16:16:14.274,  0.0
05.12.2025 16:16:18.274,  0.0
05.12.2025 16:16:22.285,  0.0
05.12.2025 16:16:26.274,  0.0
05.12.2025 16:16:30.284,  0.0
05.12.2025 16:16:34.284,  0.0
05.12.2025 16:16:38.284,  0.0
05.12.2025 16:16:42.284,  0.0
05.12.2025 16:16:46.274,  0.0
05.12.2025 16:16:50.284,  0.0
05.12.2025 16:16:54.284,  0.0
05.12.2025 16:16:58.274,  0.0
05.12.2025 16:17:02.284,  0.0
05.12.2025 16:17:06.284,  0.0
05.12.2025 16:17:10.284,  0.0
05.12.2025 16:17:14.284,  0.0
05.12.2025 16:17:18.274,  0.0
05.12.2025 16:17:22.274,  0.0
05.12.2025 16:17:26.284,  0.0
05.12.2025 16:17:30.284,  0.0
05.12.2025 16:17:34.285,  0.0
05.12.2025 16:17:38.284,  0.0
05.12.2025 16:17:42.274,  0.0
05.12.2025 16:17:46.284,  0.0
05.12.2025 16:17:50.284,  0.0
05.12.2025 16:17:54.274,  0.0
05.12.2025 16:17:58.284,  0.0
05.12.2025 16:18:02.284,  0.0
05.12.2025 16:18:06.284,  0.0
05.12.2025 16:18:10.274,  0.0
05.12.2025 16:18:14.274,  0.0
05.12.2025 16:18:18.284,  0.0
05.12.2025 16:18:22.284,  0.0
05.12.2025 16:18:26.284,  0.0
05.12.2025 16:18:30.284,  0.0
05.12.2025 16:18:34.274,  0.0
05.12.2025 16:18:38.284,  0.0
05.12.2025 16:18:42.284,  0.0
05.12.2025 16:18:46.284,  0.0
05.12.2025 16:18:50.288,  0.0
05.12.2025 16:18:54.288,  0.0
05.12.2025 16:18:58.298,  0.0
05.12.2025 16:19:02.288,  0.0
05.12.2025 16:19:06.298,  0.0
05.12.2025 16:19:10.298,  0.0
05.12.2025 16:19:14.298,  0.0
05.12.2025 16:19:18.298,  0.0
05.12.2025 16:19:22.298,  0.0
05.12.2025 16:19:26.288,  0.0
05.12.2025 16:19:30.288,  0.0
05.12.2025 16:19:34.298,  0.0
05.12.2025 16:19:38.298,  0.0
05.12.2025 16:19:42.299,  0.0
05.12.2025 16:19:46.288,  0.0
05.12.2025 16:19:50.298,  0.0
05.12.2025 16:19:54.288,  0.0
05.12.2025 16:19:58.298,  0.0
05.12.2025 16:20:02.298,  0.0
05.12.2025 16:20:06.298,  0.0
05.12.2025 16:20:10.288,  0.0
05.12.2025 16:20:14.288,  0.0
05.12.2025 16:20:18.308,  0.0
05.12.2025 16:20:22.309,  0.0
05.12.2025 16:20:26.298,  0.0
05.12.2025 16:20:30.298,  0.0
05.12.2025 16:20:34.308,  0.0
05.12.2025 16:20:38.298,  0.0
05.12.2025 16:20:42.308,  0.0
05.12.2025 16:20:46.298,  0.0
05.12.2025 16:20:50.308,  0.0
05.12.2025 16:20:54.308,  0.0
05.12.2025 16:20:58.298,  0.0
05.12.2025 16:21:02.308,  0.0
05.12.2025 16:21:06.309,  0.0
05.12.2025 16:21:10.308,  0.0
05.12.2025 16:21:14.308,  0.0
05.12.2025 16:21:18.308,  0.0
05.12.2025 16:21:22.298,  0.0
05.12.2025 16:21:26.298,  0.0
05.12.2025 16:21:30.308,  0.0
05.12.2025 16:21:34.308,  0.0
05.12.2025 16:21:38.298,  0.0
05.12.2025 16:21:42.308,  0.0
05.12.2025 16:21:46.318,  0.0
05.12.2025 16:21:50.318,  0.0
05.12.2025 16:21:54.318,  0.0
05.12.2025 16:21:58.319,  0.0
05.12.2025 16:22:02.328,  0.0
05.12.2025 16:22:06.328,  0.0
05.12.2025 16:22:10.318,  0.0
05.12.2025 16:22:14.328,  0.0
05.12.2025 16:22:18.318,  0.0
05.12.2025 16:22:22.318,  0.0
05.12.2025 16:22:26.328,  0.0
05.12.2025 16:22:30.318,  0.0
05.12.2025 16:22:34.329,  0.0
05.12.2025 16:22:38.318,  0.0
05.12.2025 16:22:42.318,  0.0
05.12.2025 16:22:46.318,  0.0
05.12.2025 16:22:50.328,  0.0
05.12.2025 16:22:54.318,  0.0
05.12.2025 16:22:58.318,  0.0
05.12.2025 16:23:02.328,  0.0
05.12.2025 16:23:06.318,  0.0
05.12.2025 16:23:10.328,  0.0
05.12.2025 16:23:14.328,  0.0
05.12.2025 16:23:18.318,  0.0
05.12.2025 16:23:22.329,  0.0
05.12.2025 16:23:26.328,  0.0
05.12.2025 16:23:30.318,  0.0
05.12.2025 16:23:34.318,  0.0
05.12.2025 16:23:38.328,  0.0
05.12.2025 16:23:42.328,  0.0
05.12.2025 16:23:46.328,  0.0
05.12.2025 16:23:50.341,  0.0
05.12.2025 16:23:54.342,  0.0
05.12.2025 16:23:58.331,  0.0
05.12.2025 16:24:02.342,  0.0
05.12.2025 16:24:06.341,  0.0
05.12.2025 16:24:10.341,  0.0
05.12.2025 16:24:14.331,  0.0
05.12.2025 16:24:18.341,  0.0
05.12.2025 16:24:22.342,  0.0
05.12.2025 16:24:26.331,  0.0
05.12.2025 16:24:30.331,  0.0
05.12.2025 16:24:34.331,  0.0
05.12.2025 16:24:38.341,  0.0
05.12.2025 16:24:42.341,  0.0
05.12.2025 16:24:46.331,  0.0
05.12.2025 16:24:50.331,  0.0
05.12.2025 16:24:54.341,  0.0
05.12.2025 16:24:58.341,  0.0
05.12.2025 16:25:02.341,  0.0
05.12.2025 16:25:06.331,  0.0
05.12.2025 16:25:10.341,  0.0
05.12.2025 16:25:14.342,  0.0
05.12.2025 16:25:18.331,  0.0
05.12.2025 16:25:22.341,  0.0
05.12.2025 16:25:26.331,  0.0
05.12.2025 16:25:30.341,  0.0
05.12.2025 16:25:34.341,  0.0
05.12.2025 16:25:38.341,  0.0
05.12.2025 16:25:42.351,  0.0
05.12.2025 16:25:46.352,  0.0
05.12.2025 16:25:50.351,  0.0
05.12.2025 16:25:54.352,  0.0
05.12.2025 16:25:58.441,  0.0
05.12.2025 16:26:02.351,  0.0
05.12.2025 16:26:06.351,  0.0
05.12.2025 16:26:10.362,  0.0
05.12.2025 16:26:14.351,  0.0
05.12.2025 16:26:18.351,  0.0
05.12.2025 16:26:22.351,  0.0
05.12.2025 16:26:26.361,  0.0
05.12.2025 16:26:30.361,  0.0
05.12.2025 16:26:34.361,  0.0
05.12.2025 16:26:38.362,  0.0
05.12.2025 16:26:42.361,  1.1
05.12.2025 16:26:46.351,  0.8
05.12.2025 16:26:50.361,  0.8
05.12.2025 16:26:54.351,  0.9
05.12.2025 16:26:58.361,  0.9
05.12.2025 16:27:02.362,  0.9
05.12.2025 16:27:06.361,  0.9
05.12.2025 16:27:10.361,  0.9
05.12.2025 16:27:14.351,  0.9
05.12.2025 16:27:18.361,  0.9
05.12.2025 16:27:22.351,  0.9
05.12.2025 16:27:26.361,  0.9
05.12.2025 16:27:30.351,  0.9
05.12.2025 16:27:34.361,  0.9
05.12.2025 16:27:38.352,  0.9
05.12.2025 16:27:42.381,  0.9
05.12.2025 16:27:46.371,  0.9
05.12.2025 16:27:50.381,  0.9
05.12.2025 16:27:54.371,  0.9
05.12.2025 16:27:58.371,  0.9
05.12.2025 16:28:02.381,  0.9
05.12.2025 16:28:06.381,  0.9
05.12.2025 16:28:10.391,  0.9
05.12.2025 16:28:14.391,  0.9
05.12.2025 16:28:18.381,  0.9
05.12.2025 16:28:22.391,  0.9
05.12.2025 16:28:26.391,  0.9
05.12.2025 16:28:30.381,  0.9
05.12.2025 16:28:34.391,  0.9
05.12.2025 16:28:38.381,  0.9
05.12.2025 16:28:42.381,  0.9
05.12.2025 16:28:46.391,  0.9
05.12.2025 16:28:50.393,  0.9
05.12.2025 16:28:54.403,  0.9
05.12.2025 16:28:58.404,  0.9
05.12.2025 16:29:02.403,  0.9
05.12.2025 16:29:06.393,  0.9
05.12.2025 16:29:10.404,  0.9
05.12.2025 16:29:14.403,  0.9
05.12.2025 16:29:18.393,  0.9
05.12.2025 16:29:22.403,  0.9
05.12.2025 16:29:26.393,  0.9
05.12.2025 16:29:30.403,  0.9
05.12.2025 16:29:34.403,  0.9
05.12.2025 16:29:38.393,  0.9
05.12.2025 16:29:42.403,  0.9
05.12.2025 16:29:46.393,  0.9
05.12.2025 16:29:50.403,  0.9
05.12.2025 16:29:54.403,  0.8
05.12.2025 16:29:58.393,  0.7
05.12.2025 16:30:02.403,  0.6
05.12.2025 16:30:06.403,  0.5
05.12.2025 16:30:10.393,  0.5
05.12.2025 16:30:14.393,  0.4
05.12.2025 16:30:18.403,  0.5
05.12.2025 16:30:22.393,  0.5
05.12.2025 16:30:26.393,  0.9
05.12.2025 16:30:30.403,  1.0
05.12.2025 16:30:34.393,  0.7
05.12.2025 16:30:38.393,  0.3
05.12.2025 16:30:42.393,  0.1
05.12.2025 16:30:46.393,  0.1
05.12.2025 16:30:50.393,  0.0
05.12.2025 16:30:54.403,  0.0
05.12.2025 16:30:58.403,  0.0
05.12.2025 16:31:02.403,  0.0
05.12.2025 16:31:06.403,  0.0
05.12.2025 16:31:10.393,  0.0
05.12.2025 16:31:14.403,  0.0
05.12.2025 16:31:18.393,  0.0
05.12.2025 16:31:22.403,  0.0
05.12.2025 16:31:26.413,  0.0
05.12.2025 16:31:30.403,  0.0
05.12.2025 16:31:34.413,  0.0
05.12.2025 16:31:38.403,  0.0
05.12.2025 16:31:42.413,  0.0
05.12.2025 16:31:46.413,  0.0
05.12.2025 16:31:50.413,  0.0
05.12.2025 16:31:54.403,  0.0
05.12.2025 16:31:58.413,  0.0
05.12.2025 16:32:02.403,  0.0
05.12.2025 16:32:06.403,  0.0
05.12.2025 16:32:10.413,  0.0
05.12.2025 16:32:14.413,  0.0
05.12.2025 16:32:18.403,  0.0
05.12.2025 16:32:22.413,  0.0
05.12.2025 16:32:26.403,  0.0
05.12.2025 16:32:30.413,  0.0
05.12.2025 16:32:34.403,  0.0
05.12.2025 16:32:38.403,  0.0
05.12.2025 16:32:42.413,  0.0
05.12.2025 16:32:46.413,  0.0
05.12.2025 16:32:50.413,  0.0
05.12.2025 16:32:54.403,  0.0
05.12.2025 16:32:58.403,  0.0
05.12.2025 16:33:02.413,  0.2
05.12.2025 16:33:06.403,  0.3
05.12.2025 16:33:10.413,  0.3
05.12.2025 16:33:14.413,  0.4
05.12.2025 16:33:18.413,  0.4
05.12.2025 16:33:22.413,  0.6
05.12.2025 16:33:26.403,  0.7
05.12.2025 16:33:30.413,  0.8
05.12.2025 16:33:34.413,  0.9
05.12.2025 16:33:38.413,  0.9
05.12.2025 16:33:42.414,  0.9
05.12.2025 16:33:46.513,  0.9
05.12.2025 16:33:50.429,  0.9
05.12.2025 16:33:54.440,  0.0
05.12.2025 16:33:58.439,  0.0
05.12.2025 16:34:02.429,  0.0
05.12.2025 16:34:06.439,  0.0
05.12.2025 16:34:10.429,  0.0
05.12.2025 16:34:14.429,  0.0
05.12.2025 16:34:18.429,  0.0
05.12.2025 16:34:22.439,  0.0
05.12.2025 16:34:26.439,  0.0
05.12.2025 16:34:30.439,  0.0
05.12.2025 16:34:34.439,  0.0
05.12.2025 16:34:38.429,  0.0
05.12.2025 16:34:42.439,  0.0
05.12.2025 16:34:46.439,  0.0
05.12.2025 16:34:50.429,  0.0
05.12.2025 16:34:54.429,  0.0
05.12.2025 16:34:58.439,  0.0
05.12.2025 16:35:02.439,  0.0
05.12.2025 16:35:06.439,  0.0
05.12.2025 16:35:10.429,  0.0
05.12.2025 16:35:14.439,  0.0
05.12.2025 16:35:18.440,  0.0
05.12.2025 16:35:22.429,  0.0
05.12.2025 16:35:26.449,  0.0
05.12.2025 16:35:30.439,  0.0
05.12.2025 16:35:34.459,  0.0
05.12.2025 16:35:38.459,  0.0
05.12.2025 16:35:42.460,  0.0
05.12.2025 16:35:46.460,  0.0
05.12.2025 16:35:50.459,  0.0
05.12.2025 16:35:54.460,  0.0
05.12.2025 16:35:58.449,  0.0
05.12.2025 16:36:02.459,  0.0
05.12.2025 16:36:06.449,  0.0
05.12.2025 16:36:10.460,  0.0
05.12.2025 16:36:14.449,  0.0
05.12.2025 16:36:18.449,  0.0
05.12.2025 16:36:22.459,  0.0
05.12.2025 16:36:26.449,  0.0
05.12.2025 16:36:30.449,  0.0
05.12.2025 16:36:34.459,  0.0
05.12.2025 16:36:38.449,  0.0
05.12.2025 16:36:42.459,  0.0
05.12.2025 16:36:46.449,  0.0
05.12.2025 16:36:50.459,  0.0
05.12.2025 16:36:54.469,  0.0
05.12.2025 16:36:58.459,  0.0
05.12.2025 16:37:02.459,  0.0
05.12.2025 16:37:06.469,  0.0
05.12.2025 16:37:10.470,  0.0
05.12.2025 16:37:14.469,  0.0
05.12.2025 16:37:18.469,  0.0
05.12.2025 16:37:22.459,  0.0
05.12.2025 16:37:26.469,  0.0
05.12.2025 16:37:30.469,  0.0
05.12.2025 16:37:34.459,  0.0
05.12.2025 16:37:38.469,  0.0
05.12.2025 16:37:42.469,  0.0
05.12.2025 16:37:46.469,  0.0
05.12.2025 16:37:50.459,  0.0
05.12.2025 16:37:54.469,  0.0
05.12.2025 16:37:58.470,  0.0
05.12.2025 16:38:02.469,  0.0
05.12.2025 16:38:06.469,  0.0
05.12.2025 16:38:10.459,  0.0
05.12.2025 16:38:14.469,  0.0
05.12.2025 16:38:18.459,  0.0
05.12.2025 16:38:22.480,  0.0
05.12.2025 16:38:26.479,  0.0
05.12.2025 16:38:30.479,  0.0
05.12.2025 16:38:34.469,  0.0
05.12.2025 16:38:38.469,  0.0
05.12.2025 16:38:42.479,  0.0
05.12.2025 16:38:46.479,  0.0
05.12.2025 16:38:50.498,  0.0
05.12.2025 16:38:54.498,  0.0
05.12.2025 16:38:58.488,  0.0
05.12.2025 16:39:02.498,  0.0
05.12.2025 16:39:06.488,  0.0
05.12.2025 16:39:10.498,  0.0
05.12.2025 16:39:14.488,  0.0
05.12.2025 16:39:18.498,  0.0
05.12.2025 16:39:22.498,  0.0
05.12.2025 16:39:26.488,  0.0
05.12.2025 16:39:30.498,  0.0
05.12.2025 16:39:34.498,  0.0
05.12.2025 16:39:38.498,  0.0
05.12.2025 16:39:42.488,  0.0
05.12.2025 16:39:46.498,  0.0
05.12.2025 16:39:50.499,  0.0
05.12.2025 16:39:54.488,  0.0
05.12.2025 16:39:58.498,  0.0
05.12.2025 16:40:02.488,  0.0
05.12.2025 16:40:06.498,  0.0
05.12.2025 16:40:10.488,  1.1
05.12.2025 16:40:14.488,  0.7
05.12.2025 16:40:18.499,  0.8
05.12.2025 16:40:22.498,  0.7
05.12.2025 16:40:26.498,  0.6
05.12.2025 16:40:30.498,  0.6
05.12.2025 16:40:34.488,  0.6
05.12.2025 16:40:38.498,  0.7
05.12.2025 16:40:42.498,  0.6
05.12.2025 16:40:46.488,  0.7
05.12.2025 16:40:50.488,  0.7
05.12.2025 16:40:54.498,  0.6
05.12.2025 16:40:58.498,  0.6
05.12.2025 16:41:02.488,  0.7
05.12.2025 16:41:06.499,  0.7
05.12.2025 16:41:10.498,  0.7
05.12.2025 16:41:14.488,  0.7
05.12.2025 16:41:18.498,  0.6
05.12.2025 16:41:22.508,  0.6
05.12.2025 16:41:26.508,  0.6
05.12.2025 16:41:30.508,  0.7
05.12.2025 16:41:34.518,  0.6
05.12.2025 16:41:38.518,  0.7
05.12.2025 16:41:42.518,  0.6
05.12.2025 16:41:46.518,  0.6
05.12.2025 16:41:50.518,  0.6
05.12.2025 16:41:54.518,  0.6
05.12.2025 16:41:58.518,  0.6
05.12.2025 16:42:02.518,  0.6
05.12.2025 16:42:06.519,  0.7
05.12.2025 16:42:10.518,  0.6
05.12.2025 16:42:14.518,  0.6
05.12.2025 16:42:18.518,  0.7
05.12.2025 16:42:22.519,  0.7
05.12.2025 16:42:26.518,  0.6
05.12.2025 16:42:30.518,  0.7
05.12.2025 16:42:34.518,  0.7
05.12.2025 16:42:38.518,  0.6
05.12.2025 16:42:42.518,  0.6
05.12.2025 16:42:46.528,  0.7
05.12.2025 16:42:50.529,  0.7
05.12.2025 16:42:54.528,  0.6
05.12.2025 16:42:58.528,  0.7
05.12.2025 16:43:02.518,  0.6
05.12.2025 16:43:06.529,  0.7
05.12.2025 16:43:10.528,  0.6
05.12.2025 16:43:14.518,  0.7
05.12.2025 16:43:18.528,  0.6
05.12.2025 16:43:22.518,  0.7
05.12.2025 16:43:26.528,  0.6
05.12.2025 16:43:30.518,  0.7
05.12.2025 16:43:34.528,  0.7
05.12.2025 16:43:38.518,  0.7
05.12.2025 16:43:42.529,  0.6
05.12.2025 16:43:46.518,  0.6
05.12.2025 16:43:50.529,  0.7
05.12.2025 16:43:54.529,  0.6
05.12.2025 16:43:58.539,  0.6
05.12.2025 16:44:02.539,  0.7
05.12.2025 16:44:06.529,  0.6
05.12.2025 16:44:10.539,  0.7
05.12.2025 16:44:14.539,  0.6
05.12.2025 16:44:18.529,  0.7
05.12.2025 16:44:22.539,  0.6
05.12.2025 16:44:26.539,  0.6
05.12.2025 16:44:30.540,  0.7
05.12.2025 16:44:34.529,  0.6
05.12.2025 16:44:38.539,  0.7
05.12.2025 16:44:42.539,  0.7
05.12.2025 16:44:46.539,  0.6
05.12.2025 16:44:50.539,  0.7
05.12.2025 16:44:54.539,  0.6
05.12.2025 16:44:58.549,  0.6
05.12.2025 16:45:02.549,  0.6
05.12.2025 16:45:06.550,  0.7
05.12.2025 16:45:10.549,  0.6
05.12.2025 16:45:14.539,  0.7
05.12.2025 16:45:18.549,  0.7
05.12.2025 16:45:22.549,  0.7
05.12.2025 16:45:26.539,  0.7
05.12.2025 16:45:30.549,  0.7
05.12.2025 16:45:34.549,  0.7
05.12.2025 16:45:38.549,  0.6
05.12.2025 16:45:42.539,  0.7
05.12.2025 16:45:46.549,  0.7
05.12.2025 16:45:50.539,  0.7
05.12.2025 16:45:54.549,  0.6
05.12.2025 16:45:58.549,  0.6
05.12.2025 16:46:02.539,  0.6
05.12.2025 16:46:06.539,  0.6
05.12.2025 16:46:10.550,  0.6
05.12.2025 16:46:14.559,  0.6
05.12.2025 16:46:18.559,  0.7
05.12.2025 16:46:22.559,  0.7
05.12.2025 16:46:26.549,  0.6
05.12.2025 16:46:30.559,  0.7
05.12.2025 16:46:34.559,  0.7
05.12.2025 16:46:38.549,  0.7
05.12.2025 16:46:42.559,  0.6
05.12.2025 16:46:46.559,  0.7
05.12.2025 16:46:50.549,  0.6
05.12.2025 16:46:54.559,  0.7
05.12.2025 16:46:58.549,  0.7
05.12.2025 16:47:02.559,  0.7
05.12.2025 16:47:06.560,  0.7
05.12.2025 16:47:10.549,  0.6
05.12.2025 16:47:14.559,  0.7
05.12.2025 16:47:18.549,  0.7
05.12.2025 16:47:22.559,  0.6
05.12.2025 16:47:26.560,  0.7
05.12.2025 16:47:30.549,  0.7
05.12.2025 16:47:34.559,  0.6
05.12.2025 16:47:38.559,  0.6
05.12.2025 16:47:42.559,  0.6
05.12.2025 16:47:46.549,  0.7
05.12.2025 16:47:50.559,  0.6
05.12.2025 16:47:54.559,  0.6
05.12.2025 16:47:58.559,  0.6
05.12.2025 16:48:02.549,  0.6
05.12.2025 16:48:06.559,  0.6
05.12.2025 16:48:10.559,  0.7
05.12.2025 16:48:14.549,  0.7
05.12.2025 16:48:18.549,  0.7
05.12.2025 16:48:22.549,  0.7
05.12.2025 16:48:26.559,  0.7
05.12.2025 16:48:30.549,  0.6
05.12.2025 16:48:34.559,  0.5
05.12.2025 16:48:38.560,  0.5
05.12.2025 16:48:42.549,  0.0
05.12.2025 16:48:46.559,  0.0
05.12.2025 16:48:50.564,  0.0
05.12.2025 16:48:54.574,  0.0
05.12.2025 16:48:58.574,  0.0
05.12.2025 16:49:02.564,  0.0
05.12.2025 16:49:06.574,  0.0
05.12.2025 16:49:10.564,  0.0
05.12.2025 16:49:14.574,  0.0
05.12.2025 16:49:18.574,  0.0
05.12.2025 16:49:22.564,  0.0
05.12.2025 16:49:26.564,  0.0
05.12.2025 16:49:30.574,  0.0
05.12.2025 16:49:34.574,  0.0
05.12.2025 16:49:38.574,  0.0
05.12.2025 16:49:42.574,  0.0
05.12.2025 16:49:46.574,  0.0
05.12.2025 16:49:50.574,  0.0
05.12.2025 16:49:54.574,  0.0
05.12.2025 16:49:58.574,  0.0
05.12.2025 16:50:02.584,  0.0
05.12.2025 16:50:06.594,  0.0
05.12.2025 16:50:10.585,  0.0
05.12.2025 16:50:14.604,  0.0
05.12.2025 16:50:18.605,  0.0
05.12.2025 16:50:22.604,  0.0
05.12.2025 16:50:26.614,  0.0
05.12.2025 16:50:30.614,  0.0
05.12.2025 16:50:34.625,  0.0
05.12.2025 16:50:38.634,  0.0
05.12.2025 16:50:42.625,  0.0
05.12.2025 16:50:46.644,  0.0
05.12.2025 16:50:50.644,  0.0
05.12.2025 16:50:54.634,  0.0
05.12.2025 16:50:58.644,  0.0
05.12.2025 16:51:02.644,  0.0
05.12.2025 16:51:06.644,  0.0
05.12.2025 16:51:10.634,  0.0
05.12.2025 16:51:14.644,  0.0
05.12.2025 16:51:18.634,  0.0
05.12.2025 16:51:22.644,  0.0
05.12.2025 16:51:26.644,  0.0
05.12.2025 16:51:30.645,  0.0
05.12.2025 16:51:34.634,  0.0
05.12.2025 16:51:38.644,  0.0
05.12.2025 16:51:42.634,  0.0
05.12.2025 16:51:46.644,  0.0
05.12.2025 16:51:50.634,  0.0
05.12.2025 16:51:54.734,  0.0
05.12.2025 16:51:58.644,  0.0
05.12.2025 16:52:02.644,  0.0
05.12.2025 16:52:06.634,  0.0
05.12.2025 16:52:10.644,  0.0
05.12.2025 16:52:14.634,  0.0
05.12.2025 16:52:18.644,  0.0
05.12.2025 16:52:22.634,  0.0
05.12.2025 16:52:26.644,  0.0
05.12.2025 16:52:30.644,  0.0
05.12.2025 16:52:34.634,  0.0
05.12.2025 16:52:38.644,  0.0
05.12.2025 16:52:42.644,  0.0
05.12.2025 16:52:46.644,  0.0
05.12.2025 16:52:50.644,  0.0
05.12.2025 16:52:54.644,  0.0
05.12.2025 16:52:58.654,  0.0
05.12.2025 16:53:02.664,  0.0
05.12.2025 16:53:06.664,  0.0
05.12.2025 16:53:10.654,  0.0
05.12.2025 16:53:14.664,  0.0
05.12.2025 16:53:18.654,  0.0
05.12.2025 16:53:22.664,  0.0
05.12.2025 16:53:26.665,  0.0
05.12.2025 16:53:30.664,  0.0
05.12.2025 16:53:34.665,  0.0
05.12.2025 16:53:38.654,  0.0
05.12.2025 16:53:42.654,  0.0
05.12.2025 16:53:46.664,  0.0
05.12.2025 16:53:50.684,  0.0
05.12.2025 16:53:54.684,  0.0
05.12.2025 16:53:58.674,  0.0
05.12.2025 16:54:02.684,  0.0
05.12.2025 16:54:06.684,  0.0
05.12.2025 16:54:10.684,  0.0
05.12.2025 16:54:14.674,  0.0
05.12.2025 16:54:18.684,  0.0
05.12.2025 16:54:22.674,  0.0
05.12.2025 16:54:26.674,  0.0
05.12.2025 16:54:30.684,  0.0
05.12.2025 16:54:34.674,  0.0
05.12.2025 16:54:38.684,  0.0
05.12.2025 16:54:42.674,  0.0
05.12.2025 16:54:46.674,  0.0
05.12.2025 16:54:50.684,  0.0
05.12.2025 16:54:54.674,  0.0
05.12.2025 16:54:58.674,  0.0
05.12.2025 16:55:02.674,  0.0
05.12.2025 16:55:06.684,  0.0
05.12.2025 16:55:10.674,  0.0
05.12.2025 16:55:14.674,  0.0
05.12.2025 16:55:18.674,  0.0
05.12.2025 16:55:22.674,  0.0
05.12.2025 16:55:26.684,  0.0
05.12.2025 16:55:30.685,  0.0
05.12.2025 16:55:34.674,  0.0
05.12.2025 16:55:38.684,  0.0
05.12.2025 16:55:42.674,  0.0
05.12.2025 16:55:46.684,  0.0
05.12.2025 16:55:50.685,  0.0
05.12.2025 16:55:54.684,  0.0
05.12.2025 16:55:58.674,  0.0
05.12.2025 16:56:02.684,  0.0
05.12.2025 16:56:06.674,  0.0
05.12.2025 16:56:10.684,  0.0
05.12.2025 16:56:14.685,  0.0
05.12.2025 16:56:18.684,  0.0
05.12.2025 16:56:22.695,  0.0
05.12.2025 16:56:26.694,  0.0
05.12.2025 16:56:30.684,  0.0
05.12.2025 16:56:34.684,  0.0
05.12.2025 16:56:38.694,  0.0
05.12.2025 16:56:42.694,  0.0
05.12.2025 16:56:46.694,  0.0
05.12.2025 16:56:50.694,  0.0
05.12.2025 16:56:54.695,  0.0
05.12.2025 16:56:58.694,  0.0
05.12.2025 16:57:02.705,  0.0
05.12.2025 16:57:06.694,  0.0
05.12.2025 16:57:10.694,  0.0
05.12.2025 16:57:14.704,  0.0
05.12.2025 16:57:18.694,  0.0
05.12.2025 16:57:22.694,  0.0
05.12.2025 16:57:26.704,  0.0
05.12.2025 16:57:30.704,  0.0
05.12.2025 16:57:34.705,  0.0
05.12.2025 16:57:38.694,  0.0
05.12.2025 16:57:42.704,  0.0
05.12.2025 16:57:47.694,  0.0
05.12.2025 16:57:51.704,  0.0
05.12.2025 16:57:55.704,  0.0
05.12.2025 16:57:59.894,  0.0
05.12.2025 16:58:03.704,  0.0
05.12.2025 16:58:07.704,  0.7
05.12.2025 16:58:11.704,  0.6
05.12.2025 16:58:15.694,  0.5
05.12.2025 16:58:19.695,  0.5
05.12.2025 16:58:23.714,  0.5
05.12.2025 16:58:27.715,  0.4
05.12.2025 16:58:31.704,  0.4
05.12.2025 16:58:35.714,  0.3
05.12.2025 16:58:39.714,  0.3
05.12.2025 16:58:43.714,  0.3
05.12.2025 16:58:47.724,  0.3
05.12.2025 16:58:51.745,  0.3
05.12.2025 16:58:55.755,  0.3
05.12.2025 16:58:59.755,  0.3
05.12.2025 16:59:03.755,  0.3
05.12.2025 16:59:07.745,  0.3
05.12.2025 16:59:11.755,  0.3
05.12.2025 16:59:15.745,  0.3
05.12.2025 16:59:19.755,  0.3
05.12.2025 16:59:23.755,  0.3
05.12.2025 16:59:27.765,  0.4
05.12.2025 16:59:31.765,  0.3
05.12.2025 16:59:35.765,  0.3
05.12.2025 16:59:39.765,  0.3
05.12.2025 16:59:43.755,  0.3
05.12.2025 16:59:47.765,  0.3
05.12.2025 16:59:51.765,  0.3
05.12.2025 16:59:55.765,  0.3
05.12.2025 16:59:59.755,  0.3
05.12.2025 17:00:03.765,  0.3
05.12.2025 17:00:07.765,  0.3
05.12.2025 17:00:11.755,  0.3
05.12.2025 17:00:15.765,  0.3
05.12.2025 17:00:19.766,  0.3
05.12.2025 17:00:23.765,  0.3
05.12.2025 17:00:27.755,  0.3
05.12.2025 17:00:31.766,  0.3
05.12.2025 17:00:35.765,  0.3
05.12.2025 17:00:39.755,  0.3
05.12.2025 17:00:43.765,  0.3
05.12.2025 17:00:47.766,  0.3
05.12.2025 17:00:51.765,  0.3
05.12.2025 17:00:55.765,  0.3
05.12.2025 17:00:59.755,  0.3
05.12.2025 17:01:03.765,  0.3
05.12.2025 17:01:07.755,  0.3
05.12.2025 17:01:11.765,  0.3
05.12.2025 17:01:15.765,  0.3
05.12.2025 17:01:19.755,  0.3
05.12.2025 17:01:23.765,  0.3
05.12.2025 17:01:27.755,  0.3
05.12.2025 17:01:31.765,  0.3
05.12.2025 17:01:35.765,  0.3
05.12.2025 17:01:39.765,  0.3
05.12.2025 17:01:43.765,  0.3
05.12.2025 17:01:47.765,  0.3
05.12.2025 17:01:51.765,  0.3
05.12.2025 17:01:55.765,  0.3
05.12.2025 17:01:59.755,  0.3
05.12.2025 17:02:03.765,  0.3
05.12.2025 17:02:07.765,  0.3
05.12.2025 17:02:11.766,  0.3
05.12.2025 17:02:15.755,  0.3
05.12.2025 17:02:19.765,  0.3
05.12.2025 17:02:23.755,  0.3
05.12.2025 17:02:27.765,  0.3
05.12.2025 17:02:31.755,  0.3
05.12.2025 17:02:35.755,  0.3
05.12.2025 17:02:39.765,  0.3
05.12.2025 17:02:43.765,  0.3
05.12.2025 17:02:47.765,  0.3
05.12.2025 17:02:51.755,  0.3
05.12.2025 17:02:55.765,  0.3
05.12.2025 17:02:59.766,  0.3
05.12.2025 17:03:03.765,  0.3
05.12.2025 17:03:07.755,  0.3
05.12.2025 17:03:11.775,  0.3
05.12.2025 17:03:15.765,  0.3
05.12.2025 17:03:19.765,  0.3
05.12.2025 17:03:23.765,  0.3
05.12.2025 17:03:27.775,  0.3
05.12.2025 17:03:31.765,  0.3
05.12.2025 17:03:35.776,  0.3
05.12.2025 17:03:39.786,  0.3
05.12.2025 17:03:43.785,  0.3
05.12.2025 17:03:47.786,  0.3
05.12.2025 17:03:51.795,  0.3
05.12.2025 17:03:55.805,  0.3
05.12.2025 17:03:59.795,  0.3
05.12.2025 17:04:03.805,  0.3
05.12.2025 17:04:07.795,  0.3
05.12.2025 17:04:11.806,  0.3
05.12.2025 17:04:15.795,  0.3
05.12.2025 17:04:19.806,  0.3
05.12.2025 17:04:23.805,  0.3
05.12.2025 17:04:27.795,  0.3
05.12.2025 17:04:31.795,  0.3
05.12.2025 17:04:35.805,  0.3
05.12.2025 17:04:39.795,  0.3
05.12.2025 17:04:43.805,  0.3
05.12.2025 17:04:47.795,  0.3
05.12.2025 17:04:51.795,  0.3
05.12.2025 17:04:55.815,  0.3
05.12.2025 17:04:59.805,  0.3
05.12.2025 17:05:03.815,  0.3
05.12.2025 17:05:07.815,  0.3
05.12.2025 17:05:11.815,  0.3
05.12.2025 17:05:15.805,  0.3
05.12.2025 17:05:19.815,  0.3
05.12.2025 17:05:23.805,  0.3
05.12.2025 17:05:27.815,  0.3
05.12.2025 17:05:31.815,  0.3
05.12.2025 17:05:35.815,  0.3
05.12.2025 17:05:39.805,  0.3
05.12.2025 17:05:43.805,  0.3
05.12.2025 17:05:47.816,  0.3
05.12.2025 17:05:51.815,  0.3
05.12.2025 17:05:55.815,  0.3
05.12.2025 17:05:59.815,  0.3
05.12.2025 17:06:03.815,  0.3
05.12.2025 17:06:07.805,  0.3
05.12.2025 17:06:11.815,  0.3
05.12.2025 17:06:15.815,  0.3
05.12.2025 17:06:19.805,  0.3
05.12.2025 17:06:23.815,  0.3
05.12.2025 17:06:27.805,  0.3
05.12.2025 17:06:31.805,  0.3
05.12.2025 17:06:35.815,  0.3
05.12.2025 17:06:39.815,  0.3
05.12.2025 17:06:43.816,  0.3
05.12.2025 17:06:47.815,  0.3
05.12.2025 17:06:51.816,  0.3
05.12.2025 17:06:55.815,  0.3
05.12.2025 17:06:59.805,  0.3
05.12.2025 17:07:03.815,  0.3
05.12.2025 17:07:07.805,  0.3
05.12.2025 17:07:11.805,  0.3
05.12.2025 17:07:15.815,  0.3
05.12.2025 17:07:19.805,  0.3
05.12.2025 17:07:23.815,  0.3
05.12.2025 17:07:27.805,  0.3
05.12.2025 17:07:31.816,  0.3
05.12.2025 17:07:35.815,  0.3
05.12.2025 17:07:39.805,  0.3
05.12.2025 17:07:43.816,  0.3
05.12.2025 17:07:47.805,  0.3
05.12.2025 17:07:51.815,  0.3
05.12.2025 17:07:55.805,  0.3
05.12.2025 17:07:59.805,  0.3
05.12.2025 17:08:03.815,  0.3
05.12.2025 17:08:07.805,  0.3
05.12.2025 17:08:11.815,  0.3
05.12.2025 17:08:15.805,  0.3
05.12.2025 17:08:19.815,  0.3
05.12.2025 17:08:23.805,  0.3
05.12.2025 17:08:27.805,  0.3
05.12.2025 17:08:31.815,  0.3
05.12.2025 17:08:35.815,  0.3
05.12.2025 17:08:39.815,  0.3
05.12.2025 17:08:43.805,  0.3
05.12.2025 17:08:47.816,  0.3
05.12.2025 17:08:51.812,  0.3
05.12.2025 17:08:55.812,  0.3
05.12.2025 17:08:59.822,  0.3
05.12.2025 17:09:03.822,  0.3
05.12.2025 17:09:07.822,  0.3
05.12.2025 17:09:11.832,  0.3
05.12.2025 17:09:15.833,  0.3
05.12.2025 17:09:19.832,  0.3
05.12.2025 17:09:23.832,  0.3
05.12.2025 17:09:27.832,  0.3
05.12.2025 17:09:31.832,  0.3
05.12.2025 17:09:35.832,  0.3
05.12.2025 17:09:39.832,  0.3
05.12.2025 17:09:43.822,  0.3
05.12.2025 17:09:47.822,  0.3
05.12.2025 17:09:51.822,  0.3
05.12.2025 17:09:55.832,  0.3
05.12.2025 17:09:59.912,  0.3
05.12.2025 17:10:03.832,  0.3
05.12.2025 17:10:07.822,  0.3
05.12.2025 17:10:11.832,  0.3
05.12.2025 17:10:15.822,  0.3
05.12.2025 17:10:19.832,  0.3
05.12.2025 17:10:23.832,  0.3
05.12.2025 17:10:27.822,  0.3
05.12.2025 17:10:31.832,  0.3
05.12.2025 17:10:35.832,  0.3
05.12.2025 17:10:39.832,  0.3
05.12.2025 17:10:43.822,  0.3
05.12.2025 17:10:47.832,  0.3
05.12.2025 17:10:51.832,  0.3
05.12.2025 17:10:55.822,  0.3
05.12.2025 17:10:59.822,  0.3
05.12.2025 17:11:02.832,  0.3
05.12.2025 17:11:06.822,  0.0
05.12.2025 17:11:10.832,  0.0
05.12.2025 17:11:14.822,  0.0
05.12.2025 17:11:18.832,  0.0
05.12.2025 17:11:22.832,  0.0
05.12.2025 17:11:26.832,  0.0
05.12.2025 17:11:30.832,  0.0
05.12.2025 17:11:34.832,  0.0
05.12.2025 17:11:38.833,  0.0
05.12.2025 17:11:42.832,  0.0
05.12.2025 17:11:46.822,  0.0
05.12.2025 17:11:50.832,  0.0
05.12.2025 17:11:54.832,  0.0
05.12.2025 17:11:58.832,  0.0
05.12.2025 17:12:02.832,  0.0
05.12.2025 17:12:06.822,  0.0
05.12.2025 17:12:10.832,  0.0
05.12.2025 17:12:14.822,  0.0
05.12.2025 17:12:18.832,  0.0
05.12.2025 17:12:22.822,  0.0
05.12.2025 17:12:26.832,  0.0
05.12.2025 17:12:30.832,  0.0
05.12.2025 17:12:34.822,  0.0
05.12.2025 17:12:38.822,  0.0
05.12.2025 17:12:42.832,  0.0
05.12.2025 17:12:46.822,  0.0
05.12.2025 17:12:50.832,  0.0
05.12.2025 17:12:54.822,  0.0
05.12.2025 17:12:58.832,  0.0
05.12.2025 17:13:02.832,  0.0
05.12.2025 17:13:06.822,  0.0
05.12.2025 17:13:10.832,  0.0
05.12.2025 17:13:14.832,  0.0
05.12.2025 17:13:18.832,  0.0
05.12.2025 17:13:22.822,  0.0
05.12.2025 17:13:26.822,  0.0
05.12.2025 17:13:30.823,  0.0
05.12.2025 17:13:34.842,  0.0
05.12.2025 17:13:38.832,  0.0
05.12.2025 17:13:42.842,  0.0
05.12.2025 17:13:46.832,  0.0
05.12.2025 17:13:50.850,  0.0
05.12.2025 17:13:54.860,  0.0
05.12.2025 17:13:58.850,  0.0
05.12.2025 17:14:02.860,  0.0
05.12.2025 17:14:06.850,  0.0
05.12.2025 17:14:10.860,  0.0
05.12.2025 17:14:14.861,  0.0
05.12.2025 17:14:18.860,  0.0
05.12.2025 17:14:22.960,  0.0
05.12.2025 17:14:26.850,  0.0
05.12.2025 17:14:30.860,  0.0
05.12.2025 17:14:34.860,  0.0
05.12.2025 17:14:38.850,  0.0
05.12.2025 17:14:42.860,  0.0
05.12.2025 17:14:46.850,  0.0
05.12.2025 17:14:50.860,  0.0
05.12.2025 17:14:54.860,  0.0
05.12.2025 17:14:58.860,  0.0
05.12.2025 17:15:02.860,  0.0
05.12.2025 17:15:06.850,  0.0
05.12.2025 17:15:10.860,  0.0
05.12.2025 17:15:14.860,  0.0
05.12.2025 17:15:18.860,  0.0
05.12.2025 17:15:22.850,  0.0
05.12.2025 17:15:26.850,  0.0
05.12.2025 17:15:30.860,  0.0
05.12.2025 17:15:34.860,  0.0
05.12.2025 17:15:38.861,  0.0
05.12.2025 17:15:42.860,  0.0
05.12.2025 17:15:46.860,  0.0
05.12.2025 17:15:50.850,  0.0
05.12.2025 17:15:54.860,  0.0
05.12.2025 17:15:58.860,  0.0
05.12.2025 17:16:02.871,  0.0
05.12.2025 17:16:06.870,  0.0
05.12.2025 17:16:10.871,  0.0
05.12.2025 17:16:14.871,  0.0
05.12.2025 17:16:18.870,  0.0
05.12.2025 17:16:22.860,  0.0
05.12.2025 17:16:26.860,  0.0
05.12.2025 17:16:30.870,  0.0
05.12.2025 17:16:34.870,  0.0
05.12.2025 17:16:38.870,  0.0
05.12.2025 17:16:42.870,  0.0
05.12.2025 17:16:46.870,  0.0
05.12.2025 17:16:50.870,  0.0
05.12.2025 17:16:54.870,  0.0
05.12.2025 17:16:58.860,  0.0
05.12.2025 17:17:02.870,  0.0
05.12.2025 17:17:06.870,  0.0
05.12.2025 17:17:10.860,  0.0
05.12.2025 17:17:14.870,  0.0
05.12.2025 17:17:18.860,  0.0
05.12.2025 17:17:22.870,  0.0
05.12.2025 17:17:26.860,  0.0
05.12.2025 17:17:30.860,  0.0
05.12.2025 17:17:34.870,  0.0
05.12.2025 17:17:38.860,  0.0
05.12.2025 17:17:42.870,  0.0
05.12.2025 17:17:46.870,  0.0
05.12.2025 17:17:50.870,  0.0
05.12.2025 17:17:54.860,  0.0
05.12.2025 17:17:58.870,  0.0
05.12.2025 17:18:02.860,  0.0
05.12.2025 17:18:06.860,  0.0
05.12.2025 17:18:10.870,  0.0
05.12.2025 17:18:14.870,  0.0
05.12.2025 17:18:18.860,  0.0
05.12.2025 17:18:22.870,  0.0
05.12.2025 17:18:26.871,  0.0
05.12.2025 17:18:30.870,  0.0
05.12.2025 17:18:34.860,  0.0
05.12.2025 17:18:38.860,  0.0
05.12.2025 17:18:42.870,  0.0
05.12.2025 17:18:46.870,  0.0
05.12.2025 17:18:50.880,  0.0
05.12.2025 17:18:54.890,  0.0
05.12.2025 17:18:59.010,  0.0
05.12.2025 17:19:02.891,  0.0
05.12.2025 17:19:06.880,  0.0
05.12.2025 17:19:10.890,  0.0
05.12.2025 17:19:14.890,  0.0
05.12.2025 17:19:18.890,  0.0
05.12.2025 17:19:22.880,  0.0
05.12.2025 17:19:26.890,  0.0
05.12.2025 17:19:30.880,  0.0
05.12.2025 17:19:34.891,  0.0
05.12.2025 17:19:38.901,  0.0
05.12.2025 17:19:42.900,  0.0
05.12.2025 17:19:46.911,  0.0
05.12.2025 17:19:50.920,  0.0
05.12.2025 17:19:54.910,  0.0
05.12.2025 17:19:58.920,  0.0
05.12.2025 17:20:02.930,  0.0
05.12.2025 17:20:06.930,  0.0
05.12.2025 17:20:10.920,  0.0
05.12.2025 17:20:14.920,  0.0
05.12.2025 17:20:18.930,  0.0
05.12.2025 17:20:22.931,  0.0
05.12.2025 17:20:26.920,  0.0
05.12.2025 17:20:30.930,  0.0
05.12.2025 17:20:34.920,  0.0
05.12.2025 17:20:38.930,  0.0
05.12.2025 17:20:42.920,  0.0
05.12.2025 17:20:46.930,  0.0
05.12.2025 17:20:50.931,  0.0
05.12.2025 17:20:54.920,  0.0
05.12.2025 17:20:58.930,  0.0
05.12.2025 17:21:02.920,  0.0
05.12.2025 17:21:06.930,  0.0
05.12.2025 17:21:10.930,  0.0
05.12.2025 17:21:14.920,  0.0
05.12.2025 17:21:18.930,  0.0
05.12.2025 17:21:22.920,  0.0
05.12.2025 17:21:26.920,  0.0
05.12.2025 17:21:30.920,  0.0
05.12.2025 17:21:34.930,  0.0
05.12.2025 17:21:38.930,  0.0
05.12.2025 17:21:42.920,  0.0
05.12.2025 17:21:46.930,  0.0
05.12.2025 17:21:50.930,  0.0
05.12.2025 17:21:54.930,  0.0
05.12.2025 17:21:58.930,  0.0
05.12.2025 17:22:02.920,  0.0
05.12.2025 17:22:06.930,  0.0
05.12.2025 17:22:10.920,  0.0
05.12.2025 17:22:14.920,  0.0
05.12.2025 17:22:18.930,  0.0
05.12.2025 17:22:22.930,  0.0
05.12.2025 17:22:26.930,  0.0
05.12.2025 17:22:30.930,  0.0
05.12.2025 17:22:34.930,  0.0
05.12.2025 17:22:38.930,  0.0
05.12.2025 17:22:42.920,  0.0
05.12.2025 17:22:46.930,  0.0
05.12.2025 17:22:50.920,  0.0
05.12.2025 17:22:54.931,  0.0
05.12.2025 17:22:58.940,  0.0
05.12.2025 17:23:02.940,  0.0
05.12.2025 17:23:06.930,  0.0
05.12.2025 17:23:10.940,  0.0
05.12.2025 17:23:14.940,  0.0
05.12.2025 17:23:18.940,  0.0
05.12.2025 17:23:22.940,  0.0
05.12.2025 17:23:26.940,  0.0
05.12.2025 17:23:30.930,  0.0
05.12.2025 17:23:34.940,  0.0
05.12.2025 17:23:38.940,  0.0
05.12.2025 17:23:42.940,  0.0
05.12.2025 17:23:46.930,  0.0
05.12.2025 17:23:50.943,  0.0
05.12.2025 17:23:54.953,  0.0
05.12.2025 17:23:58.953,  0.0
05.12.2025 17:24:02.953,  0.0
05.12.2025 17:24:06.943,  0.0
05.12.2025 17:24:10.953,  0.0
05.12.2025 17:24:14.953,  0.0
05.12.2025 17:24:18.943,  0.0
05.12.2025 17:24:22.953,  0.0
05.12.2025 17:24:26.953,  0.0
05.12.2025 17:24:30.954,  0.0
05.12.2025 17:24:34.953,  0.0
05.12.2025 17:24:38.943,  0.0
05.12.2025 17:24:42.943,  0.0
05.12.2025 17:24:46.943,  0.0
05.12.2025 17:24:50.943,  0.0
05.12.2025 17:24:54.953,  0.0
05.12.2025 17:24:58.943,  0.0
05.12.2025 17:25:02.953,  0.0
05.12.2025 17:25:06.953,  0.0
05.12.2025 17:25:10.953,  0.0
05.12.2025 17:25:14.943,  0.0
05.12.2025 17:25:18.953,  0.0
05.12.2025 17:25:22.953,  0.0
05.12.2025 17:25:26.953,  0.0
05.12.2025 17:25:30.943,  0.0
05.12.2025 17:25:34.964,  0.0
05.12.2025 17:25:38.953,  0.0
05.12.2025 17:25:42.963,  0.0
05.12.2025 17:25:46.953,  0.0
05.12.2025 17:25:50.963,  0.0
05.12.2025 17:25:54.953,  0.0
05.12.2025 17:25:58.953,  0.0
05.12.2025 17:26:02.963,  0.0
05.12.2025 17:26:06.963,  0.0
05.12.2025 17:26:10.963,  0.0
05.12.2025 17:26:14.963,  0.0
05.12.2025 17:26:18.963,  0.0
05.12.2025 17:26:22.953,  0.0
05.12.2025 17:26:26.953,  0.0
05.12.2025 17:26:30.963,  0.0
05.12.2025 17:26:34.963,  0.0
05.12.2025 17:26:38.953,  0.0
05.12.2025 17:26:42.963,  0.0
05.12.2025 17:26:46.953,  0.0
05.12.2025 17:26:50.963,  0.0
05.12.2025 17:26:54.963,  0.0
05.12.2025 17:26:58.963,  0.0
05.12.2025 17:27:02.953,  0.0
05.12.2025 17:27:06.953,  0.0
05.12.2025 17:27:10.953,  0.0
05.12.2025 17:27:14.963,  0.0
05.12.2025 17:27:18.953,  0.0
05.12.2025 17:27:22.963,  0.0
05.12.2025 17:27:26.963,  0.0
05.12.2025 17:27:30.963,  0.0
05.12.2025 17:27:34.953,  0.0
05.12.2025 17:27:38.963,  0.0
05.12.2025 17:27:42.953,  0.0
05.12.2025 17:27:46.953,  0.0
05.12.2025 17:27:50.964,  0.0
05.12.2025 17:27:54.953,  0.0
05.12.2025 17:27:58.963,  0.0
05.12.2025 17:28:02.953,  0.0
05.12.2025 17:28:06.963,  0.0
05.12.2025 17:28:10.963,  0.0
05.12.2025 17:28:14.963,  0.0
05.12.2025 17:28:18.963,  0.0
05.12.2025 17:28:22.963,  0.0
05.12.2025 17:28:26.963,  0.0
05.12.2025 17:28:30.963,  0.0
05.12.2025 17:28:34.963,  0.0
05.12.2025 17:28:38.963,  0.0
05.12.2025 17:28:42.953,  0.0
05.12.2025 17:28:46.953,  0.0
05.12.2025 17:28:50.973,  0.0
05.12.2025 17:28:54.963,  0.0
05.12.2025 17:28:58.963,  0.0
05.12.2025 17:29:02.973,  0.0
05.12.2025 17:29:06.973,  0.0
05.12.2025 17:29:10.963,  0.0
05.12.2025 17:29:14.963,  0.0
05.12.2025 17:29:18.973,  0.0
05.12.2025 17:29:22.973,  0.0
05.12.2025 17:29:26.973,  0.0
05.12.2025 17:29:30.973,  0.0
05.12.2025 17:29:34.983,  0.0
05.12.2025 17:29:38.973,  0.0
05.12.2025 17:29:42.983,  0.0
05.12.2025 17:29:46.973,  0.0
05.12.2025 17:29:50.983,  0.0
05.12.2025 17:29:54.983,  0.0
05.12.2025 17:29:58.973,  0.0
05.12.2025 17:30:02.983,  0.0
05.12.2025 17:30:06.993,  0.0
05.12.2025 17:30:10.993,  0.0
05.12.2025 17:30:14.983,  0.0
05.12.2025 17:30:18.993,  0.0
05.12.2025 17:30:22.983,  0.0
05.12.2025 17:30:26.993,  0.0
05.12.2025 17:30:30.993,  0.0
05.12.2025 17:30:34.993,  0.0
05.12.2025 17:30:38.993,  0.0
05.12.2025 17:30:42.983,  0.0
05.12.2025 17:30:46.994,  0.0
05.12.2025 17:30:50.993,  0.0
05.12.2025 17:30:54.983,  0.0
05.12.2025 17:30:58.993,  0.0
05.12.2025 17:31:02.993,  0.0
05.12.2025 17:31:06.993,  0.0
05.12.2025 17:31:10.993,  0.0
05.12.2025 17:31:14.983,  0.0
05.12.2025 17:31:18.994,  0.0
05.12.2025 17:31:22.993,  0.0
05.12.2025 17:31:26.993,  0.0
05.12.2025 17:31:30.993,  0.0
05.12.2025 17:31:34.993,  0.0
05.12.2025 17:31:38.983,  0.0
05.12.2025 17:31:42.983,  0.0
05.12.2025 17:31:46.983,  0.0
05.12.2025 17:31:50.993,  0.0
05.12.2025 17:31:54.983,  0.0
05.12.2025 17:31:58.983,  0.0
05.12.2025 17:32:02.993,  0.0
05.12.2025 17:32:06.983,  0.0
05.12.2025 17:32:10.993,  0.0
05.12.2025 17:32:14.983,  0.0
05.12.2025 17:32:18.993,  0.0
05.12.2025 17:32:22.993,  0.0
05.12.2025 17:32:26.993,  0.0
05.12.2025 17:32:30.993,  0.0
05.12.2025 17:32:34.983,  0.0
05.12.2025 17:32:38.983,  0.0
05.12.2025 17:32:42.983,  0.0
05.12.2025 17:32:46.993,  0.0
05.12.2025 17:32:50.993,  0.0
05.12.2025 17:32:55.003,  0.0
05.12.2025 17:32:59.004,  0.0
05.12.2025 17:33:02.993,  0.0
05.12.2025 17:33:06.993,  0.0
05.12.2025 17:33:11.003,  0.0
05.12.2025 17:33:15.003,  0.0
05.12.2025 17:33:19.003,  0.0
05.12.2025 17:33:23.004,  0.0
05.12.2025 17:33:27.003,  0.0
05.12.2025 17:33:31.013,  0.0
05.12.2025 17:33:35.003,  0.0
05.12.2025 17:33:39.014,  0.0
05.12.2025 17:33:43.013,  0.0
05.12.2025 17:33:47.003,  0.0
05.12.2025 17:33:51.027,  0.0
05.12.2025 17:33:55.017,  0.0
05.12.2025 17:33:59.027,  0.0
05.12.2025 17:34:03.017,  0.0
05.12.2025 17:34:07.027,  0.0
05.12.2025 17:34:11.028,  0.0
05.12.2025 17:34:15.027,  0.0
05.12.2025 17:34:19.027,  0.0
05.12.2025 17:34:23.037,  0.0
05.12.2025 17:34:27.047,  0.0
05.12.2025 17:34:31.047,  0.0
05.12.2025 17:34:35.057,  0.0
05.12.2025 17:34:39.047,  0.0
05.12.2025 17:34:43.047,  0.0
05.12.2025 17:34:47.059,  0.0
05.12.2025 17:34:51.047,  0.0
05.12.2025 17:34:55.057,  0.0
05.12.2025 17:34:59.058,  0.0
05.12.2025 17:35:03.047,  0.0
05.12.2025 17:35:07.057,  0.0
05.12.2025 17:35:11.047,  0.0
05.12.2025 17:35:15.048,  0.0
05.12.2025 17:35:19.067,  0.0
05.12.2025 17:35:23.067,  0.0
05.12.2025 17:35:27.057,  0.0
05.12.2025 17:35:31.067,  0.0
05.12.2025 17:35:35.068,  0.0
05.12.2025 17:35:39.067,  0.0
05.12.2025 17:35:43.077,  0.0
05.12.2025 17:35:47.067,  0.0
05.12.2025 17:35:51.077,  0.0
05.12.2025 17:35:55.067,  0.0
05.12.2025 17:35:59.077,  0.0
05.12.2025 17:36:03.087,  0.0
05.12.2025 17:36:07.077,  0.0
05.12.2025 17:36:11.088,  0.0
05.12.2025 17:36:15.077,  0.0
05.12.2025 17:36:19.087,  0.0
05.12.2025 17:36:23.077,  0.0
05.12.2025 17:36:27.087,  0.0
05.12.2025 17:36:31.087,  0.0
05.12.2025 17:36:35.097,  0.0
05.12.2025 17:36:39.097,  0.0
05.12.2025 17:36:43.087,  0.0
05.12.2025 17:36:47.097,  0.0
05.12.2025 17:36:51.097,  0.0
05.12.2025 17:36:55.087,  0.0
05.12.2025 17:36:59.098,  0.0
05.12.2025 17:37:03.097,  0.0
05.12.2025 17:37:07.087,  0.0
05.12.2025 17:37:11.097,  0.0
05.12.2025 17:37:15.087,  0.0
05.12.2025 17:37:19.097,  0.0
05.12.2025 17:37:23.087,  0.0
05.12.2025 17:37:27.097,  0.0
05.12.2025 17:37:31.097,  0.0
05.12.2025 17:37:35.087,  0.0
05.12.2025 17:37:39.107,  0.0
05.12.2025 17:37:43.097,  0.0
05.12.2025 17:37:47.097,  0.0
05.12.2025 17:37:51.088,  0.0
05.12.2025 17:37:55.097,  0.0
05.12.2025 17:37:59.107,  0.0
05.12.2025 17:38:03.097,  0.0
05.12.2025 17:38:07.107,  0.0
05.12.2025 17:38:11.107,  0.0
05.12.2025 17:38:15.107,  0.0
05.12.2025 17:38:19.108,  0.0
05.12.2025 17:38:23.097,  0.0
05.12.2025 17:38:27.107,  0.0
05.12.2025 17:38:31.097,  0.0
05.12.2025 17:38:35.097,  0.0
05.12.2025 17:38:39.107,  0.0
05.12.2025 17:38:43.107,  0.0
05.12.2025 17:38:47.107,  0.0
05.12.2025 17:38:51.124,  0.0
05.12.2025 17:38:55.114,  0.0
05.12.2025 17:38:59.124,  0.0
05.12.2025 17:39:03.124,  0.0
05.12.2025 17:39:07.114,  0.0
05.12.2025 17:39:11.124,  0.0
05.12.2025 17:39:15.124,  0.0
05.12.2025 17:39:19.124,  0.0
05.12.2025 17:39:23.124,  0.0
05.12.2025 17:39:27.114,  0.0
05.12.2025 17:39:31.125,  0.0
05.12.2025 17:39:35.124,  0.0
05.12.2025 17:39:39.125,  0.0
05.12.2025 17:39:43.114,  0.0
05.12.2025 17:39:47.125,  0.0
05.12.2025 17:39:51.114,  0.0
05.12.2025 17:39:55.124,  0.0
05.12.2025 17:39:59.124,  0.0
05.12.2025 17:40:03.114,  0.0
05.12.2025 17:40:07.124,  0.0
05.12.2025 17:40:11.114,  0.0
05.12.2025 17:40:15.124,  0.0
05.12.2025 17:40:19.114,  0.0
05.12.2025 17:40:23.124,  0.0
05.12.2025 17:40:27.125,  0.0
05.12.2025 17:40:31.124,  0.0
05.12.2025 17:40:35.124,  0.0
05.12.2025 17:40:39.134,  0.0
05.12.2025 17:40:43.134,  0.0
05.12.2025 17:40:47.134,  0.0
05.12.2025 17:40:51.254,  0.0
05.12.2025 17:40:55.134,  0.0
05.12.2025 17:40:59.134,  0.0
05.12.2025 17:41:03.124,  0.0
05.12.2025 17:41:07.134,  0.0
05.12.2025 17:41:11.134,  0.0
05.12.2025 17:41:15.134,  0.0
05.12.2025 17:41:19.135,  0.0
05.12.2025 17:41:23.124,  0.0
05.12.2025 17:41:27.134,  0.0
05.12.2025 17:41:31.134,  0.0
05.12.2025 17:41:35.134,  0.0
05.12.2025 17:41:39.124,  0.0
05.12.2025 17:41:43.134,  0.0
05.12.2025 17:41:47.124,  0.0
05.12.2025 17:41:51.124,  0.0
05.12.2025 17:41:55.134,  0.0
05.12.2025 17:41:59.134,  0.0
05.12.2025 17:42:03.134,  0.0
05.12.2025 17:42:07.124,  0.0
05.12.2025 17:42:11.134,  0.0
05.12.2025 17:42:15.124,  0.0
05.12.2025 17:42:19.134,  0.0
05.12.2025 17:42:23.135,  0.0
05.12.2025 17:42:27.134,  0.0
05.12.2025 17:42:31.135,  0.0
05.12.2025 17:42:35.134,  0.0
05.12.2025 17:42:39.134,  0.0
05.12.2025 17:42:43.124,  0.0
05.12.2025 17:42:47.134,  0.0
05.12.2025 17:42:51.134,  0.0
05.12.2025 17:42:55.124,  0.0
05.12.2025 17:42:59.134,  0.0
05.12.2025 17:43:03.134,  0.0
05.12.2025 17:43:07.124,  0.0
05.12.2025 17:43:11.134,  0.0
05.12.2025 17:43:15.134,  0.0
05.12.2025 17:43:19.134,  0.0
05.12.2025 17:43:23.134,  0.0
05.12.2025 17:43:27.144,  0.0
05.12.2025 17:43:31.144,  0.0
05.12.2025 17:43:35.144,  0.0
05.12.2025 17:43:39.134,  0.0
05.12.2025 17:43:43.144,  0.0
05.12.2025 17:43:47.144,  0.0
05.12.2025 17:43:51.164,  0.0
05.12.2025 17:43:55.153,  0.0
05.12.2025 17:43:59.163,  0.0
05.12.2025 17:44:03.153,  0.0
05.12.2025 17:44:07.163,  0.0
05.12.2025 17:44:11.153,  0.0
05.12.2025 17:44:15.164,  0.0
05.12.2025 17:44:19.163,  0.0
05.12.2025 17:44:23.164,  0.0
05.12.2025 17:44:27.153,  0.0
05.12.2025 17:44:31.153,  0.0
05.12.2025 17:44:35.163,  0.0
05.12.2025 17:44:39.153,  0.0
05.12.2025 17:44:43.153,  0.0
05.12.2025 17:44:47.163,  0.0
05.12.2025 17:44:51.174,  0.0
05.12.2025 17:44:55.173,  0.0
05.12.2025 17:44:59.163,  0.0
05.12.2025 17:45:03.163,  0.0
05.12.2025 17:45:07.163,  0.0
05.12.2025 17:45:11.174,  0.0
05.12.2025 17:45:15.173,  0.0
05.12.2025 17:45:19.174,  0.0
05.12.2025 17:45:23.163,  0.0
05.12.2025 17:45:27.173,  0.0
05.12.2025 17:45:31.173,  0.0
05.12.2025 17:45:35.163,  0.0
05.12.2025 17:45:39.173,  0.0
05.12.2025 17:45:43.163,  0.0
05.12.2025 17:45:47.163,  0.0
05.12.2025 17:45:51.173,  0.0
05.12.2025 17:45:55.173,  0.0
05.12.2025 17:45:59.174,  0.0
05.12.2025 17:46:03.173,  0.0
05.12.2025 17:46:07.173,  0.0
05.12.2025 17:46:11.183,  0.0
05.12.2025 17:46:15.173,  0.0
05.12.2025 17:46:19.183,  0.0
05.12.2025 17:46:23.183,  0.0
05.12.2025 17:46:27.183,  0.0
05.12.2025 17:46:31.173,  0.0
05.12.2025 17:46:35.183,  0.0
05.12.2025 17:46:39.173,  0.0
05.12.2025 17:46:43.173,  0.0
05.12.2025 17:46:47.183,  0.0
05.12.2025 17:46:51.173,  0.0
05.12.2025 17:46:55.183,  0.0
05.12.2025 17:46:59.173,  0.0
05.12.2025 17:47:03.183,  0.0
05.12.2025 17:47:07.173,  0.0
05.12.2025 17:47:11.173,  0.0
05.12.2025 17:47:15.183,  0.0
05.12.2025 17:47:19.173,  0.0
