Time,BKK_P.VOLT
,Average
,
,V
09.12.2025 11:10:05.708,  0.0
09.12.2025 11:53:04.942,  0.0
09.12.2025 11:53:08.732,  0.0
09.12.2025 11:53:12.722,  0.0
09.12.2025 11:53:16.732,  0.0
09.12.2025 11:53:20.732,  0.0
09.12.2025 11:53:24.732,  0.0
09.12.2025 11:53:28.732,  0.0
09.12.2025 11:53:32.732,  0.0
09.12.2025 11:53:36.733,  0.0
09.12.2025 11:53:40.812,  0.0
09.12.2025 11:53:44.732,  0.0
09.12.2025 11:53:48.732,  0.0
09.12.2025 11:53:52.722,  0.0
09.12.2025 11:53:56.732,  0.0
09.12.2025 11:54:00.732,  0.0
09.12.2025 11:54:04.722,  0.0
09.12.2025 11:54:08.732,  0.0
09.12.2025 11:54:12.732,  0.0
09.12.2025 11:54:16.732,  0.0
09.12.2025 11:54:20.722,  0.0
09.12.2025 11:54:24.722,  0.0
09.12.2025 11:54:28.752,  0.0
09.12.2025 11:54:32.732,  0.0
09.12.2025 11:54:36.812,  0.0
09.12.2025 11:54:40.812,  0.0
09.12.2025 11:54:44.932,  0.0
09.12.2025 11:54:48.733,  0.0
09.12.2025 11:54:52.732,  0.0
09.12.2025 11:54:56.722,  0.0
09.12.2025 11:55:00.722,  0.0
09.12.2025 11:55:04.732,  0.0
09.12.2025 11:55:08.760,  0.0
09.12.2025 11:55:12.750,  0.0
09.12.2025 11:55:16.871,  0.0
09.12.2025 11:55:20.760,  0.0
09.12.2025 11:55:24.760,  0.0
09.12.2025 11:55:28.870,  0.0
09.12.2025 11:55:32.870,  0.0
09.12.2025 11:55:36.760,  0.0
09.12.2025 11:55:40.870,  0.0
09.12.2025 11:55:44.750,  0.0
09.12.2025 11:55:48.870,  0.0
09.12.2025 11:55:52.760,  0.0
09.12.2025 11:55:56.750,  0.0
09.12.2025 11:56:00.860,  0.0
09.12.2025 11:56:04.750,  0.0
09.12.2025 11:56:08.750,  0.0
09.12.2025 11:56:12.860,  0.0
09.12.2025 11:56:16.860,  0.0
09.12.2025 11:56:20.750,  0.0
09.12.2025 11:56:24.760,  0.0
09.12.2025 11:56:28.750,  0.0
09.12.2025 11:56:32.750,  0.0
09.12.2025 11:56:36.760,  0.0
09.12.2025 11:56:40.750,  0.0
09.12.2025 11:56:44.860,  0.0
09.12.2025 11:56:48.860,  0.0
09.12.2025 11:56:52.750,  0.0
09.12.2025 11:56:56.760,  0.0
09.12.2025 11:57:00.860,  0.0
09.12.2025 11:57:04.760,  0.0
09.12.2025 11:57:08.860,  0.0
09.12.2025 11:57:12.760,  0.0
09.12.2025 11:57:16.760,  0.0
09.12.2025 11:57:20.760,  0.0
09.12.2025 11:57:24.770,  0.0
09.12.2025 11:57:28.771,  0.0
09.12.2025 11:57:32.860,  0.0
09.12.2025 11:57:36.860,  0.0
09.12.2025 11:57:40.771,  0.0
09.12.2025 11:57:44.760,  0.0
09.12.2025 11:57:48.770,  0.0
09.12.2025 11:57:52.770,  0.0
09.12.2025 11:57:56.860,  0.0
09.12.2025 11:58:00.770,  0.0
09.12.2025 11:58:04.770,  0.0
09.12.2025 11:58:08.770,  0.0
09.12.2025 11:58:12.760,  0.0
09.12.2025 11:58:16.760,  0.0
09.12.2025 11:58:20.760,  0.0
09.12.2025 11:58:24.770,  0.0
09.12.2025 11:58:28.860,  0.0
09.12.2025 11:58:32.860,  0.0
09.12.2025 11:58:36.771,  0.0
09.12.2025 11:58:40.760,  0.0
09.12.2025 11:58:44.760,  0.0
09.12.2025 11:58:48.770,  0.0
09.12.2025 11:58:52.860,  0.0
09.12.2025 11:58:56.760,  0.0
09.12.2025 11:59:00.860,  0.0
09.12.2025 11:59:04.770,  0.0
09.12.2025 11:59:08.760,  0.0
09.12.2025 11:59:12.771,  0.0
09.12.2025 11:59:16.980,  0.0
09.12.2025 11:59:20.770,  0.0
09.12.2025 11:59:24.780,  0.0
09.12.2025 11:59:28.980,  0.0
09.12.2025 11:59:32.900,  0.0
09.12.2025 11:59:36.850,  0.0
09.12.2025 11:59:40.770,  0.0
09.12.2025 11:59:44.780,  0.0
09.12.2025 11:59:48.770,  0.0
09.12.2025 11:59:52.780,  0.0
09.12.2025 11:59:56.890,  0.0
09.12.2025 12:00:00.770,  0.0
09.12.2025 12:00:04.900,  0.0
09.12.2025 12:00:08.808,  0.0
09.12.2025 12:00:12.808,  0.0
09.12.2025 12:00:16.808,  0.0
09.12.2025 12:00:20.808,  0.0
09.12.2025 12:00:24.829,  0.0
09.12.2025 12:00:28.820,  0.0
09.12.2025 12:00:32.838,  0.0
09.12.2025 12:00:36.828,  0.0
09.12.2025 12:00:40.848,  0.0
09.12.2025 12:00:44.849,  0.0
09.12.2025 12:00:48.848,  0.0
09.12.2025 12:00:52.858,  0.0
09.12.2025 12:00:56.948,  0.0
09.12.2025 12:01:00.948,  0.0
09.12.2025 12:01:04.858,  0.0
09.12.2025 12:01:08.948,  0.0
09.12.2025 12:01:12.848,  0.0
09.12.2025 12:01:16.948,  0.0
09.12.2025 12:01:20.948,  0.0
09.12.2025 12:01:24.848,  0.0
09.12.2025 12:01:28.848,  0.0
09.12.2025 12:01:32.858,  0.0
09.12.2025 12:01:36.848,  0.0
09.12.2025 12:01:40.858,  0.0
09.12.2025 12:01:44.858,  0.0
09.12.2025 12:01:48.858,  0.0
09.12.2025 12:01:52.948,  0.0
09.12.2025 12:01:56.858,  0.0
09.12.2025 12:02:00.858,  0.0
09.12.2025 12:02:04.948,  0.0
09.12.2025 12:02:08.858,  0.0
09.12.2025 12:02:12.858,  0.0
09.12.2025 12:02:16.848,  0.0
09.12.2025 12:02:20.948,  0.0
09.12.2025 12:02:24.858,  0.0
09.12.2025 12:02:28.848,  0.0
09.12.2025 12:02:32.848,  0.0
09.12.2025 12:02:36.948,  0.0
09.12.2025 12:02:40.848,  0.0
09.12.2025 12:02:44.858,  0.0
09.12.2025 12:02:48.848,  0.0
09.12.2025 12:02:52.848,  0.0
09.12.2025 12:02:56.848,  0.0
09.12.2025 12:03:00.848,  0.0
09.12.2025 12:03:04.858,  0.0
09.12.2025 12:03:08.858,  0.0
09.12.2025 12:03:12.858,  0.0
09.12.2025 12:03:16.948,  0.0
09.12.2025 12:03:20.848,  0.0
09.12.2025 12:03:24.868,  0.0
09.12.2025 12:03:28.988,  0.0
09.12.2025 12:03:32.858,  0.0
09.12.2025 12:03:36.858,  0.0
09.12.2025 12:03:40.948,  0.0
09.12.2025 12:03:44.949,  0.0
09.12.2025 12:03:48.948,  0.0
09.12.2025 12:03:52.948,  0.0
09.12.2025 12:03:56.859,  0.0
09.12.2025 12:04:00.948,  0.0
09.12.2025 12:04:04.948,  0.0
09.12.2025 12:04:08.848,  0.0
09.12.2025 12:04:12.858,  0.0
09.12.2025 12:04:16.948,  0.0
09.12.2025 12:04:20.858,  0.0
09.12.2025 12:04:24.858,  0.0
09.12.2025 12:04:28.858,  0.0
09.12.2025 12:04:32.948,  0.0
09.12.2025 12:04:36.948,  0.0
09.12.2025 12:04:40.848,  0.0
09.12.2025 12:04:43.928,  0.0
09.12.2025 12:20:54.126,  0.0
09.12.2025 12:20:59.126,  0.0
09.12.2025 12:21:03.126,  0.0
09.12.2025 12:21:07.127,  0.0
09.12.2025 12:21:11.127,  0.0
09.12.2025 12:21:15.127,  0.0
09.12.2025 12:21:19.086,  0.0
09.12.2025 12:21:23.246,  0.0
09.12.2025 12:21:27.166,  0.0
09.12.2025 12:21:31.126,  0.0
09.12.2025 12:21:35.126,  0.0
09.12.2025 12:21:39.126,  0.0
09.12.2025 12:21:43.036,  0.0
09.12.2025 12:21:47.027,  0.0
09.12.2025 12:21:51.046,  0.0
09.12.2025 12:21:55.046,  0.1
09.12.2025 12:21:59.046,  0.1
09.12.2025 12:22:03.036,  0.1
09.12.2025 12:22:07.036,  0.1
09.12.2025 12:22:11.196,  0.1
09.12.2025 12:22:15.116,  0.1
09.12.2025 12:22:19.046,  0.1
09.12.2025 12:22:23.036,  0.1
09.12.2025 12:22:27.036,  0.1
09.12.2025 12:22:31.046,  0.1
09.12.2025 12:22:35.047,  0.1
09.12.2025 12:22:39.156,  0.1
09.12.2025 12:22:43.156,  0.1
09.12.2025 12:22:47.096,  0.1
09.12.2025 12:22:51.276,  0.0
09.12.2025 12:22:55.196,  0.0
09.12.2025 12:22:59.156,  0.0
09.12.2025 12:23:03.046,  0.0
09.12.2025 12:23:07.036,  0.0
09.12.2025 12:23:11.046,  0.0
09.12.2025 12:23:15.046,  0.0
09.12.2025 12:23:19.036,  0.0
09.12.2025 12:23:23.046,  0.0
09.12.2025 12:23:27.036,  0.0
09.12.2025 12:23:31.046,  0.0
09.12.2025 12:23:35.047,  0.0
09.12.2025 12:23:39.036,  0.0
09.12.2025 12:23:43.156,  0.0
09.12.2025 12:23:47.036,  0.0
09.12.2025 12:23:51.046,  0.0
09.12.2025 12:23:56.046,  2.3
09.12.2025 12:24:00.056,  2.3
09.12.2025 12:24:04.056,  2.3
09.12.2025 12:24:08.056,  2.3
09.12.2025 12:24:12.156,  2.3
09.12.2025 12:24:16.056,  2.3
09.12.2025 12:24:20.056,  2.3
09.12.2025 12:24:24.156,  2.3
09.12.2025 12:24:28.156,  2.3
09.12.2025 12:24:32.156,  2.3
09.12.2025 12:24:36.056,  2.3
09.12.2025 12:24:40.156,  2.3
09.12.2025 12:24:44.156,  2.3
09.12.2025 12:24:48.056,  2.3
09.12.2025 12:24:52.046,  2.3
09.12.2025 12:24:56.156,  2.3
09.12.2025 12:25:00.056,  2.3
09.12.2025 12:25:04.056,  2.3
09.12.2025 12:25:08.064,  2.3
09.12.2025 12:25:12.164,  2.3
09.12.2025 12:25:16.164,  2.3
09.12.2025 12:25:20.144,  2.3
09.12.2025 12:25:24.284,  2.3
09.12.2025 12:25:28.064,  2.3
09.12.2025 12:25:32.064,  2.3
09.12.2025 12:25:36.054,  2.3
09.12.2025 12:25:40.064,  2.3
09.12.2025 12:25:44.064,  2.3
09.12.2025 12:25:48.054,  2.3
09.12.2025 12:25:52.165,  2.3
09.12.2025 12:25:56.165,  2.3
09.12.2025 12:26:00.164,  2.3
09.12.2025 12:26:04.144,  2.3
09.12.2025 12:26:08.284,  2.3
09.12.2025 12:26:12.064,  2.3
09.12.2025 12:26:16.054,  2.3
09.12.2025 12:26:20.064,  2.3
09.12.2025 12:26:24.054,  2.3
09.12.2025 12:26:28.064,  2.3
09.12.2025 12:26:32.054,  2.3
09.12.2025 12:26:36.154,  2.3
09.12.2025 12:26:40.154,  2.3
09.12.2025 12:26:44.154,  2.3
09.12.2025 12:26:48.064,  2.3
09.12.2025 12:26:52.164,  2.3
09.12.2025 12:26:56.164,  2.3
09.12.2025 12:27:00.064,  2.3
09.12.2025 12:27:04.064,  2.3
09.12.2025 12:27:08.154,  2.3
09.12.2025 12:27:12.054,  2.3
09.12.2025 12:27:16.064,  2.3
09.12.2025 12:27:20.064,  0.2
09.12.2025 12:27:24.054,  0.2
09.12.2025 12:27:28.064,  0.1
09.12.2025 12:27:32.054,  0.1
09.12.2025 12:27:36.064,  0.1
09.12.2025 12:27:40.154,  0.0
09.12.2025 12:27:44.054,  0.0
09.12.2025 12:27:48.154,  0.0
09.12.2025 12:27:52.054,  0.0
09.12.2025 12:27:56.054,  0.0
09.12.2025 12:28:00.154,  0.0
09.12.2025 12:28:04.154,  0.0
09.12.2025 12:28:08.154,  0.0
09.12.2025 12:28:12.154,  0.0
09.12.2025 12:28:16.064,  0.0
09.12.2025 12:28:20.154,  0.0
09.12.2025 12:28:24.154,  0.0
09.12.2025 12:28:28.154,  0.0
09.12.2025 12:28:32.154,  0.0
09.12.2025 12:28:36.074,  0.0
09.12.2025 12:28:40.064,  0.0
09.12.2025 12:28:44.074,  0.0
09.12.2025 12:28:48.154,  0.0
09.12.2025 12:28:52.074,  0.0
09.12.2025 12:28:56.074,  0.0
09.12.2025 12:29:00.194,  0.0
09.12.2025 12:29:04.194,  0.0
09.12.2025 12:29:08.194,  0.0
09.12.2025 12:29:12.084,  0.0
09.12.2025 12:29:16.194,  0.0
09.12.2025 12:29:20.194,  0.0
09.12.2025 12:29:24.134,  0.0
09.12.2025 12:29:28.234,  0.0
09.12.2025 12:29:32.084,  0.0
09.12.2025 12:29:36.194,  0.0
09.12.2025 12:29:40.084,  0.0
09.12.2025 12:29:44.194,  0.0
09.12.2025 12:29:48.194,  0.0
09.12.2025 12:29:52.194,  0.0
09.12.2025 12:29:56.194,  0.0
09.12.2025 12:30:00.074,  0.0
09.12.2025 12:30:04.194,  0.0
09.12.2025 12:30:08.099,  0.0
09.12.2025 12:30:12.099,  0.0
09.12.2025 12:30:16.099,  0.0
09.12.2025 12:30:20.100,  0.0
09.12.2025 12:30:24.209,  0.0
09.12.2025 12:30:28.199,  0.0
09.12.2025 12:30:32.089,  0.0
09.12.2025 12:30:36.209,  0.0
09.12.2025 12:30:40.199,  0.0
09.12.2025 12:30:44.099,  0.0
09.12.2025 12:30:48.089,  0.0
09.12.2025 12:30:52.159,  0.0
09.12.2025 12:30:56.100,  0.0
09.12.2025 12:31:00.109,  0.0
09.12.2025 12:31:04.199,  0.0
09.12.2025 12:31:08.199,  0.0
09.12.2025 12:31:12.209,  0.0
09.12.2025 12:31:16.109,  0.0
09.12.2025 12:31:20.119,  0.0
09.12.2025 12:31:24.239,  0.0
09.12.2025 12:31:28.129,  0.0
09.12.2025 12:31:32.129,  0.0
09.12.2025 12:31:36.239,  0.0
09.12.2025 12:31:40.239,  0.0
09.12.2025 12:31:44.119,  0.0
09.12.2025 12:31:48.239,  0.0
09.12.2025 12:31:52.239,  0.0
09.12.2025 12:31:56.119,  0.0
09.12.2025 12:32:00.279,  0.0
09.12.2025 12:32:04.130,  0.0
09.12.2025 12:32:08.129,  0.0
09.12.2025 12:32:12.129,  0.0
09.12.2025 12:32:16.119,  0.1
09.12.2025 12:32:20.129,  0.1
09.12.2025 12:32:24.239,  0.0
09.12.2025 12:32:28.129,  0.0
09.12.2025 12:32:32.119,  0.0
09.12.2025 12:32:36.129,  0.0
09.12.2025 12:32:40.119,  0.0
09.12.2025 12:32:44.239,  0.0
09.12.2025 12:32:48.159,  0.0
09.12.2025 12:32:52.239,  0.0
09.12.2025 12:32:56.239,  0.1
09.12.2025 12:33:00.239,  0.1
09.12.2025 12:33:04.129,  0.1
09.12.2025 12:33:08.129,  0.1
09.12.2025 12:33:12.129,  0.1
09.12.2025 12:33:16.129,  0.1
09.12.2025 12:33:20.119,  0.1
09.12.2025 12:33:24.239,  0.1
09.12.2025 12:33:28.239,  0.1
09.12.2025 12:33:32.239,  0.0
09.12.2025 12:33:36.239,  0.0
09.12.2025 12:33:40.239,  0.0
09.12.2025 12:33:44.239,  0.0
09.12.2025 12:33:48.129,  0.0
09.12.2025 12:33:52.129,  0.0
09.12.2025 12:33:56.239,  0.0
09.12.2025 12:34:00.119,  0.0
09.12.2025 12:34:04.119,  0.0
09.12.2025 12:34:08.129,  0.0
09.12.2025 12:34:12.119,  0.0
09.12.2025 12:34:16.239,  0.0
09.12.2025 12:34:20.159,  0.0
09.12.2025 12:34:24.279,  0.0
09.12.2025 12:34:28.240,  0.0
09.12.2025 12:34:32.239,  0.0
09.12.2025 12:34:36.239,  0.0
09.12.2025 12:34:40.129,  0.0
09.12.2025 12:34:44.139,  0.0
09.12.2025 12:34:48.129,  0.0
09.12.2025 12:34:52.129,  0.0
09.12.2025 12:34:56.139,  0.0
09.12.2025 12:35:00.129,  0.0
09.12.2025 12:35:04.129,  0.0
09.12.2025 12:35:08.153,  0.0
09.12.2025 12:35:12.244,  0.0
09.12.2025 12:35:16.143,  0.0
09.12.2025 12:35:20.153,  0.0
09.12.2025 12:35:24.163,  0.0
09.12.2025 12:35:28.243,  0.0
09.12.2025 12:35:32.153,  0.0
09.12.2025 12:35:36.163,  0.0
09.12.2025 12:35:40.153,  0.0
09.12.2025 12:35:45.163,  2.5
09.12.2025 12:35:49.163,  2.5
09.12.2025 12:35:53.153,  2.5
09.12.2025 12:35:57.163,  2.5
09.12.2025 12:36:01.153,  2.5
09.12.2025 12:36:05.153,  2.5
09.12.2025 12:36:09.163,  2.5
09.12.2025 12:36:13.163,  2.5
09.12.2025 12:36:17.153,  2.5
09.12.2025 12:36:21.163,  2.5
09.12.2025 12:36:25.213,  2.5
09.12.2025 12:36:29.323,  2.5
09.12.2025 12:36:33.283,  2.5
09.12.2025 12:36:37.243,  2.5
09.12.2025 12:36:41.164,  2.5
09.12.2025 12:36:45.163,  2.5
09.12.2025 12:36:49.243,  2.5
09.12.2025 12:36:53.243,  2.5
09.12.2025 12:36:57.243,  2.5
09.12.2025 12:37:01.153,  2.5
09.12.2025 12:37:05.153,  2.5
09.12.2025 12:37:09.163,  2.5
09.12.2025 12:37:13.243,  2.5
09.12.2025 12:37:17.153,  2.5
09.12.2025 12:37:21.163,  2.5
09.12.2025 12:37:25.323,  2.5
09.12.2025 12:37:29.153,  2.5
09.12.2025 12:37:33.153,  2.5
09.12.2025 12:37:37.243,  2.5
09.12.2025 12:37:41.163,  2.5
09.12.2025 12:37:45.153,  2.5
09.12.2025 12:37:49.163,  2.5
09.12.2025 12:37:53.153,  2.5
09.12.2025 12:37:57.283,  2.5
09.12.2025 12:38:01.163,  2.5
09.12.2025 12:38:05.163,  2.5
09.12.2025 12:38:09.153,  2.5
09.12.2025 12:38:13.243,  2.5
09.12.2025 12:38:17.163,  2.5
09.12.2025 12:38:21.163,  2.5
09.12.2025 12:38:25.283,  2.5
09.12.2025 12:38:29.163,  2.5
09.12.2025 12:38:33.243,  2.5
09.12.2025 12:38:37.283,  2.5
09.12.2025 12:38:41.243,  2.5
09.12.2025 12:38:45.163,  2.5
09.12.2025 12:38:49.153,  2.5
09.12.2025 12:38:53.163,  2.5
09.12.2025 12:38:57.163,  2.5
09.12.2025 12:39:01.243,  2.5
09.12.2025 12:39:05.153,  2.5
09.12.2025 12:39:09.313,  2.5
09.12.2025 12:39:13.283,  2.5
09.12.2025 12:39:17.243,  2.5
09.12.2025 12:39:21.283,  2.5
09.12.2025 12:39:25.173,  2.5
09.12.2025 12:39:29.183,  2.5
09.12.2025 12:39:33.283,  2.5
09.12.2025 12:39:37.173,  2.5
09.12.2025 12:39:41.183,  2.5
09.12.2025 12:39:45.183,  2.5
09.12.2025 12:39:49.273,  2.5
09.12.2025 12:39:53.173,  2.5
09.12.2025 12:39:57.183,  2.5
09.12.2025 12:40:01.183,  2.5
09.12.2025 12:40:05.184,  2.5
09.12.2025 12:40:09.289,  2.5
09.12.2025 12:40:13.199,  2.5
09.12.2025 12:40:17.199,  2.5
09.12.2025 12:40:21.289,  2.5
09.12.2025 12:40:25.289,  2.5
09.12.2025 12:40:29.230,  2.5
09.12.2025 12:40:33.189,  2.5
09.12.2025 12:40:37.199,  2.5
09.12.2025 12:40:41.189,  2.5
09.12.2025 12:40:45.189,  2.5
09.12.2025 12:40:49.199,  2.5
09.12.2025 12:40:53.189,  2.5
09.12.2025 12:40:57.199,  2.5
09.12.2025 12:41:01.199,  2.5
09.12.2025 12:41:05.199,  2.5
09.12.2025 12:41:09.199,  2.5
09.12.2025 12:41:13.189,  2.5
09.12.2025 12:41:17.199,  2.5
09.12.2025 12:41:21.189,  2.5
09.12.2025 12:41:25.289,  2.5
09.12.2025 12:41:29.199,  2.5
09.12.2025 12:41:33.199,  2.5
09.12.2025 12:41:37.289,  2.5
09.12.2025 12:41:41.289,  2.5
09.12.2025 12:41:45.289,  2.5
09.12.2025 12:41:49.289,  2.5
09.12.2025 12:41:53.289,  2.5
09.12.2025 12:41:57.199,  2.5
09.12.2025 12:42:01.199,  2.5
09.12.2025 12:42:05.199,  2.5
09.12.2025 12:42:09.189,  2.5
09.12.2025 12:42:13.189,  2.5
09.12.2025 12:42:17.199,  2.5
09.12.2025 12:42:21.189,  0.2
09.12.2025 12:42:25.289,  0.2
09.12.2025 12:42:29.289,  0.1
09.12.2025 12:42:33.289,  0.1
09.12.2025 12:42:37.289,  0.1
09.12.2025 12:42:41.289,  0.1
09.12.2025 12:42:45.209,  0.1
09.12.2025 12:42:49.199,  0.0
09.12.2025 12:42:53.209,  0.0
09.12.2025 12:42:57.209,  0.0
09.12.2025 12:43:01.229,  0.0
09.12.2025 12:43:05.329,  0.0
09.12.2025 12:43:09.409,  0.0
09.12.2025 12:43:13.289,  0.0
09.12.2025 12:43:17.409,  0.0
09.12.2025 12:43:21.319,  0.0
09.12.2025 12:43:25.199,  0.0
09.12.2025 12:43:29.369,  0.0
09.12.2025 12:43:33.199,  0.0
09.12.2025 12:43:37.369,  0.0
09.12.2025 12:43:41.209,  0.0
09.12.2025 12:43:45.219,  0.0
09.12.2025 12:43:49.219,  0.0
09.12.2025 12:43:53.209,  0.0
09.12.2025 12:43:57.219,  0.0
09.12.2025 12:44:01.329,  0.0
09.12.2025 12:44:05.219,  0.0
09.12.2025 12:44:09.209,  0.0
09.12.2025 12:44:13.319,  0.0
09.12.2025 12:44:17.319,  0.0
09.12.2025 12:44:21.319,  0.0
09.12.2025 12:44:25.319,  0.0
09.12.2025 12:44:29.229,  0.0
09.12.2025 12:44:33.219,  0.0
09.12.2025 12:44:37.219,  0.0
09.12.2025 12:44:41.319,  0.0
09.12.2025 12:44:45.309,  0.0
09.12.2025 12:44:49.219,  0.0
09.12.2025 12:44:53.359,  0.0
09.12.2025 12:44:57.319,  0.0
09.12.2025 12:45:01.319,  0.0
09.12.2025 12:45:05.239,  0.0
09.12.2025 12:45:09.252,  0.0
09.12.2025 12:45:13.252,  0.0
09.12.2025 12:45:17.242,  0.0
09.12.2025 12:45:21.332,  0.0
09.12.2025 12:45:25.332,  0.0
09.12.2025 12:45:29.242,  0.0
09.12.2025 12:45:33.252,  0.0
09.12.2025 12:45:37.332,  0.0
09.12.2025 12:45:41.332,  0.0
09.12.2025 12:45:45.452,  0.0
09.12.2025 12:45:49.252,  0.0
09.12.2025 12:45:53.572,  0.0
09.12.2025 12:45:57.252,  0.0
09.12.2025 12:46:01.252,  0.0
09.12.2025 12:46:05.412,  0.0
09.12.2025 12:46:09.252,  0.0
09.12.2025 12:46:13.252,  0.0
09.12.2025 12:46:17.332,  0.0
09.12.2025 12:46:21.452,  0.0
09.12.2025 12:46:25.242,  0.0
09.12.2025 12:46:29.252,  0.0
09.12.2025 12:46:33.252,  0.0
09.12.2025 12:46:37.252,  0.0
09.12.2025 12:46:41.412,  0.0
09.12.2025 12:46:45.252,  0.0
09.12.2025 12:46:49.412,  0.0
09.12.2025 12:46:53.242,  0.0
09.12.2025 12:46:57.252,  0.0
09.12.2025 12:47:01.252,  0.1
09.12.2025 12:47:05.252,  0.1
09.12.2025 12:47:09.242,  0.1
09.12.2025 12:47:13.453,  0.1
09.12.2025 12:47:17.242,  0.1
09.12.2025 12:47:21.373,  0.1
09.12.2025 12:47:25.252,  0.0
09.12.2025 12:47:29.332,  0.0
09.12.2025 12:47:33.252,  0.0
09.12.2025 12:47:37.242,  0.0
09.12.2025 12:47:41.242,  0.0
09.12.2025 12:47:45.452,  0.0
09.12.2025 12:47:49.332,  0.0
09.12.2025 12:47:53.242,  0.0
09.12.2025 12:47:57.412,  0.0
09.12.2025 12:48:01.452,  0.0
09.12.2025 12:48:05.332,  0.0
09.12.2025 12:48:09.242,  0.0
09.12.2025 12:48:15.252,  2.6
09.12.2025 12:48:19.362,  2.6
09.12.2025 12:48:23.252,  2.6
09.12.2025 12:48:27.242,  2.6
09.12.2025 12:48:31.252,  2.6
09.12.2025 12:48:35.242,  2.6
09.12.2025 12:48:39.242,  2.6
09.12.2025 12:48:43.362,  2.6
09.12.2025 12:48:47.262,  2.6
09.12.2025 12:48:51.252,  2.6
09.12.2025 12:48:55.262,  2.6
09.12.2025 12:48:59.262,  2.6
09.12.2025 12:49:03.322,  2.6
09.12.2025 12:49:07.402,  2.6
09.12.2025 12:49:11.362,  2.6
09.12.2025 12:49:15.362,  2.6
09.12.2025 12:49:19.262,  2.6
09.12.2025 12:49:23.362,  2.6
09.12.2025 12:49:27.362,  2.6
09.12.2025 12:49:31.362,  2.6
09.12.2025 12:49:35.362,  2.6
09.12.2025 12:49:39.262,  2.6
09.12.2025 12:49:43.362,  2.6
09.12.2025 12:49:47.362,  2.6
09.12.2025 12:49:51.362,  2.6
09.12.2025 12:49:55.272,  2.6
09.12.2025 12:49:59.272,  2.6
09.12.2025 12:50:03.262,  2.6
09.12.2025 12:50:07.291,  2.6
09.12.2025 12:50:11.291,  2.6
09.12.2025 12:50:15.381,  2.6
09.12.2025 12:50:19.291,  2.6
09.12.2025 12:50:23.291,  2.6
09.12.2025 12:50:27.291,  2.6
09.12.2025 12:50:31.291,  2.6
09.12.2025 12:50:35.301,  2.6
09.12.2025 12:50:39.301,  2.6
09.12.2025 12:50:43.291,  2.6
09.12.2025 12:50:47.301,  2.6
09.12.2025 12:50:51.291,  2.6
09.12.2025 12:50:55.291,  2.6
09.12.2025 12:50:59.301,  2.6
09.12.2025 12:51:03.311,  2.6
09.12.2025 12:51:07.311,  2.6
09.12.2025 12:51:11.661,  2.6
09.12.2025 12:51:15.311,  2.6
09.12.2025 12:51:19.301,  2.6
09.12.2025 12:51:23.311,  2.6
09.12.2025 12:51:27.301,  2.6
09.12.2025 12:51:31.422,  2.6
09.12.2025 12:51:35.421,  2.6
09.12.2025 12:51:39.421,  2.6
09.12.2025 12:51:43.421,  2.6
09.12.2025 12:51:47.322,  0.2
09.12.2025 12:51:51.321,  0.1
09.12.2025 12:51:55.321,  0.1
09.12.2025 12:51:59.311,  0.1
09.12.2025 12:52:03.311,  0.1
09.12.2025 12:52:07.661,  0.1
09.12.2025 12:52:11.311,  0.0
09.12.2025 12:52:15.321,  0.0
09.12.2025 12:52:19.311,  0.0
09.12.2025 12:52:23.321,  0.0
09.12.2025 12:52:27.311,  0.0
09.12.2025 12:52:31.321,  0.0
09.12.2025 12:52:35.411,  0.0
09.12.2025 12:52:39.411,  0.0
09.12.2025 12:52:43.411,  0.0
09.12.2025 12:52:47.421,  0.0
09.12.2025 12:52:51.341,  0.0
09.12.2025 12:52:55.311,  0.0
09.12.2025 12:52:59.311,  0.0
09.12.2025 12:53:03.411,  0.0
09.12.2025 12:53:07.311,  0.0
09.12.2025 12:53:11.321,  0.0
09.12.2025 12:53:15.311,  0.0
09.12.2025 12:53:19.411,  0.0
09.12.2025 12:53:23.321,  0.0
09.12.2025 12:53:27.321,  0.0
09.12.2025 12:53:31.321,  0.0
09.12.2025 12:53:35.411,  0.0
09.12.2025 12:53:39.311,  0.0
09.12.2025 12:53:43.411,  0.0
09.12.2025 12:53:47.321,  0.0
09.12.2025 12:53:51.321,  0.0
09.12.2025 12:53:55.411,  0.0
09.12.2025 12:53:59.411,  0.0
09.12.2025 12:54:03.411,  0.0
09.12.2025 12:54:07.321,  0.0
09.12.2025 12:54:11.411,  0.0
09.12.2025 12:54:15.411,  0.0
09.12.2025 12:54:19.321,  0.0
09.12.2025 12:54:23.322,  0.0
09.12.2025 12:54:27.311,  0.0
09.12.2025 12:54:31.411,  0.0
09.12.2025 12:54:35.411,  0.0
09.12.2025 12:54:39.411,  0.0
09.12.2025 12:54:43.411,  0.0
09.12.2025 12:54:47.411,  0.0
09.12.2025 12:54:51.411,  0.0
09.12.2025 12:54:55.411,  0.0
09.12.2025 12:54:59.411,  0.0
09.12.2025 12:55:03.411,  0.0
09.12.2025 12:55:07.426,  0.0
09.12.2025 12:55:11.426,  0.0
09.12.2025 12:55:15.426,  0.0
09.12.2025 12:55:19.336,  0.0
09.12.2025 12:55:23.426,  0.0
09.12.2025 12:55:27.336,  0.0
09.12.2025 12:55:31.336,  0.0
09.12.2025 12:55:35.346,  0.0
09.12.2025 12:55:39.346,  0.0
09.12.2025 12:55:43.346,  0.0
09.12.2025 12:55:47.467,  0.0
09.12.2025 12:55:51.547,  0.0
09.12.2025 12:55:55.336,  0.0
09.12.2025 12:55:59.346,  0.0
09.12.2025 12:56:03.466,  0.0
09.12.2025 12:56:07.426,  0.0
09.12.2025 12:56:11.546,  0.0
09.12.2025 12:56:15.336,  0.0
09.12.2025 12:56:19.466,  0.0
09.12.2025 12:56:23.346,  0.0
09.12.2025 12:56:27.346,  0.0
09.12.2025 12:56:31.346,  0.0
09.12.2025 12:56:35.346,  0.0
09.12.2025 12:56:39.346,  0.0
09.12.2025 12:56:43.506,  0.0
09.12.2025 12:56:47.416,  0.0
09.12.2025 12:56:51.346,  0.0
09.12.2025 12:56:55.458,  0.0
09.12.2025 12:56:59.536,  0.0
09.12.2025 12:57:03.416,  0.0
09.12.2025 12:57:07.346,  0.0
09.12.2025 12:57:11.416,  0.0
09.12.2025 12:57:15.337,  0.0
09.12.2025 12:57:19.356,  0.0
09.12.2025 12:57:23.346,  0.0
09.12.2025 12:57:27.356,  0.0
09.12.2025 12:57:31.456,  0.0
09.12.2025 12:57:35.456,  0.0
09.12.2025 12:57:39.346,  0.0
09.12.2025 12:57:43.356,  0.0
09.12.2025 12:57:47.356,  0.0
09.12.2025 12:57:51.356,  0.0
09.12.2025 12:57:55.456,  0.0
09.12.2025 12:57:59.456,  0.0
09.12.2025 12:58:03.456,  0.0
09.12.2025 12:58:07.456,  0.0
09.12.2025 12:58:11.366,  0.0
09.12.2025 12:58:15.376,  0.0
09.12.2025 12:58:19.376,  0.0
09.12.2025 12:58:23.376,  0.0
09.12.2025 12:58:27.456,  0.0
09.12.2025 12:58:31.436,  0.0
09.12.2025 12:58:35.496,  0.0
09.12.2025 12:58:39.496,  0.0
09.12.2025 12:58:43.536,  0.0
09.12.2025 12:58:47.456,  0.0
09.12.2025 12:58:51.456,  0.0
09.12.2025 12:58:55.366,  0.0
09.12.2025 12:58:59.456,  0.0
09.12.2025 12:59:03.376,  0.0
09.12.2025 12:59:07.376,  0.0
09.12.2025 12:59:11.396,  0.0
09.12.2025 12:59:15.387,  0.0
09.12.2025 12:59:19.386,  0.0
09.12.2025 12:59:23.496,  0.0
09.12.2025 12:59:27.496,  0.0
09.12.2025 12:59:31.496,  0.0
09.12.2025 12:59:35.397,  0.0
09.12.2025 12:59:39.536,  0.0
09.12.2025 12:59:43.436,  0.0
09.12.2025 12:59:47.436,  0.0
09.12.2025 12:59:51.426,  0.0
09.12.2025 12:59:55.436,  0.0
09.12.2025 12:59:59.446,  0.0
09.12.2025 13:00:03.446,  0.0
09.12.2025 13:00:07.555,  0.0
09.12.2025 13:00:11.464,  0.0
09.12.2025 13:00:15.464,  0.0
09.12.2025 13:00:19.464,  0.0
09.12.2025 13:00:23.454,  0.0
09.12.2025 13:00:27.554,  0.0
09.12.2025 13:00:31.554,  0.0
09.12.2025 13:00:35.534,  0.0
09.12.2025 13:00:39.664,  0.0
09.12.2025 13:00:43.914,  0.0
09.12.2025 13:00:47.464,  0.0
09.12.2025 13:00:51.454,  0.0
09.12.2025 13:00:55.454,  0.0
09.12.2025 13:00:59.474,  0.0
09.12.2025 13:01:03.464,  0.0
09.12.2025 13:01:07.474,  0.0
09.12.2025 13:01:11.584,  0.0
09.12.2025 13:01:15.584,  0.0
09.12.2025 13:01:19.464,  0.0
09.12.2025 13:01:23.474,  0.0
09.12.2025 13:01:27.584,  0.0
09.12.2025 13:01:31.464,  0.0
09.12.2025 13:01:36.624,  2.9
09.12.2025 13:01:40.584,  2.9
09.12.2025 13:01:44.584,  2.9
09.12.2025 13:01:48.484,  2.9
09.12.2025 13:01:52.484,  2.9
09.12.2025 13:01:56.474,  2.9
09.12.2025 13:02:00.484,  2.9
09.12.2025 13:02:04.474,  2.9
09.12.2025 13:02:08.584,  2.9
09.12.2025 13:02:12.584,  2.9
09.12.2025 13:02:16.484,  2.9
09.12.2025 13:02:20.474,  2.9
09.12.2025 13:02:24.484,  2.9
09.12.2025 13:02:28.484,  2.9
09.12.2025 13:02:32.485,  2.9
09.12.2025 13:02:36.494,  2.9
09.12.2025 13:02:40.484,  2.9
09.12.2025 13:02:44.494,  2.9
09.12.2025 13:02:48.494,  2.9
09.12.2025 13:02:52.584,  2.9
09.12.2025 13:02:56.584,  2.9
09.12.2025 13:03:00.584,  2.9
09.12.2025 13:03:04.584,  2.9
09.12.2025 13:03:08.494,  2.9
09.12.2025 13:03:12.494,  2.9
09.12.2025 13:03:16.494,  2.9
09.12.2025 13:03:20.495,  2.9
09.12.2025 13:03:24.484,  2.9
09.12.2025 13:03:28.584,  2.9
09.12.2025 13:03:32.484,  2.9
09.12.2025 13:03:36.494,  2.9
09.12.2025 13:03:40.584,  2.9
09.12.2025 13:03:44.584,  2.9
09.12.2025 13:03:48.494,  2.9
09.12.2025 13:03:52.584,  2.9
09.12.2025 13:03:56.584,  2.9
09.12.2025 13:04:00.584,  2.9
09.12.2025 13:04:04.584,  2.9
09.12.2025 13:04:08.584,  2.9
09.12.2025 13:04:12.584,  2.9
09.12.2025 13:04:16.484,  2.9
09.12.2025 13:04:20.494,  2.9
09.12.2025 13:04:24.494,  2.9
09.12.2025 13:04:28.484,  2.9
09.12.2025 13:04:32.484,  2.9
09.12.2025 13:04:36.584,  2.9
09.12.2025 13:04:40.584,  2.9
09.12.2025 13:04:44.584,  2.9
09.12.2025 13:04:48.574,  2.9
09.12.2025 13:04:52.494,  2.9
09.12.2025 13:04:56.484,  2.9
09.12.2025 13:05:00.584,  2.9
09.12.2025 13:05:04.494,  2.9
09.12.2025 13:05:08.504,  2.9
09.12.2025 13:05:12.593,  2.9
09.12.2025 13:05:16.593,  2.9
09.12.2025 13:05:20.593,  2.9
09.12.2025 13:05:24.503,  2.9
09.12.2025 13:05:28.493,  2.9
09.12.2025 13:05:32.493,  2.9
09.12.2025 13:05:36.503,  2.9
09.12.2025 13:05:40.493,  2.9
09.12.2025 13:05:44.503,  2.9
09.12.2025 13:05:48.503,  2.9
09.12.2025 13:05:52.503,  2.9
09.12.2025 13:05:56.503,  2.9
09.12.2025 13:06:00.493,  2.9
09.12.2025 13:06:04.583,  2.9
09.12.2025 13:06:08.583,  2.9
09.12.2025 13:06:12.503,  2.9
09.12.2025 13:06:16.623,  2.9
09.12.2025 13:06:20.503,  2.9
09.12.2025 13:06:24.503,  2.9
09.12.2025 13:06:28.503,  2.9
09.12.2025 13:06:32.513,  2.9
09.12.2025 13:06:36.623,  2.9
09.12.2025 13:06:40.523,  2.9
09.12.2025 13:06:44.513,  2.9
09.12.2025 13:06:48.513,  2.9
09.12.2025 13:06:52.623,  2.9
09.12.2025 13:06:56.513,  2.9
09.12.2025 13:07:00.513,  2.9
09.12.2025 13:07:04.523,  2.9
09.12.2025 13:07:08.523,  2.9
09.12.2025 13:07:12.513,  2.9
09.12.2025 13:07:16.513,  2.9
09.12.2025 13:07:20.623,  2.9
09.12.2025 13:07:24.513,  2.9
09.12.2025 13:07:28.623,  2.9
09.12.2025 13:07:32.623,  2.9
09.12.2025 13:07:36.523,  2.9
09.12.2025 13:07:40.513,  2.9
09.12.2025 13:07:44.523,  2.9
09.12.2025 13:07:48.523,  2.9
09.12.2025 13:07:52.513,  2.9
09.12.2025 13:07:56.513,  2.9
09.12.2025 13:08:00.623,  2.9
09.12.2025 13:08:04.623,  2.9
09.12.2025 13:08:08.583,  2.9
09.12.2025 13:08:12.523,  2.9
09.12.2025 13:08:16.533,  2.9
09.12.2025 13:08:20.533,  2.9
09.12.2025 13:08:24.523,  2.9
09.12.2025 13:08:28.623,  2.9
09.12.2025 13:08:32.523,  2.9
09.12.2025 13:08:36.533,  2.9
09.12.2025 13:08:40.624,  2.9
09.12.2025 13:08:44.623,  2.9
09.12.2025 13:08:48.623,  2.9
09.12.2025 13:08:52.533,  2.9
09.12.2025 13:08:56.623,  2.9
09.12.2025 13:09:00.613,  2.9
09.12.2025 13:09:04.623,  2.9
09.12.2025 13:09:08.623,  2.9
09.12.2025 13:09:12.623,  2.9
09.12.2025 13:09:16.533,  2.9
09.12.2025 13:09:20.613,  2.9
09.12.2025 13:09:24.623,  2.9
09.12.2025 13:09:28.533,  2.9
09.12.2025 13:09:32.523,  2.9
09.12.2025 13:09:36.613,  2.9
09.12.2025 13:09:40.613,  2.9
09.12.2025 13:09:44.623,  2.9
09.12.2025 13:09:48.523,  2.9
09.12.2025 13:09:52.533,  2.9
09.12.2025 13:09:56.523,  2.9
09.12.2025 13:10:00.533,  2.9
09.12.2025 13:10:04.534,  2.9
09.12.2025 13:10:08.671,  2.9
09.12.2025 13:10:12.631,  2.9
09.12.2025 13:10:16.553,  2.9
09.12.2025 13:10:20.552,  0.3
09.12.2025 13:10:24.551,  0.2
09.12.2025 13:10:28.541,  0.2
09.12.2025 13:10:32.551,  0.1
09.12.2025 13:10:36.541,  0.1
09.12.2025 13:10:40.541,  0.1
09.12.2025 13:10:44.631,  0.1
09.12.2025 13:10:48.551,  0.0
09.12.2025 13:10:52.541,  0.0
09.12.2025 13:10:56.551,  0.0
09.12.2025 13:11:00.631,  0.0
09.12.2025 13:11:04.631,  0.0
09.12.2025 13:11:08.711,  0.0
09.12.2025 13:11:12.551,  0.0
09.12.2025 13:11:16.551,  0.0
09.12.2025 13:11:20.671,  0.0
09.12.2025 13:11:24.631,  0.0
09.12.2025 13:11:28.751,  0.0
09.12.2025 13:11:32.561,  0.0
09.12.2025 13:11:36.671,  0.0
09.12.2025 13:11:40.671,  0.0
09.12.2025 13:11:44.561,  0.0
09.12.2025 13:11:48.671,  0.0
09.12.2025 13:11:52.551,  0.0
09.12.2025 13:11:56.561,  0.0
09.12.2025 13:12:00.551,  0.0
09.12.2025 13:12:04.561,  0.0
09.12.2025 13:12:08.671,  0.0
09.12.2025 13:12:12.671,  0.0
09.12.2025 13:12:16.551,  0.0
09.12.2025 13:12:20.671,  0.0
09.12.2025 13:12:24.671,  0.0
09.12.2025 13:12:28.671,  0.0
09.12.2025 13:12:32.671,  0.0
09.12.2025 13:12:36.671,  0.0
09.12.2025 13:12:40.561,  0.0
09.12.2025 13:12:44.561,  0.0
09.12.2025 13:12:48.551,  0.0
09.12.2025 13:12:52.561,  0.0
09.12.2025 13:12:56.671,  0.0
09.12.2025 13:13:00.671,  0.0
09.12.2025 13:13:04.551,  0.0
09.12.2025 13:13:08.561,  0.0
09.12.2025 13:13:12.561,  0.0
09.12.2025 13:13:16.551,  0.0
09.12.2025 13:13:20.671,  0.0
09.12.2025 13:13:24.661,  0.0
09.12.2025 13:13:28.671,  0.0
09.12.2025 13:13:32.561,  0.0
09.12.2025 13:13:36.561,  0.0
09.12.2025 13:13:40.551,  0.0
09.12.2025 13:13:44.562,  0.1
09.12.2025 13:13:48.551,  0.0
09.12.2025 13:13:52.551,  0.0
09.12.2025 13:13:56.671,  0.0
09.12.2025 13:14:00.561,  0.0
09.12.2025 13:14:04.561,  0.0
09.12.2025 13:14:08.661,  0.0
09.12.2025 13:14:12.561,  0.0
09.12.2025 13:14:16.571,  0.0
09.12.2025 13:14:20.661,  0.0
09.12.2025 13:14:24.571,  0.0
09.12.2025 13:14:28.561,  0.0
09.12.2025 13:14:32.571,  0.0
09.12.2025 13:14:36.581,  0.0
09.12.2025 13:14:40.571,  0.0
09.12.2025 13:14:44.582,  0.0
09.12.2025 13:14:48.571,  0.0
09.12.2025 13:14:52.581,  0.0
09.12.2025 13:14:56.571,  0.0
09.12.2025 13:15:00.661,  0.0
09.12.2025 13:15:04.661,  0.0
09.12.2025 13:15:08.592,  0.1
09.12.2025 13:15:12.712,  0.1
09.12.2025 13:15:16.672,  0.1
09.12.2025 13:15:20.792,  0.1
09.12.2025 13:15:24.672,  0.1
09.12.2025 13:15:28.672,  0.1
09.12.2025 13:15:32.593,  0.1
09.12.2025 13:15:36.592,  0.1
09.12.2025 13:15:40.593,  0.1
09.12.2025 13:15:44.582,  0.0
09.12.2025 13:15:48.612,  0.0
09.12.2025 13:15:52.712,  0.0
09.12.2025 13:15:56.672,  0.0
09.12.2025 13:16:00.672,  0.0
09.12.2025 13:16:04.582,  0.0
09.12.2025 13:16:08.592,  0.0
09.12.2025 13:16:13.192,  0.0
09.12.2025 13:16:16.592,  0.0
09.12.2025 13:16:20.592,  0.0
09.12.2025 13:16:24.672,  0.0
09.12.2025 13:16:28.592,  0.0
09.12.2025 13:16:32.582,  0.0
09.12.2025 13:16:36.712,  0.0
09.12.2025 13:16:40.712,  0.0
09.12.2025 13:16:44.712,  0.0
09.12.2025 13:16:48.712,  0.0
09.12.2025 13:16:52.712,  0.0
09.12.2025 13:16:56.712,  0.0
09.12.2025 13:17:00.712,  0.0
09.12.2025 13:17:04.712,  0.0
09.12.2025 13:17:08.612,  0.0
09.12.2025 13:17:12.602,  0.0
09.12.2025 13:17:16.612,  0.0
09.12.2025 13:17:20.612,  0.0
09.12.2025 13:17:25.612,  2.4
09.12.2025 13:17:29.602,  2.4
09.12.2025 13:17:33.612,  2.4
09.12.2025 13:17:37.602,  2.4
09.12.2025 13:17:41.612,  2.4
09.12.2025 13:17:45.602,  2.4
09.12.2025 13:17:49.612,  2.4
09.12.2025 13:17:53.612,  2.4
09.12.2025 13:17:57.712,  2.4
09.12.2025 13:18:01.652,  2.4
09.12.2025 13:18:05.612,  2.4
09.12.2025 13:18:09.622,  2.4
09.12.2025 13:18:13.622,  2.4
09.12.2025 13:18:17.622,  2.4
09.12.2025 13:18:21.702,  2.4
09.12.2025 13:18:25.702,  2.4
09.12.2025 13:18:29.702,  2.4
09.12.2025 13:18:33.702,  2.4
09.12.2025 13:18:37.702,  2.4
09.12.2025 13:18:41.702,  2.4
09.12.2025 13:18:45.622,  2.4
09.12.2025 13:18:49.622,  2.4
09.12.2025 13:18:53.622,  2.4
09.12.2025 13:18:57.622,  2.4
09.12.2025 13:19:01.622,  2.4
09.12.2025 13:19:05.622,  2.4
09.12.2025 13:19:09.622,  2.4
09.12.2025 13:19:13.622,  2.4
09.12.2025 13:19:17.612,  2.4
09.12.2025 13:19:21.702,  2.4
09.12.2025 13:19:25.702,  2.4
09.12.2025 13:19:29.702,  2.4
09.12.2025 13:19:33.612,  2.4
09.12.2025 13:19:37.623,  2.4
09.12.2025 13:19:41.612,  2.4
09.12.2025 13:19:45.622,  2.4
09.12.2025 13:19:49.622,  2.4
09.12.2025 13:19:53.702,  2.4
09.12.2025 13:19:57.622,  2.4
09.12.2025 13:20:01.622,  2.4
09.12.2025 13:20:05.623,  2.4
09.12.2025 13:20:09.623,  2.4
09.12.2025 13:20:13.633,  2.4
09.12.2025 13:20:17.633,  2.4
09.12.2025 13:20:21.623,  2.4
09.12.2025 13:20:25.633,  2.4
09.12.2025 13:20:29.753,  2.4
09.12.2025 13:20:33.753,  2.4
09.12.2025 13:20:37.633,  2.4
09.12.2025 13:20:41.633,  2.4
09.12.2025 13:20:45.713,  2.4
09.12.2025 13:20:49.633,  2.4
09.12.2025 13:20:53.623,  2.4
09.12.2025 13:20:57.623,  2.4
09.12.2025 13:21:01.623,  2.4
09.12.2025 13:21:05.753,  2.4
09.12.2025 13:21:09.713,  2.4
09.12.2025 13:21:13.833,  2.4
09.12.2025 13:21:17.633,  2.4
09.12.2025 13:21:21.633,  2.4
09.12.2025 13:21:25.633,  2.4
09.12.2025 13:21:29.633,  2.4
09.12.2025 13:21:33.634,  2.4
09.12.2025 13:21:37.623,  2.4
09.12.2025 13:21:41.633,  2.4
09.12.2025 13:21:45.623,  2.4
09.12.2025 13:21:49.633,  2.4
09.12.2025 13:21:53.713,  2.4
09.12.2025 13:21:57.713,  2.4
09.12.2025 13:22:01.753,  2.4
09.12.2025 13:22:05.823,  2.4
09.12.2025 13:22:09.623,  0.2
09.12.2025 13:22:13.623,  0.2
09.12.2025 13:22:17.633,  0.1
09.12.2025 13:22:21.823,  0.1
09.12.2025 13:22:25.633,  0.0
09.12.2025 13:22:29.623,  0.0
09.12.2025 13:22:33.623,  0.0
09.12.2025 13:22:37.633,  0.0
09.12.2025 13:22:41.743,  0.0
09.12.2025 13:22:45.743,  0.0
09.12.2025 13:22:49.743,  0.0
09.12.2025 13:22:53.743,  0.0
09.12.2025 13:22:57.743,  0.0
09.12.2025 13:23:01.743,  0.0
09.12.2025 13:23:05.743,  0.0
09.12.2025 13:23:09.643,  0.0
09.12.2025 13:23:13.743,  0.0
09.12.2025 13:23:17.743,  0.0
09.12.2025 13:23:21.643,  0.0
09.12.2025 13:23:25.743,  0.0
09.12.2025 13:23:29.644,  0.0
09.12.2025 13:23:33.643,  0.0
09.12.2025 13:23:37.643,  0.0
09.12.2025 13:23:41.643,  0.0
09.12.2025 13:23:45.644,  0.0
09.12.2025 13:23:49.643,  0.0
09.12.2025 13:23:53.644,  0.0
09.12.2025 13:23:57.743,  0.0
09.12.2025 13:24:01.633,  0.0
09.12.2025 13:24:05.743,  0.0
09.12.2025 13:24:09.743,  0.0
09.12.2025 13:24:13.743,  0.0
09.12.2025 13:24:17.743,  0.0
09.12.2025 13:24:21.743,  0.0
09.12.2025 13:24:25.643,  0.0
09.12.2025 13:24:29.743,  0.0
09.12.2025 13:24:33.743,  0.0
09.12.2025 13:24:37.643,  0.0
09.12.2025 13:24:41.743,  0.0
09.12.2025 13:24:45.743,  0.0
09.12.2025 13:24:49.633,  0.0
09.12.2025 13:24:53.643,  0.0
09.12.2025 13:24:57.634,  0.0
09.12.2025 13:25:01.654,  0.0
09.12.2025 13:25:05.743,  0.0
09.12.2025 13:25:09.684,  0.0
09.12.2025 13:25:13.684,  0.0
09.12.2025 13:25:17.764,  0.0
09.12.2025 13:25:21.694,  0.0
09.12.2025 13:25:25.694,  0.1
09.12.2025 13:25:29.694,  0.1
09.12.2025 13:25:33.804,  0.1
09.12.2025 13:25:37.764,  0.0
09.12.2025 13:25:41.925,  0.0
09.12.2025 13:25:45.694,  0.0
09.12.2025 13:25:49.694,  0.0
09.12.2025 13:25:53.695,  0.0
09.12.2025 13:25:57.694,  0.0
09.12.2025 13:26:01.805,  0.0
09.12.2025 13:26:05.804,  0.0
09.12.2025 13:26:09.804,  0.0
09.12.2025 13:26:13.704,  0.0
09.12.2025 13:26:17.794,  0.0
09.12.2025 13:26:21.694,  0.0
09.12.2025 13:26:25.794,  0.0
09.12.2025 13:26:29.704,  0.0
09.12.2025 13:26:33.804,  0.0
09.12.2025 13:26:37.704,  0.0
09.12.2025 13:26:41.794,  0.0
09.12.2025 13:26:45.794,  0.0
09.12.2025 13:26:49.764,  0.0
09.12.2025 13:26:53.914,  0.0
09.12.2025 13:26:57.834,  0.1
09.12.2025 13:27:01.794,  0.1
09.12.2025 13:27:05.714,  0.1
09.12.2025 13:27:09.704,  0.1
09.12.2025 13:27:13.714,  0.1
09.12.2025 13:27:17.714,  0.1
09.12.2025 13:27:21.794,  0.1
09.12.2025 13:27:25.704,  0.0
09.12.2025 13:27:29.794,  0.0
09.12.2025 13:27:33.794,  0.0
09.12.2025 13:27:37.794,  0.0
09.12.2025 13:27:41.794,  0.0
09.12.2025 13:27:45.794,  0.0
09.12.2025 13:27:49.874,  0.0
09.12.2025 13:27:53.794,  0.0
09.12.2025 13:27:57.794,  0.0
09.12.2025 13:28:01.714,  0.0
09.12.2025 13:28:05.704,  0.0
09.12.2025 13:28:09.714,  0.0
09.12.2025 13:28:13.704,  0.0
09.12.2025 13:28:17.704,  0.0
09.12.2025 13:28:21.714,  0.0
09.12.2025 13:28:25.714,  0.0
09.12.2025 13:28:29.714,  0.0
09.12.2025 13:28:33.714,  0.0
09.12.2025 13:28:37.874,  0.0
09.12.2025 13:28:41.794,  0.0
09.12.2025 13:28:45.714,  0.0
09.12.2025 13:28:50.834,  2.8
09.12.2025 13:28:54.834,  2.8
09.12.2025 13:28:58.725,  2.8
09.12.2025 13:29:02.724,  2.8
09.12.2025 13:29:06.714,  2.8
09.12.2025 13:29:10.834,  2.8
09.12.2025 13:29:14.834,  2.8
09.12.2025 13:29:18.834,  2.8
09.12.2025 13:29:22.834,  2.8
09.12.2025 13:29:26.834,  2.8
09.12.2025 13:29:30.834,  2.8
09.12.2025 13:29:34.724,  2.8
09.12.2025 13:29:38.714,  2.8
09.12.2025 13:29:42.714,  2.8
09.12.2025 13:29:46.724,  2.8
09.12.2025 13:29:50.724,  2.8
09.12.2025 13:29:54.834,  2.8
09.12.2025 13:29:58.724,  2.8
09.12.2025 13:30:02.714,  2.8
09.12.2025 13:30:06.737,  2.8
09.12.2025 13:30:10.737,  2.8
09.12.2025 13:30:14.847,  2.8
09.12.2025 13:30:18.847,  2.8
09.12.2025 13:30:22.847,  2.8
09.12.2025 13:30:26.727,  2.8
09.12.2025 13:30:30.737,  2.8
09.12.2025 13:30:34.727,  2.8
09.12.2025 13:30:38.847,  2.8
09.12.2025 13:30:42.837,  2.8
09.12.2025 13:30:46.747,  2.8
09.12.2025 13:30:50.847,  2.8
09.12.2025 13:30:54.848,  2.8
09.12.2025 13:30:58.847,  2.8
09.12.2025 13:31:02.837,  2.8
09.12.2025 13:31:06.847,  2.8
09.12.2025 13:31:10.847,  2.8
09.12.2025 13:31:14.837,  2.8
09.12.2025 13:31:18.737,  2.8
09.12.2025 13:31:22.837,  2.8
09.12.2025 13:31:26.837,  2.8
09.12.2025 13:31:30.837,  2.8
09.12.2025 13:31:34.757,  2.8
09.12.2025 13:31:38.757,  2.8
09.12.2025 13:31:42.747,  2.8
09.12.2025 13:31:46.757,  2.8
09.12.2025 13:31:50.837,  2.8
09.12.2025 13:31:54.837,  2.8
09.12.2025 13:31:58.757,  2.8
09.12.2025 13:32:02.747,  2.8
09.12.2025 13:32:06.757,  2.8
09.12.2025 13:32:10.747,  2.8
09.12.2025 13:32:14.757,  2.8
09.12.2025 13:32:18.837,  2.8
09.12.2025 13:32:22.917,  2.8
09.12.2025 13:32:26.837,  2.8
09.12.2025 13:32:30.837,  2.8
09.12.2025 13:32:34.877,  2.8
09.12.2025 13:32:38.877,  2.8
09.12.2025 13:32:42.877,  2.8
09.12.2025 13:32:46.877,  2.8
09.12.2025 13:32:50.777,  2.8
09.12.2025 13:32:54.877,  0.2
09.12.2025 13:32:58.877,  0.2
09.12.2025 13:33:02.877,  0.2
09.12.2025 13:33:06.777,  0.1
09.12.2025 13:33:10.777,  0.0
09.12.2025 13:33:14.777,  0.0
09.12.2025 13:33:18.767,  0.0
09.12.2025 13:33:22.777,  0.0
09.12.2025 13:33:26.767,  0.0
09.12.2025 13:33:30.777,  0.0
09.12.2025 13:33:34.877,  0.0
09.12.2025 13:33:38.777,  0.0
09.12.2025 13:33:42.877,  0.0
09.12.2025 13:33:46.777,  0.0
09.12.2025 13:33:50.777,  0.0
09.12.2025 13:33:54.877,  0.0
09.12.2025 13:33:58.877,  0.0
09.12.2025 13:34:02.877,  0.0
09.12.2025 13:34:06.817,  0.0
09.12.2025 13:34:10.917,  0.0
09.12.2025 13:34:14.918,  0.0
09.12.2025 13:34:18.797,  0.0
09.12.2025 13:34:22.797,  0.0
09.12.2025 13:34:26.798,  0.0
09.12.2025 13:34:30.917,  0.0
09.12.2025 13:34:34.877,  0.0
09.12.2025 13:34:38.797,  0.0
09.12.2025 13:34:42.797,  0.0
09.12.2025 13:34:46.787,  0.0
09.12.2025 13:34:50.987,  0.0
09.12.2025 13:34:54.907,  0.0
09.12.2025 13:34:58.817,  0.0
09.12.2025 13:35:02.797,  0.0
09.12.2025 13:35:06.813,  0.0
09.12.2025 13:35:10.803,  0.0
09.12.2025 13:35:14.813,  0.0
09.12.2025 13:35:18.933,  0.0
09.12.2025 13:35:22.923,  0.0
09.12.2025 13:35:26.923,  0.0
09.12.2025 13:35:30.923,  0.0
09.12.2025 13:35:34.923,  0.0
09.12.2025 13:35:38.823,  0.0
09.12.2025 13:35:42.823,  0.0
09.12.2025 13:35:46.923,  0.0
09.12.2025 13:35:50.833,  0.0
09.12.2025 13:35:54.923,  0.0
09.12.2025 13:35:58.923,  0.0
09.12.2025 13:36:02.923,  0.0
09.12.2025 13:36:06.813,  0.0
09.12.2025 13:36:11.163,  0.0
09.12.2025 13:36:14.823,  0.0
09.12.2025 13:36:18.813,  0.1
09.12.2025 13:36:22.824,  0.1
09.12.2025 13:36:26.923,  0.0
09.12.2025 13:36:30.923,  0.0
09.12.2025 13:36:34.923,  0.0
09.12.2025 13:36:38.823,  0.0
09.12.2025 13:36:42.843,  0.0
09.12.2025 13:36:46.923,  0.0
09.12.2025 13:36:50.923,  0.0
09.12.2025 13:36:54.833,  0.0
09.12.2025 13:36:58.923,  0.0
09.12.2025 13:37:02.823,  0.0
09.12.2025 13:37:06.923,  0.0
09.12.2025 13:37:10.923,  0.0
09.12.2025 13:37:14.833,  0.0
09.12.2025 13:37:18.923,  0.0
09.12.2025 13:37:22.833,  0.0
09.12.2025 13:37:26.833,  0.0
09.12.2025 13:37:30.923,  0.0
09.12.2025 13:37:34.833,  0.0
09.12.2025 13:37:38.923,  0.0
09.12.2025 13:37:42.923,  0.1
09.12.2025 13:37:46.833,  0.1
09.12.2025 13:37:50.833,  0.1
09.12.2025 13:37:54.833,  0.1
09.12.2025 13:37:58.823,  0.1
09.12.2025 13:38:02.923,  0.1
09.12.2025 13:38:06.833,  0.1
09.12.2025 13:38:10.923,  0.0
09.12.2025 13:38:14.923,  0.0
09.12.2025 13:38:18.923,  0.0
09.12.2025 13:38:22.923,  0.0
09.12.2025 13:38:26.923,  0.0
09.12.2025 13:38:30.833,  0.0
09.12.2025 13:38:34.833,  0.0
09.12.2025 13:38:38.823,  0.0
09.12.2025 13:38:42.833,  0.0
09.12.2025 13:38:46.833,  0.0
09.12.2025 13:38:50.833,  0.0
09.12.2025 13:38:54.823,  0.0
09.12.2025 13:38:58.823,  0.0
09.12.2025 13:39:02.833,  0.0
09.12.2025 13:39:06.923,  0.0
09.12.2025 13:39:10.923,  0.0
09.12.2025 13:39:14.823,  0.0
09.12.2025 13:39:18.834,  0.0
09.12.2025 13:39:23.833,  2.0
09.12.2025 13:39:27.843,  2.0
09.12.2025 13:39:31.913,  2.0
09.12.2025 13:39:35.963,  2.0
09.12.2025 13:39:39.963,  2.0
09.12.2025 13:39:43.833,  2.0
09.12.2025 13:39:47.843,  2.0
09.12.2025 13:39:51.843,  2.0
09.12.2025 13:39:55.833,  2.0
09.12.2025 13:39:59.843,  2.0
09.12.2025 13:40:03.843,  2.0
09.12.2025 13:40:07.842,  2.0
09.12.2025 13:40:11.962,  2.0
09.12.2025 13:40:15.962,  2.0
09.12.2025 13:40:19.842,  2.0
09.12.2025 13:40:23.852,  2.0
09.12.2025 13:40:27.842,  2.0
09.12.2025 13:40:31.852,  2.0
09.12.2025 13:40:35.962,  2.0
09.12.2025 13:40:39.892,  2.0
09.12.2025 13:40:43.872,  2.0
09.12.2025 13:40:47.862,  2.0
09.12.2025 13:40:51.873,  2.0
09.12.2025 13:40:55.882,  2.0
09.12.2025 13:40:59.872,  2.0
09.12.2025 13:41:03.882,  2.0
09.12.2025 13:41:07.872,  2.0
09.12.2025 13:41:11.882,  2.0
09.12.2025 13:41:16.042,  2.0
09.12.2025 13:41:19.882,  2.0
09.12.2025 13:41:23.882,  2.0
09.12.2025 13:41:27.882,  2.0
09.12.2025 13:41:31.882,  2.0
09.12.2025 13:41:35.882,  2.0
09.12.2025 13:41:39.892,  2.0
09.12.2025 13:41:43.882,  2.0
09.12.2025 13:41:47.892,  2.0
09.12.2025 13:41:51.882,  2.0
09.12.2025 13:41:56.002,  2.0
09.12.2025 13:41:59.892,  2.0
09.12.2025 13:42:03.902,  2.0
09.12.2025 13:42:08.002,  2.0
09.12.2025 13:42:12.002,  2.0
09.12.2025 13:42:16.002,  2.0
09.12.2025 13:42:20.002,  2.0
09.12.2025 13:42:24.002,  2.0
09.12.2025 13:42:28.002,  2.0
09.12.2025 13:42:31.902,  2.0
09.12.2025 13:42:35.902,  2.0
09.12.2025 13:42:39.892,  2.0
09.12.2025 13:42:43.902,  2.0
09.12.2025 13:42:47.902,  2.0
09.12.2025 13:42:51.892,  2.0
09.12.2025 13:42:55.902,  2.0
09.12.2025 13:42:59.902,  2.0
09.12.2025 13:43:03.902,  2.0
09.12.2025 13:43:08.002,  2.0
09.12.2025 13:43:11.992,  2.0
09.12.2025 13:43:15.972,  2.0
09.12.2025 13:43:20.122,  2.0
09.12.2025 13:43:24.032,  2.0
09.12.2025 13:43:27.992,  2.0
09.12.2025 13:43:31.902,  2.0
09.12.2025 13:43:35.902,  2.0
09.12.2025 13:43:39.902,  2.0
09.12.2025 13:43:43.902,  2.0
09.12.2025 13:43:47.902,  2.0
09.12.2025 13:43:51.992,  2.0
09.12.2025 13:43:55.992,  2.0
09.12.2025 13:43:59.992,  2.0
09.12.2025 13:44:03.902,  2.0
09.12.2025 13:44:07.902,  2.0
09.12.2025 13:44:11.902,  2.0
09.12.2025 13:44:15.902,  2.0
09.12.2025 13:44:19.892,  2.0
09.12.2025 13:44:23.903,  2.0
09.12.2025 13:44:27.892,  2.0
09.12.2025 13:44:31.902,  2.0
09.12.2025 13:44:35.892,  2.0
09.12.2025 13:44:39.992,  2.0
09.12.2025 13:44:43.892,  2.0
09.12.2025 13:44:47.892,  2.0
09.12.2025 13:44:51.902,  2.0
09.12.2025 13:44:55.902,  2.0
09.12.2025 13:44:59.902,  2.0
09.12.2025 13:45:03.992,  2.0
09.12.2025 13:45:08.013,  2.0
09.12.2025 13:45:11.923,  2.0
09.12.2025 13:45:15.923,  2.0
09.12.2025 13:45:19.923,  2.0
09.12.2025 13:45:23.923,  2.0
09.12.2025 13:45:27.923,  2.0
09.12.2025 13:45:31.923,  2.0
09.12.2025 13:45:35.913,  2.0
09.12.2025 13:45:40.013,  2.0
09.12.2025 13:45:44.013,  2.0
09.12.2025 13:45:48.013,  2.0
09.12.2025 13:45:52.013,  2.0
09.12.2025 13:45:55.993,  2.0
09.12.2025 13:46:00.133,  2.0
09.12.2025 13:46:04.053,  2.0
09.12.2025 13:46:08.133,  2.0
09.12.2025 13:46:12.013,  2.0
09.12.2025 13:46:16.013,  2.0
09.12.2025 13:46:19.923,  2.0
09.12.2025 13:46:24.013,  2.0
09.12.2025 13:46:28.293,  2.0
09.12.2025 13:46:31.923,  2.0
09.12.2025 13:46:35.934,  2.0
09.12.2025 13:46:40.053,  2.0
09.12.2025 13:46:43.923,  2.0
09.12.2025 13:46:47.923,  0.2
09.12.2025 13:46:51.933,  0.1
09.12.2025 13:46:55.923,  0.1
09.12.2025 13:46:59.923,  0.0
09.12.2025 13:47:03.933,  0.0
09.12.2025 13:47:07.923,  0.0
09.12.2025 13:47:11.933,  0.0
09.12.2025 13:47:16.053,  0.0
09.12.2025 13:47:19.953,  0.0
09.12.2025 13:47:23.943,  0.0
09.12.2025 13:47:27.943,  0.0
09.12.2025 13:47:31.943,  0.0
09.12.2025 13:47:36.053,  0.0
09.12.2025 13:47:39.953,  0.0
09.12.2025 13:47:43.953,  0.0
09.12.2025 13:47:47.953,  0.0
09.12.2025 13:47:51.953,  0.0
09.12.2025 13:47:56.043,  0.0
09.12.2025 13:48:00.053,  0.0
09.12.2025 13:48:03.943,  0.0
09.12.2025 13:48:08.053,  0.0
09.12.2025 13:48:12.043,  0.0
09.12.2025 13:48:15.943,  0.0
09.12.2025 13:48:20.043,  0.0
09.12.2025 13:48:24.043,  0.0
09.12.2025 13:48:27.943,  0.0
09.12.2025 13:48:31.953,  0.0
09.12.2025 13:48:36.043,  0.0
09.12.2025 13:48:40.043,  0.0
09.12.2025 13:48:44.043,  0.0
09.12.2025 13:48:47.963,  0.0
09.12.2025 13:48:52.123,  0.0
09.12.2025 13:48:55.973,  0.0
09.12.2025 13:48:59.983,  0.0
09.12.2025 13:49:03.983,  0.0
09.12.2025 13:49:07.973,  0.0
09.12.2025 13:49:12.083,  0.0
09.12.2025 13:49:15.983,  0.0
09.12.2025 13:49:19.983,  0.0
09.12.2025 13:49:23.973,  0.0
09.12.2025 13:49:28.083,  0.0
09.12.2025 13:49:31.973,  0.0
09.12.2025 13:49:35.983,  0.0
09.12.2025 13:49:39.973,  0.0
09.12.2025 13:49:44.083,  0.0
09.12.2025 13:49:48.083,  0.0
09.12.2025 13:49:51.983,  0.0
09.12.2025 13:49:55.983,  0.0
09.12.2025 13:49:59.983,  0.0
09.12.2025 13:50:03.983,  0.0
09.12.2025 13:50:08.101,  0.0
09.12.2025 13:50:12.001,  0.0
09.12.2025 13:50:16.001,  0.1
09.12.2025 13:50:20.002,  0.0
09.12.2025 13:50:23.991,  0.0
09.12.2025 13:50:28.001,  0.0
09.12.2025 13:50:32.101,  0.0
09.12.2025 13:50:36.011,  0.0
09.12.2025 13:50:40.341,  0.0
09.12.2025 13:50:44.101,  0.0
09.12.2025 13:50:48.091,  0.0
09.12.2025 13:50:52.221,  0.0
09.12.2025 13:50:56.141,  0.0
09.12.2025 13:51:00.011,  0.0
09.12.2025 13:51:04.101,  0.0
09.12.2025 13:51:08.021,  0.0
09.12.2025 13:51:12.031,  0.0
09.12.2025 13:51:16.041,  0.0
09.12.2025 13:51:20.142,  0.0
09.12.2025 13:51:24.041,  0.0
09.12.2025 13:51:28.041,  0.0
09.12.2025 13:51:32.041,  0.0
09.12.2025 13:51:36.031,  0.0
09.12.2025 13:51:40.041,  0.0
09.12.2025 13:51:44.041,  0.0
09.12.2025 13:51:48.131,  0.0
09.12.2025 13:51:52.131,  0.0
09.12.2025 13:51:56.131,  0.0
09.12.2025 13:52:00.041,  0.0
09.12.2025 13:52:04.131,  0.0
09.12.2025 13:52:08.141,  0.0
09.12.2025 13:52:12.041,  0.0
09.12.2025 13:52:16.131,  0.0
09.12.2025 13:52:20.041,  0.0
09.12.2025 13:52:24.041,  0.0
09.12.2025 13:52:28.041,  0.0
09.12.2025 13:52:32.031,  0.0
09.12.2025 13:52:36.031,  0.0
09.12.2025 13:52:40.131,  0.0
09.12.2025 13:52:44.031,  0.0
09.12.2025 13:52:48.041,  0.0
09.12.2025 13:52:52.041,  0.0
09.12.2025 13:52:56.131,  0.0
09.12.2025 13:53:00.041,  0.0
09.12.2025 13:53:04.131,  0.0
09.12.2025 13:53:08.131,  0.0
09.12.2025 13:53:12.041,  0.0
09.12.2025 13:53:16.041,  0.0
09.12.2025 13:53:20.031,  0.0
09.12.2025 13:53:24.042,  0.0
09.12.2025 13:53:28.041,  0.0
09.12.2025 13:53:32.131,  0.0
09.12.2025 13:53:36.041,  0.0
09.12.2025 13:53:40.131,  0.0
09.12.2025 13:53:44.041,  0.0
09.12.2025 13:53:48.031,  0.0
09.12.2025 13:53:52.132,  0.0
09.12.2025 13:53:56.031,  0.0
09.12.2025 13:54:00.371,  0.0
09.12.2025 13:54:04.031,  0.0
09.12.2025 13:54:08.041,  0.0
09.12.2025 13:54:12.131,  0.0
09.12.2025 13:54:16.041,  0.0
09.12.2025 13:54:20.042,  0.0
09.12.2025 13:54:24.131,  0.0
09.12.2025 13:54:28.031,  0.0
09.12.2025 13:54:32.131,  0.0
09.12.2025 13:54:36.031,  0.0
09.12.2025 13:54:40.041,  0.0
09.12.2025 13:54:44.031,  0.0
09.12.2025 13:54:48.131,  0.0
09.12.2025 13:54:52.041,  0.0
09.12.2025 13:54:56.041,  0.0
09.12.2025 13:55:00.131,  0.0
09.12.2025 13:55:04.131,  0.0
09.12.2025 13:55:08.048,  0.0
09.12.2025 13:55:12.048,  0.0
09.12.2025 13:55:16.049,  0.0
09.12.2025 13:55:20.138,  0.0
09.12.2025 13:55:24.048,  0.0
09.12.2025 13:55:28.038,  0.0
09.12.2025 13:55:32.138,  0.0
09.12.2025 13:55:36.098,  0.0
09.12.2025 13:55:40.038,  0.0
09.12.2025 13:55:44.048,  0.0
09.12.2025 13:55:48.048,  0.0
09.12.2025 13:55:52.038,  0.0
09.12.2025 13:55:56.138,  0.0
09.12.2025 13:56:00.138,  0.0
09.12.2025 13:56:04.098,  0.0
09.12.2025 13:56:08.258,  0.0
09.12.2025 13:56:12.048,  0.0
09.12.2025 13:56:16.038,  0.0
09.12.2025 13:56:20.048,  0.0
09.12.2025 13:56:24.138,  0.0
09.12.2025 13:56:28.138,  0.0
09.12.2025 13:56:32.098,  0.0
09.12.2025 13:56:36.048,  0.0
09.12.2025 13:56:40.168,  0.0
09.12.2025 13:56:44.049,  0.0
09.12.2025 13:56:48.038,  0.0
09.12.2025 13:56:52.128,  0.0
09.12.2025 13:56:56.038,  0.0
09.12.2025 13:57:00.048,  0.0
09.12.2025 13:57:04.048,  0.0
09.12.2025 13:57:08.038,  0.0
09.12.2025 13:57:12.128,  0.0
09.12.2025 13:57:16.049,  0.0
09.12.2025 13:57:20.048,  0.0
09.12.2025 13:57:24.038,  0.0
09.12.2025 13:57:28.098,  0.0
09.12.2025 13:57:32.049,  0.0
09.12.2025 13:57:36.208,  0.0
09.12.2025 13:57:40.048,  0.0
09.12.2025 13:57:44.128,  0.0
09.12.2025 13:57:48.128,  0.0
09.12.2025 13:57:52.128,  0.0
09.12.2025 13:57:56.038,  0.0
09.12.2025 13:58:00.048,  0.0
09.12.2025 13:58:04.168,  0.0
09.12.2025 13:58:08.048,  0.0
09.12.2025 13:58:12.208,  0.0
09.12.2025 13:58:16.048,  0.0
09.12.2025 13:58:20.038,  0.0
09.12.2025 13:58:25.048,  2.6
09.12.2025 13:58:29.038,  2.6
09.12.2025 13:58:33.048,  2.6
09.12.2025 13:58:37.048,  2.6
09.12.2025 13:58:41.038,  2.6
09.12.2025 13:58:45.038,  2.6
09.12.2025 13:58:49.128,  2.6
09.12.2025 13:58:53.048,  2.6
09.12.2025 13:58:57.048,  2.6
09.12.2025 13:59:01.038,  2.6
09.12.2025 13:59:05.058,  2.6
09.12.2025 13:59:09.048,  2.6
09.12.2025 13:59:13.168,  2.6
09.12.2025 13:59:17.168,  2.6
09.12.2025 13:59:21.048,  2.6
09.12.2025 13:59:25.168,  2.6
09.12.2025 13:59:29.058,  2.6
09.12.2025 13:59:33.058,  2.6
09.12.2025 13:59:37.058,  2.6
09.12.2025 13:59:41.059,  2.6
09.12.2025 13:59:45.059,  2.6
09.12.2025 13:59:49.058,  2.6
09.12.2025 13:59:53.058,  2.6
09.12.2025 13:59:57.068,  2.6
09.12.2025 14:00:01.058,  2.6
09.12.2025 14:00:05.068,  2.6
09.12.2025 14:00:09.086,  2.6
09.12.2025 14:00:13.185,  2.6
09.12.2025 14:00:17.085,  2.6
09.12.2025 14:00:21.075,  2.6
09.12.2025 14:00:25.175,  2.6
09.12.2025 14:00:29.175,  2.6
09.12.2025 14:00:33.185,  2.6
09.12.2025 14:00:37.185,  2.6
09.12.2025 14:00:41.175,  2.6
09.12.2025 14:00:45.085,  2.6
09.12.2025 14:00:49.075,  2.6
09.12.2025 14:00:53.175,  2.6
09.12.2025 14:00:57.085,  2.6
09.12.2025 14:01:01.075,  2.6
09.12.2025 14:01:05.085,  2.6
09.12.2025 14:01:09.085,  2.6
09.12.2025 14:01:13.085,  2.6
09.12.2025 14:01:17.085,  2.6
09.12.2025 14:01:21.085,  2.6
09.12.2025 14:01:25.085,  2.6
09.12.2025 14:01:29.085,  2.6
09.12.2025 14:01:33.175,  2.6
09.12.2025 14:01:37.085,  2.6
09.12.2025 14:01:41.085,  2.6
09.12.2025 14:01:45.085,  2.6
09.12.2025 14:01:49.085,  2.6
09.12.2025 14:01:53.175,  2.6
09.12.2025 14:01:57.175,  2.6
09.12.2025 14:02:01.175,  2.6
09.12.2025 14:02:05.175,  2.6
09.12.2025 14:02:09.085,  2.6
09.12.2025 14:02:13.075,  2.6
09.12.2025 14:02:17.085,  2.6
09.12.2025 14:02:21.075,  2.6
09.12.2025 14:02:25.175,  2.6
09.12.2025 14:02:29.075,  2.6
09.12.2025 14:02:33.075,  2.6
09.12.2025 14:02:37.175,  2.6
09.12.2025 14:02:41.175,  2.6
09.12.2025 14:02:45.175,  2.6
09.12.2025 14:02:49.085,  2.6
09.12.2025 14:02:53.075,  2.6
09.12.2025 14:02:57.175,  2.6
09.12.2025 14:03:01.086,  2.6
09.12.2025 14:03:05.085,  2.6
09.12.2025 14:03:09.075,  2.6
09.12.2025 14:03:13.085,  2.6
09.12.2025 14:03:17.086,  2.6
09.12.2025 14:03:21.075,  2.6
09.12.2025 14:03:25.175,  2.6
09.12.2025 14:03:29.085,  2.6
09.12.2025 14:03:33.085,  2.6
09.12.2025 14:03:37.085,  2.6
09.12.2025 14:03:41.085,  2.6
09.12.2025 14:03:45.095,  2.6
09.12.2025 14:03:49.085,  2.6
09.12.2025 14:03:53.095,  2.6
09.12.2025 14:03:57.096,  2.6
09.12.2025 14:04:01.095,  2.6
09.12.2025 14:04:05.255,  2.6
09.12.2025 14:04:09.216,  2.6
09.12.2025 14:04:13.175,  2.6
09.12.2025 14:04:17.205,  2.6
09.12.2025 14:04:21.095,  2.6
09.12.2025 14:04:25.255,  2.6
09.12.2025 14:04:29.215,  2.6
09.12.2025 14:04:33.105,  2.6
09.12.2025 14:04:37.105,  2.6
09.12.2025 14:04:41.105,  2.6
09.12.2025 14:04:45.105,  2.6
09.12.2025 14:04:49.105,  2.6
09.12.2025 14:04:53.215,  2.6
09.12.2025 14:04:57.205,  2.6
09.12.2025 14:05:01.105,  2.6
09.12.2025 14:05:05.205,  2.6
09.12.2025 14:05:09.120,  2.6
09.12.2025 14:05:13.110,  2.6
09.12.2025 14:05:17.120,  2.6
09.12.2025 14:05:21.110,  2.6
09.12.2025 14:05:25.220,  2.6
09.12.2025 14:05:29.220,  2.6
09.12.2025 14:05:33.120,  2.6
09.12.2025 14:05:37.120,  2.6
09.12.2025 14:05:41.110,  2.6
09.12.2025 14:05:45.120,  2.6
09.12.2025 14:05:49.120,  2.6
09.12.2025 14:05:53.220,  2.6
09.12.2025 14:05:57.220,  2.6
09.12.2025 14:06:01.120,  2.6
09.12.2025 14:06:05.130,  2.6
09.12.2025 14:06:09.130,  2.6
09.12.2025 14:06:13.220,  2.6
09.12.2025 14:06:17.220,  2.6
09.12.2025 14:06:21.220,  2.6
09.12.2025 14:06:25.220,  2.6
09.12.2025 14:06:29.220,  2.6
09.12.2025 14:06:33.130,  2.6
09.12.2025 14:06:37.220,  2.6
09.12.2025 14:06:41.220,  2.6
09.12.2025 14:06:45.130,  2.6
09.12.2025 14:06:49.120,  2.6
09.12.2025 14:06:53.130,  2.6
09.12.2025 14:06:57.130,  2.6
09.12.2025 14:07:01.130,  2.6
09.12.2025 14:07:05.220,  2.6
09.12.2025 14:07:09.460,  2.6
09.12.2025 14:07:13.220,  2.6
09.12.2025 14:07:17.120,  2.6
09.12.2025 14:07:21.130,  2.6
09.12.2025 14:07:25.220,  2.6
09.12.2025 14:07:29.220,  2.6
09.12.2025 14:07:33.130,  2.6
09.12.2025 14:07:37.220,  2.6
09.12.2025 14:07:41.120,  2.6
09.12.2025 14:07:45.130,  2.6
09.12.2025 14:07:49.220,  2.6
09.12.2025 14:07:53.130,  2.6
09.12.2025 14:07:57.220,  2.6
09.12.2025 14:08:01.170,  2.6
09.12.2025 14:08:05.260,  2.6
09.12.2025 14:08:09.220,  2.6
09.12.2025 14:08:13.220,  2.6
09.12.2025 14:08:17.220,  2.6
09.12.2025 14:08:21.221,  2.6
09.12.2025 14:08:25.221,  2.6
09.12.2025 14:08:29.220,  2.6
09.12.2025 14:08:33.130,  2.6
09.12.2025 14:08:37.120,  2.6
09.12.2025 14:08:41.130,  2.6
09.12.2025 14:08:45.120,  2.6
09.12.2025 14:08:49.130,  2.6
09.12.2025 14:08:53.210,  2.6
09.12.2025 14:08:57.130,  2.6
09.12.2025 14:09:01.220,  2.6
09.12.2025 14:09:05.120,  2.6
09.12.2025 14:09:09.220,  2.6
09.12.2025 14:09:13.210,  2.6
09.12.2025 14:09:17.170,  2.6
09.12.2025 14:09:21.250,  2.6
09.12.2025 14:09:25.220,  2.6
09.12.2025 14:09:29.210,  2.6
09.12.2025 14:09:33.220,  2.6
09.12.2025 14:09:37.130,  2.6
09.12.2025 14:09:41.130,  2.6
09.12.2025 14:09:45.130,  2.6
09.12.2025 14:09:49.120,  2.6
09.12.2025 14:09:53.120,  2.6
09.12.2025 14:09:57.210,  2.6
09.12.2025 14:10:01.210,  2.6
09.12.2025 14:10:05.130,  2.6
09.12.2025 14:10:09.146,  2.6
09.12.2025 14:10:13.146,  2.6
09.12.2025 14:10:17.146,  0.3
09.12.2025 14:10:21.136,  0.2
09.12.2025 14:10:25.226,  0.2
09.12.2025 14:10:29.226,  0.1
09.12.2025 14:10:33.226,  0.1
09.12.2025 14:10:37.226,  0.0
09.12.2025 14:10:41.226,  0.0
09.12.2025 14:10:45.306,  0.0
09.12.2025 14:10:49.226,  0.0
09.12.2025 14:10:53.146,  0.0
09.12.2025 14:10:57.266,  0.0
09.12.2025 14:11:01.266,  0.0
09.12.2025 14:11:05.266,  0.0
09.12.2025 14:11:09.266,  0.0
09.12.2025 14:11:13.266,  0.0
09.12.2025 14:11:17.146,  0.0
09.12.2025 14:11:21.156,  0.0
09.12.2025 14:11:25.266,  0.0
09.12.2025 14:11:29.146,  0.0
09.12.2025 14:11:33.266,  0.0
09.12.2025 14:11:37.156,  0.0
09.12.2025 14:11:41.266,  0.0
09.12.2025 14:11:45.156,  0.0
09.12.2025 14:11:49.277,  0.0
09.12.2025 14:11:53.146,  0.0
09.12.2025 14:11:57.156,  0.0
09.12.2025 14:12:01.266,  0.0
09.12.2025 14:12:05.146,  0.0
09.12.2025 14:12:09.156,  0.0
09.12.2025 14:12:13.166,  0.0
09.12.2025 14:12:17.156,  0.0
09.12.2025 14:12:21.266,  0.0
09.12.2025 14:12:25.186,  0.0
09.12.2025 14:12:29.306,  0.0
09.12.2025 14:12:33.267,  0.0
09.12.2025 14:12:37.166,  0.0
09.12.2025 14:12:41.166,  0.0
09.12.2025 14:12:45.166,  0.0
09.12.2025 14:12:49.156,  0.0
09.12.2025 14:12:53.166,  0.0
09.12.2025 14:12:57.266,  0.0
09.12.2025 14:13:01.166,  0.0
09.12.2025 14:13:05.256,  0.0
09.12.2025 14:13:09.266,  0.0
09.12.2025 14:13:13.256,  0.0
09.12.2025 14:13:17.176,  0.0
09.12.2025 14:13:21.256,  0.0
09.12.2025 14:13:25.306,  0.0
09.12.2025 14:13:29.176,  0.0
09.12.2025 14:13:33.346,  0.0
09.12.2025 14:13:37.186,  0.1
09.12.2025 14:13:41.296,  0.1
09.12.2025 14:13:45.296,  0.1
09.12.2025 14:13:49.296,  0.0
09.12.2025 14:13:53.296,  0.0
09.12.2025 14:13:57.376,  0.0
09.12.2025 14:14:01.216,  0.0
09.12.2025 14:14:05.296,  0.0
09.12.2025 14:14:09.216,  0.0
09.12.2025 14:14:13.216,  0.0
09.12.2025 14:14:17.216,  0.0
09.12.2025 14:14:21.216,  0.0
09.12.2025 14:14:25.296,  0.0
09.12.2025 14:14:29.216,  0.0
09.12.2025 14:14:33.296,  0.0
09.12.2025 14:14:37.206,  0.0
09.12.2025 14:14:41.296,  0.0
09.12.2025 14:14:45.296,  0.0
09.12.2025 14:14:49.206,  0.0
09.12.2025 14:14:53.376,  0.0
09.12.2025 14:14:57.216,  0.1
09.12.2025 14:15:01.227,  0.1
09.12.2025 14:15:05.336,  0.1
09.12.2025 14:15:09.233,  0.1
09.12.2025 14:15:13.243,  0.1
09.12.2025 14:15:17.243,  0.1
09.12.2025 14:15:21.353,  0.1
09.12.2025 14:15:25.243,  0.1
09.12.2025 14:15:29.353,  0.0
09.12.2025 14:15:33.353,  0.0
09.12.2025 14:15:37.353,  0.0
09.12.2025 14:15:41.353,  0.0
09.12.2025 14:15:45.243,  0.0
09.12.2025 14:15:49.353,  0.0
09.12.2025 14:15:53.353,  0.0
09.12.2025 14:15:57.353,  0.0
09.12.2025 14:16:01.353,  0.0
09.12.2025 14:16:07.353,  2.5
09.12.2025 14:16:11.353,  2.5
09.12.2025 14:16:15.353,  2.5
09.12.2025 14:16:19.353,  2.5
09.12.2025 14:16:23.353,  2.5
09.12.2025 14:16:27.353,  2.5
09.12.2025 14:16:31.243,  2.5
09.12.2025 14:16:35.593,  2.5
09.12.2025 14:16:39.233,  2.5
09.12.2025 14:16:43.243,  2.5
09.12.2025 14:16:47.353,  2.5
09.12.2025 14:16:51.243,  2.5
09.12.2025 14:16:55.243,  2.5
09.12.2025 14:16:59.233,  2.5
09.12.2025 14:17:03.243,  2.5
09.12.2025 14:17:07.353,  2.5
09.12.2025 14:17:11.353,  2.5
09.12.2025 14:17:15.343,  2.5
09.12.2025 14:17:19.343,  2.5
09.12.2025 14:17:23.233,  2.5
09.12.2025 14:17:27.233,  2.5
09.12.2025 14:17:31.353,  2.5
09.12.2025 14:17:35.343,  2.5
09.12.2025 14:17:39.343,  2.5
09.12.2025 14:17:43.343,  2.5
09.12.2025 14:17:47.343,  2.5
09.12.2025 14:17:51.233,  2.5
09.12.2025 14:17:55.233,  2.5
09.12.2025 14:17:59.243,  2.5
09.12.2025 14:18:03.233,  2.5
09.12.2025 14:18:07.243,  2.5
09.12.2025 14:18:11.244,  2.5
09.12.2025 14:18:15.343,  2.5
09.12.2025 14:18:19.243,  2.5
09.12.2025 14:18:23.343,  2.5
09.12.2025 14:18:27.243,  2.5
09.12.2025 14:18:31.243,  2.5
09.12.2025 14:18:35.343,  2.5
09.12.2025 14:18:39.343,  2.5
09.12.2025 14:18:43.243,  2.5
09.12.2025 14:18:47.233,  2.5
09.12.2025 14:18:51.243,  2.5
09.12.2025 14:18:55.243,  2.5
09.12.2025 14:18:59.343,  2.5
09.12.2025 14:19:03.343,  2.5
09.12.2025 14:19:07.243,  2.5
09.12.2025 14:19:11.343,  2.5
09.12.2025 14:19:15.343,  2.5
09.12.2025 14:19:19.343,  0.2
09.12.2025 14:19:23.343,  0.1
09.12.2025 14:19:27.243,  0.1
09.12.2025 14:19:31.244,  0.1
09.12.2025 14:19:35.253,  0.1
09.12.2025 14:19:39.254,  0.0
09.12.2025 14:19:43.243,  0.0
09.12.2025 14:19:47.343,  0.0
09.12.2025 14:19:51.343,  0.0
09.12.2025 14:19:55.253,  0.0
09.12.2025 14:19:59.343,  0.0
09.12.2025 14:20:03.343,  0.0
09.12.2025 14:20:07.360,  0.0
09.12.2025 14:20:11.360,  0.0
09.12.2025 14:20:15.360,  0.0
09.12.2025 14:20:19.270,  0.0
09.12.2025 14:20:23.260,  0.0
09.12.2025 14:20:27.360,  0.0
09.12.2025 14:20:31.270,  0.0
09.12.2025 14:20:35.360,  0.0
09.12.2025 14:20:39.270,  0.0
09.12.2025 14:20:43.360,  0.0
09.12.2025 14:20:47.270,  0.0
09.12.2025 14:20:51.270,  0.0
09.12.2025 14:20:55.270,  0.0
09.12.2025 14:20:59.270,  0.0
09.12.2025 14:21:03.300,  0.0
09.12.2025 14:21:07.280,  0.0
09.12.2025 14:21:11.270,  0.0
09.12.2025 14:21:15.280,  0.0
09.12.2025 14:21:19.270,  0.0
09.12.2025 14:21:23.440,  0.0
09.12.2025 14:21:27.280,  0.0
09.12.2025 14:21:31.400,  0.0
09.12.2025 14:21:35.290,  0.0
09.12.2025 14:21:39.390,  0.0
09.12.2025 14:21:43.290,  0.0
09.12.2025 14:21:47.390,  0.0
09.12.2025 14:21:51.400,  0.0
09.12.2025 14:21:55.390,  0.0
09.12.2025 14:21:59.290,  0.0
09.12.2025 14:22:03.290,  0.0
09.12.2025 14:22:07.290,  0.0
09.12.2025 14:22:11.290,  0.0
09.12.2025 14:22:15.290,  0.0
09.12.2025 14:22:19.290,  0.0
09.12.2025 14:22:23.280,  0.0
09.12.2025 14:22:27.400,  0.0
09.12.2025 14:22:31.390,  0.0
09.12.2025 14:22:35.290,  0.0
09.12.2025 14:22:39.390,  0.0
09.12.2025 14:22:43.390,  0.0
09.12.2025 14:22:47.390,  0.0
09.12.2025 14:22:51.300,  0.0
09.12.2025 14:22:55.390,  0.0
09.12.2025 14:22:59.390,  0.0
09.12.2025 14:23:03.300,  0.0
09.12.2025 14:23:07.390,  0.0
09.12.2025 14:23:11.300,  0.0
09.12.2025 14:23:15.300,  0.0
09.12.2025 14:23:19.301,  0.0
09.12.2025 14:23:23.290,  0.0
09.12.2025 14:23:27.390,  0.0
09.12.2025 14:23:31.290,  0.0
09.12.2025 14:23:35.390,  0.0
09.12.2025 14:23:39.390,  0.0
09.12.2025 14:23:43.390,  0.0
09.12.2025 14:23:47.300,  0.0
09.12.2025 14:23:51.290,  0.0
09.12.2025 14:23:55.290,  0.0
09.12.2025 14:23:59.390,  0.0
09.12.2025 14:24:03.301,  0.0
09.12.2025 14:24:07.290,  0.0
09.12.2025 14:24:11.390,  0.0
09.12.2025 14:24:15.470,  0.0
09.12.2025 14:24:19.300,  0.0
09.12.2025 14:24:23.310,  0.0
09.12.2025 14:24:27.300,  0.0
09.12.2025 14:24:31.310,  0.0
09.12.2025 14:24:35.300,  0.0
09.12.2025 14:24:39.430,  0.0
09.12.2025 14:24:43.390,  0.0
09.12.2025 14:24:47.310,  0.0
09.12.2025 14:24:51.390,  0.0
09.12.2025 14:24:55.310,  0.0
09.12.2025 14:24:59.320,  0.0
09.12.2025 14:25:03.310,  0.0
09.12.2025 14:25:07.319,  0.0
09.12.2025 14:25:11.439,  0.0
09.12.2025 14:25:15.439,  0.0
09.12.2025 14:25:19.440,  0.0
09.12.2025 14:25:23.440,  0.0
09.12.2025 14:25:27.439,  0.0
09.12.2025 14:25:31.329,  0.0
09.12.2025 14:25:35.439,  0.0
09.12.2025 14:25:39.439,  0.0
09.12.2025 14:25:43.439,  0.0
09.12.2025 14:25:47.439,  0.0
09.12.2025 14:25:51.329,  0.0
09.12.2025 14:25:55.329,  0.0
09.12.2025 14:25:59.329,  0.0
09.12.2025 14:26:03.319,  0.0
09.12.2025 14:26:07.329,  0.0
09.12.2025 14:26:11.329,  0.0
09.12.2025 14:26:15.389,  0.0
09.12.2025 14:26:19.469,  0.0
09.12.2025 14:26:23.429,  0.0
09.12.2025 14:26:27.429,  0.0
09.12.2025 14:26:31.319,  0.0
09.12.2025 14:26:35.439,  0.0
09.12.2025 14:26:39.319,  0.0
09.12.2025 14:26:43.429,  0.0
09.12.2025 14:26:48.329,  0.0
09.12.2025 14:26:52.429,  3.0
09.12.2025 14:26:56.429,  3.0
09.12.2025 14:27:00.339,  3.0
09.12.2025 14:27:04.429,  3.0
09.12.2025 14:27:08.429,  3.0
09.12.2025 14:27:12.469,  3.0
09.12.2025 14:27:16.429,  3.0
09.12.2025 14:27:20.429,  3.0
09.12.2025 14:27:24.429,  3.0
09.12.2025 14:27:28.349,  3.0
09.12.2025 14:27:32.339,  3.0
09.12.2025 14:27:36.349,  3.0
09.12.2025 14:27:40.339,  3.0
09.12.2025 14:27:44.350,  3.0
09.12.2025 14:27:48.469,  3.0
09.12.2025 14:27:52.469,  3.0
09.12.2025 14:27:56.469,  3.0
09.12.2025 14:28:00.469,  3.0
09.12.2025 14:28:04.469,  3.0
09.12.2025 14:28:08.469,  3.0
09.12.2025 14:28:12.469,  3.0
09.12.2025 14:28:16.469,  3.0
09.12.2025 14:28:20.349,  3.0
09.12.2025 14:28:24.349,  3.0
09.12.2025 14:28:28.369,  3.0
09.12.2025 14:28:32.469,  3.0
09.12.2025 14:28:36.469,  3.0
09.12.2025 14:28:40.469,  3.0
09.12.2025 14:28:44.469,  3.0
09.12.2025 14:28:48.369,  3.0
09.12.2025 14:28:52.369,  3.0
09.12.2025 14:28:56.379,  3.0
09.12.2025 14:29:00.369,  3.0
09.12.2025 14:29:04.469,  3.0
09.12.2025 14:29:08.469,  3.0
09.12.2025 14:29:12.379,  3.0
09.12.2025 14:29:16.469,  3.0
09.12.2025 14:29:20.469,  3.0
09.12.2025 14:29:24.969,  0.8
09.12.2025 14:29:28.389,  3.0
09.12.2025 14:29:32.389,  3.0
09.12.2025 14:29:36.429,  3.0
09.12.2025 14:29:40.550,  3.0
09.12.2025 14:29:44.509,  3.0
09.12.2025 14:29:48.509,  3.0
09.12.2025 14:29:52.409,  3.0
09.12.2025 14:29:56.409,  3.0
09.12.2025 14:30:00.409,  3.0
09.12.2025 14:30:04.409,  3.0
09.12.2025 14:30:08.420,  3.0
09.12.2025 14:30:12.520,  3.0
09.12.2025 14:30:16.420,  3.0
09.12.2025 14:30:20.410,  3.0
09.12.2025 14:30:24.420,  3.0
09.12.2025 14:30:28.410,  3.0
09.12.2025 14:30:32.420,  3.0
09.12.2025 14:30:36.520,  3.0
09.12.2025 14:30:40.510,  3.0
09.12.2025 14:30:44.510,  3.0
09.12.2025 14:30:48.510,  3.0
09.12.2025 14:30:52.410,  3.0
09.12.2025 14:30:56.510,  3.0
09.12.2025 14:31:00.421,  3.0
09.12.2025 14:31:04.420,  3.0
09.12.2025 14:31:08.510,  3.0
09.12.2025 14:31:12.420,  3.0
09.12.2025 14:31:16.410,  3.0
09.12.2025 14:31:20.420,  3.0
09.12.2025 14:31:24.430,  3.0
09.12.2025 14:31:28.510,  3.0
09.12.2025 14:31:32.510,  3.0
09.12.2025 14:31:36.590,  3.0
09.12.2025 14:31:40.590,  3.0
09.12.2025 14:31:44.510,  3.0
09.12.2025 14:31:48.440,  3.0
09.12.2025 14:31:52.550,  3.0
09.12.2025 14:31:56.510,  3.0
09.12.2025 14:32:00.510,  3.0
09.12.2025 14:32:04.510,  3.0
09.12.2025 14:32:08.510,  0.2
09.12.2025 14:32:12.550,  0.2
09.12.2025 14:32:16.450,  0.1
09.12.2025 14:32:20.450,  0.1
09.12.2025 14:32:24.550,  0.1
09.12.2025 14:32:28.450,  0.1
09.12.2025 14:32:32.450,  0.0
09.12.2025 14:32:36.440,  0.0
09.12.2025 14:32:40.450,  0.0
09.12.2025 14:32:44.450,  0.0
09.12.2025 14:32:48.550,  0.0
09.12.2025 14:32:52.550,  0.0
09.12.2025 14:32:56.460,  0.0
09.12.2025 14:33:00.460,  0.0
09.12.2025 14:33:04.450,  0.0
09.12.2025 14:33:08.460,  0.0
09.12.2025 14:33:12.450,  0.0
09.12.2025 14:33:16.550,  0.0
09.12.2025 14:33:20.460,  0.0
09.12.2025 14:33:24.461,  0.0
09.12.2025 14:33:28.670,  0.0
09.12.2025 14:33:32.470,  0.0
09.12.2025 14:33:36.470,  0.0
09.12.2025 14:33:40.460,  0.0
09.12.2025 14:33:44.550,  0.0
09.12.2025 14:33:48.470,  0.0
09.12.2025 14:33:52.470,  0.0
09.12.2025 14:33:56.470,  0.0
09.12.2025 14:34:00.460,  0.0
09.12.2025 14:34:04.590,  0.0
09.12.2025 14:34:08.551,  0.0
09.12.2025 14:34:12.460,  0.0
09.12.2025 14:34:16.470,  0.0
09.12.2025 14:34:20.471,  0.0
09.12.2025 14:34:24.470,  0.0
09.12.2025 14:34:28.580,  0.0
09.12.2025 14:34:32.470,  0.0
09.12.2025 14:34:36.830,  0.0
09.12.2025 14:34:40.460,  0.0
09.12.2025 14:34:44.620,  0.0
09.12.2025 14:34:48.590,  0.0
09.12.2025 14:34:52.470,  0.0
09.12.2025 14:34:56.590,  0.0
09.12.2025 14:35:00.460,  0.0
09.12.2025 14:35:04.480,  0.0
09.12.2025 14:35:08.610,  0.0
09.12.2025 14:35:12.500,  0.0
09.12.2025 14:35:16.600,  0.0
09.12.2025 14:35:20.510,  0.0
09.12.2025 14:35:24.600,  0.0
09.12.2025 14:35:28.600,  0.0
09.12.2025 14:35:32.532,  0.0
09.12.2025 14:35:36.530,  0.0
09.12.2025 14:35:40.530,  0.0
09.12.2025 14:35:44.530,  0.0
09.12.2025 14:35:48.530,  0.0
09.12.2025 14:35:52.531,  0.0
09.12.2025 14:35:56.640,  0.0
09.12.2025 14:36:00.640,  0.0
09.12.2025 14:36:04.520,  0.0
09.12.2025 14:36:08.530,  0.0
09.12.2025 14:36:12.640,  0.0
09.12.2025 14:36:16.520,  0.0
09.12.2025 14:36:20.640,  0.0
09.12.2025 14:36:24.640,  0.0
09.12.2025 14:36:28.530,  0.0
09.12.2025 14:36:32.530,  0.0
09.12.2025 14:36:36.530,  0.0
09.12.2025 14:36:40.520,  0.0
09.12.2025 14:36:44.530,  0.0
09.12.2025 14:36:48.520,  0.0
09.12.2025 14:36:52.530,  0.0
09.12.2025 14:36:56.640,  0.0
09.12.2025 14:37:00.530,  0.0
09.12.2025 14:37:04.530,  0.0
09.12.2025 14:37:08.530,  0.0
09.12.2025 14:37:12.530,  0.1
09.12.2025 14:37:16.640,  0.1
09.12.2025 14:37:20.640,  0.0
09.12.2025 14:37:24.540,  0.0
09.12.2025 14:37:28.640,  0.0
09.12.2025 14:37:32.640,  0.0
09.12.2025 14:37:36.640,  0.0
09.12.2025 14:37:40.530,  0.0
09.12.2025 14:37:44.530,  0.0
09.12.2025 14:37:48.540,  0.0
09.12.2025 14:37:52.530,  0.0
09.12.2025 14:37:56.530,  0.0
09.12.2025 14:38:00.640,  0.0
09.12.2025 14:38:04.640,  0.0
09.12.2025 14:38:08.550,  0.0
09.12.2025 14:38:12.550,  0.0
09.12.2025 14:38:16.641,  0.0
09.12.2025 14:38:20.640,  0.0
09.12.2025 14:38:24.640,  0.0
09.12.2025 14:38:28.540,  0.0
09.12.2025 14:38:32.540,  0.0
09.12.2025 14:38:36.550,  0.0
09.12.2025 14:38:40.550,  0.0
09.12.2025 14:38:44.630,  0.0
09.12.2025 14:38:48.550,  0.0
09.12.2025 14:38:52.630,  0.0
09.12.2025 14:38:56.550,  0.0
09.12.2025 14:39:00.540,  0.0
09.12.2025 14:39:04.540,  0.0
09.12.2025 14:39:08.550,  0.0
09.12.2025 14:39:12.640,  0.0
09.12.2025 14:39:16.630,  0.0
09.12.2025 14:39:20.630,  0.0
09.12.2025 14:39:25.560,  3.0
09.12.2025 14:39:29.550,  3.0
09.12.2025 14:39:33.670,  3.0
09.12.2025 14:39:37.670,  3.0
09.12.2025 14:39:41.630,  3.0
09.12.2025 14:39:45.670,  3.0
09.12.2025 14:39:49.550,  3.0
09.12.2025 14:39:53.560,  3.0
09.12.2025 14:39:57.550,  3.0
09.12.2025 14:40:01.550,  3.0
09.12.2025 14:40:05.670,  3.0
09.12.2025 14:40:09.569,  3.0
09.12.2025 14:40:13.578,  3.0
09.12.2025 14:40:17.558,  3.0
09.12.2025 14:40:21.558,  3.0
09.12.2025 14:40:25.568,  3.0
09.12.2025 14:40:29.678,  3.0
09.12.2025 14:40:33.678,  3.0
09.12.2025 14:40:37.678,  3.0
09.12.2025 14:40:41.678,  3.0
09.12.2025 14:40:45.568,  3.0
09.12.2025 14:40:49.558,  3.0
09.12.2025 14:40:53.558,  3.0
09.12.2025 14:40:57.558,  3.0
09.12.2025 14:41:01.558,  3.0
09.12.2025 14:41:05.558,  3.0
09.12.2025 14:41:09.579,  3.0
09.12.2025 14:41:13.568,  3.0
09.12.2025 14:41:17.578,  3.0
09.12.2025 14:41:21.578,  3.0
09.12.2025 14:41:25.578,  3.0
09.12.2025 14:41:29.578,  3.0
09.12.2025 14:41:33.568,  3.0
09.12.2025 14:41:37.678,  3.0
09.12.2025 14:41:41.678,  3.0
09.12.2025 14:41:45.678,  3.0
09.12.2025 14:41:49.678,  3.0
09.12.2025 14:41:53.578,  3.0
09.12.2025 14:41:57.568,  3.0
09.12.2025 14:42:01.568,  3.0
09.12.2025 14:42:05.578,  3.0
09.12.2025 14:42:09.568,  3.0
09.12.2025 14:42:13.578,  3.0
09.12.2025 14:42:17.678,  3.0
09.12.2025 14:42:21.568,  3.0
09.12.2025 14:42:25.568,  3.0
09.12.2025 14:42:29.578,  3.0
09.12.2025 14:42:33.568,  3.0
09.12.2025 14:42:37.678,  3.0
09.12.2025 14:42:41.678,  3.0
09.12.2025 14:42:45.678,  3.0
09.12.2025 14:42:49.678,  3.0
09.12.2025 14:42:53.678,  3.0
09.12.2025 14:42:57.578,  3.0
09.12.2025 14:43:01.568,  3.0
09.12.2025 14:43:05.578,  3.0
09.12.2025 14:43:09.578,  3.0
09.12.2025 14:43:13.588,  3.0
09.12.2025 14:43:17.668,  3.0
09.12.2025 14:43:21.668,  3.0
09.12.2025 14:43:25.588,  3.0
09.12.2025 14:43:29.578,  3.0
09.12.2025 14:43:33.588,  3.0
09.12.2025 14:43:37.578,  3.0
09.12.2025 14:43:41.668,  3.0
09.12.2025 14:43:45.668,  3.0
09.12.2025 14:43:49.668,  3.0
09.12.2025 14:43:53.748,  3.0
09.12.2025 14:43:57.588,  3.0
09.12.2025 14:44:01.708,  3.0
09.12.2025 14:44:05.588,  3.0
09.12.2025 14:44:09.598,  3.0
09.12.2025 14:44:13.708,  3.0
09.12.2025 14:44:17.708,  3.0
09.12.2025 14:44:21.588,  3.0
09.12.2025 14:44:25.598,  3.0
09.12.2025 14:44:29.708,  3.0
09.12.2025 14:44:33.708,  3.0
09.12.2025 14:44:37.708,  0.2
09.12.2025 14:44:41.588,  0.2
09.12.2025 14:44:45.598,  0.1
09.12.2025 14:44:49.668,  0.1
09.12.2025 14:44:53.618,  0.0
09.12.2025 14:44:57.618,  0.0
09.12.2025 14:45:01.708,  0.0
09.12.2025 14:45:05.628,  0.0
09.12.2025 14:45:09.652,  0.0
09.12.2025 14:45:13.642,  0.0
09.12.2025 14:45:17.652,  0.0
09.12.2025 14:45:21.642,  0.0
09.12.2025 14:45:25.653,  0.0
09.12.2025 14:45:29.772,  0.0
09.12.2025 14:45:33.733,  0.0
09.12.2025 14:45:37.652,  0.0
09.12.2025 14:45:41.642,  0.0
09.12.2025 14:45:45.732,  0.0
09.12.2025 14:45:49.772,  0.0
09.12.2025 14:45:53.652,  0.0
09.12.2025 14:45:57.772,  0.0
09.12.2025 14:46:01.652,  0.0
09.12.2025 14:46:05.642,  0.0
09.12.2025 14:46:09.652,  0.0
09.12.2025 14:46:13.812,  0.0
09.12.2025 14:46:17.642,  0.0
09.12.2025 14:46:21.652,  0.0
09.12.2025 14:46:25.652,  0.0
09.12.2025 14:46:29.642,  0.0
09.12.2025 14:46:33.772,  0.0
09.12.2025 14:46:37.692,  0.0
09.12.2025 14:46:41.652,  0.0
09.12.2025 14:46:45.642,  0.0
09.12.2025 14:46:49.642,  0.0
09.12.2025 14:46:53.653,  0.0
09.12.2025 14:46:57.642,  0.0
09.12.2025 14:47:01.642,  0.0
09.12.2025 14:47:05.812,  0.0
09.12.2025 14:47:09.652,  0.0
09.12.2025 14:47:13.642,  0.0
09.12.2025 14:47:17.642,  0.0
09.12.2025 14:47:21.653,  0.0
09.12.2025 14:47:25.652,  0.0
09.12.2025 14:47:29.652,  0.0
09.12.2025 14:47:33.642,  0.0
09.12.2025 14:47:37.652,  0.0
09.12.2025 14:47:41.642,  0.0
09.12.2025 14:47:45.762,  0.0
09.12.2025 14:47:49.642,  0.0
09.12.2025 14:47:53.652,  0.0
09.12.2025 14:47:57.762,  0.1
09.12.2025 14:48:01.762,  0.1
09.12.2025 14:48:05.642,  0.0
09.12.2025 14:48:09.652,  0.0
09.12.2025 14:48:13.762,  0.0
09.12.2025 14:48:17.642,  0.0
09.12.2025 14:48:21.652,  0.0
09.12.2025 14:48:25.762,  0.0
09.12.2025 14:48:29.762,  0.0
09.12.2025 14:48:33.662,  0.0
09.12.2025 14:48:37.662,  0.0
09.12.2025 14:48:41.762,  0.0
09.12.2025 14:48:45.673,  0.0
09.12.2025 14:48:49.762,  0.0
09.12.2025 14:48:53.672,  0.0
09.12.2025 14:48:57.662,  0.0
09.12.2025 14:49:01.672,  0.0
09.12.2025 14:49:05.672,  0.0
09.12.2025 14:49:09.673,  0.0
09.12.2025 14:49:13.662,  0.0
09.12.2025 14:49:17.762,  0.0
09.12.2025 14:49:21.762,  0.0
09.12.2025 14:49:25.672,  0.0
09.12.2025 14:49:29.762,  0.0
09.12.2025 14:49:33.762,  0.0
09.12.2025 14:49:37.662,  0.0
09.12.2025 14:49:41.762,  0.0
09.12.2025 14:49:45.672,  0.0
09.12.2025 14:49:49.672,  0.0
09.12.2025 14:49:53.672,  0.0
09.12.2025 14:49:57.673,  0.0
09.12.2025 14:50:01.662,  0.0
09.12.2025 14:50:05.672,  0.0
09.12.2025 14:50:09.681,  0.0
09.12.2025 14:50:13.771,  0.0
09.12.2025 14:50:17.771,  0.0
09.12.2025 14:50:21.771,  0.0
09.12.2025 14:50:25.771,  0.0
09.12.2025 14:50:29.671,  0.0
09.12.2025 14:50:33.681,  0.0
09.12.2025 14:50:37.771,  0.0
09.12.2025 14:50:41.691,  0.0
09.12.2025 14:50:45.681,  0.0
09.12.2025 14:50:49.811,  0.0
09.12.2025 14:50:53.771,  0.0
09.12.2025 14:50:57.711,  0.0
09.12.2025 14:51:01.812,  0.0
09.12.2025 14:51:05.811,  0.0
09.12.2025 14:51:09.811,  0.0
09.12.2025 14:51:13.811,  0.0
09.12.2025 14:51:17.851,  0.0
09.12.2025 14:51:21.851,  0.0
09.12.2025 14:51:25.851,  0.0
09.12.2025 14:51:29.762,  0.0
09.12.2025 14:51:33.761,  0.0
09.12.2025 14:51:37.841,  0.0
09.12.2025 14:51:41.851,  0.0
09.12.2025 14:51:45.851,  0.0
09.12.2025 14:51:49.761,  0.0
09.12.2025 14:51:53.851,  0.0
09.12.2025 14:51:57.851,  0.0
09.12.2025 14:52:01.851,  0.0
09.12.2025 14:52:06.081,  0.0
09.12.2025 14:52:09.751,  0.0
09.12.2025 14:52:13.761,  0.0
09.12.2025 14:52:17.841,  0.0
09.12.2025 14:52:21.761,  0.0
09.12.2025 14:52:25.761,  0.0
09.12.2025 14:52:29.761,  0.0
09.12.2025 14:52:33.761,  0.0
09.12.2025 14:52:37.761,  0.0
09.12.2025 14:52:41.761,  0.0
09.12.2025 14:52:45.751,  0.0
09.12.2025 14:52:49.761,  0.0
09.12.2025 14:52:53.881,  0.0
09.12.2025 14:52:57.841,  0.0
09.12.2025 14:53:01.841,  0.0
09.12.2025 14:53:05.841,  0.0
09.12.2025 14:53:09.841,  0.0
09.12.2025 14:53:13.751,  0.0
09.12.2025 14:53:17.761,  0.0
09.12.2025 14:53:21.761,  0.0
09.12.2025 14:53:25.751,  0.0
09.12.2025 14:53:29.841,  0.0
09.12.2025 14:53:33.751,  0.0
09.12.2025 14:53:37.761,  0.0
09.12.2025 14:53:41.841,  0.0
09.12.2025 14:53:45.841,  0.0
09.12.2025 14:53:49.841,  0.0
09.12.2025 14:53:53.841,  0.0
09.12.2025 14:53:57.841,  0.0
09.12.2025 14:54:01.961,  0.0
09.12.2025 14:54:05.761,  0.0
09.12.2025 14:54:09.881,  0.0
09.12.2025 14:54:13.751,  0.0
09.12.2025 14:54:17.761,  0.0
09.12.2025 14:54:21.751,  0.0
09.12.2025 14:54:25.751,  0.0
09.12.2025 14:54:29.841,  0.0
09.12.2025 14:54:33.761,  0.0
09.12.2025 14:54:37.921,  0.0
09.12.2025 14:54:41.771,  0.0
09.12.2025 14:54:45.771,  0.0
09.12.2025 14:54:49.771,  0.0
09.12.2025 14:54:53.881,  0.0
09.12.2025 14:54:57.881,  0.0
09.12.2025 14:55:01.881,  0.0
09.12.2025 14:55:05.881,  0.0
09.12.2025 14:55:10.138,  0.0
09.12.2025 14:55:13.808,  0.0
09.12.2025 14:55:17.778,  0.0
09.12.2025 14:55:21.789,  0.0
09.12.2025 14:55:25.778,  0.0
09.12.2025 14:55:29.789,  0.0
09.12.2025 14:55:33.778,  0.0
09.12.2025 14:55:37.788,  0.0
09.12.2025 14:55:41.898,  0.0
09.12.2025 14:55:45.778,  0.0
09.12.2025 14:55:49.788,  0.0
09.12.2025 14:55:53.778,  0.0
09.12.2025 14:55:57.798,  0.0
09.12.2025 14:56:01.798,  0.0
09.12.2025 14:56:05.798,  0.0
09.12.2025 14:56:09.788,  0.0
09.12.2025 14:56:14.798,  3.0
09.12.2025 14:56:18.788,  3.0
09.12.2025 14:56:22.798,  3.0
09.12.2025 14:56:26.898,  3.0
09.12.2025 14:56:30.898,  3.0
09.12.2025 14:56:34.888,  3.0
09.12.2025 14:56:38.798,  3.0
09.12.2025 14:56:42.798,  3.0
09.12.2025 14:56:46.888,  3.0
09.12.2025 14:56:50.888,  3.0
09.12.2025 14:56:54.798,  3.0
09.12.2025 14:56:58.888,  3.0
09.12.2025 14:57:02.788,  3.0
09.12.2025 14:57:06.788,  3.0
09.12.2025 14:57:10.798,  3.0
09.12.2025 14:57:14.788,  3.0
09.12.2025 14:57:18.798,  3.0
09.12.2025 14:57:22.888,  3.0
09.12.2025 14:57:26.888,  3.0
09.12.2025 14:57:30.788,  3.0
09.12.2025 14:57:34.888,  3.0
09.12.2025 14:57:39.128,  3.0
09.12.2025 14:57:42.798,  3.0
09.12.2025 14:57:46.788,  3.0
09.12.2025 14:57:50.888,  3.0
09.12.2025 14:57:54.888,  3.0
09.12.2025 14:57:58.788,  3.0
09.12.2025 14:58:02.798,  3.0
09.12.2025 14:58:06.788,  3.0
09.12.2025 14:58:10.788,  3.0
09.12.2025 14:58:14.788,  3.0
09.12.2025 14:58:18.798,  3.0
09.12.2025 14:58:22.798,  3.0
09.12.2025 14:58:26.798,  3.0
09.12.2025 14:58:30.799,  3.0
09.12.2025 14:58:34.888,  3.0
09.12.2025 14:58:38.808,  3.0
09.12.2025 14:58:42.928,  3.0
09.12.2025 14:58:46.888,  3.0
09.12.2025 14:58:50.928,  3.0
09.12.2025 14:58:54.888,  3.0
09.12.2025 14:58:59.008,  3.0
09.12.2025 14:59:02.818,  3.0
09.12.2025 14:59:06.828,  3.0
09.12.2025 14:59:10.838,  3.0
09.12.2025 14:59:14.928,  3.0
09.12.2025 14:59:18.848,  3.0
09.12.2025 14:59:22.838,  3.0
09.12.2025 14:59:26.848,  3.0
09.12.2025 14:59:30.848,  3.0
09.12.2025 14:59:34.928,  3.0
09.12.2025 14:59:38.848,  3.0
09.12.2025 14:59:42.848,  3.0
09.12.2025 14:59:46.968,  3.0
09.12.2025 14:59:50.928,  3.0
09.12.2025 14:59:54.968,  3.0
09.12.2025 14:59:58.848,  3.0
09.12.2025 15:00:02.848,  3.0
09.12.2025 15:00:06.856,  3.0
09.12.2025 15:00:10.867,  3.0
09.12.2025 15:00:14.976,  3.0
09.12.2025 15:00:18.866,  3.0
09.12.2025 15:00:22.976,  3.0
09.12.2025 15:00:26.856,  3.0
09.12.2025 15:00:30.866,  3.0
09.12.2025 15:00:35.066,  3.0
09.12.2025 15:00:38.986,  3.0
09.12.2025 15:00:42.866,  3.0
09.12.2025 15:00:46.866,  3.0
09.12.2025 15:00:51.056,  3.0
09.12.2025 15:00:54.866,  3.0
09.12.2025 15:00:58.886,  3.0
09.12.2025 15:01:02.976,  3.0
09.12.2025 15:01:06.886,  3.0
09.12.2025 15:01:10.896,  3.0
09.12.2025 15:01:14.896,  3.0
09.12.2025 15:01:18.906,  3.0
09.12.2025 15:01:22.976,  3.0
09.12.2025 15:01:27.016,  3.0
09.12.2025 15:01:30.906,  3.0
09.12.2025 15:01:34.906,  3.0
09.12.2025 15:01:38.916,  3.0
09.12.2025 15:01:42.906,  3.0
09.12.2025 15:01:46.916,  3.0
09.12.2025 15:01:51.016,  3.0
09.12.2025 15:01:55.016,  3.0
09.12.2025 15:01:59.016,  3.0
09.12.2025 15:02:03.016,  3.0
09.12.2025 15:02:07.016,  3.0
09.12.2025 15:02:11.016,  3.0
09.12.2025 15:02:14.936,  3.0
09.12.2025 15:02:18.937,  3.0
09.12.2025 15:02:23.016,  3.0
09.12.2025 15:02:26.936,  3.0
09.12.2025 15:02:30.926,  3.0
09.12.2025 15:02:34.936,  3.0
09.12.2025 15:02:38.936,  3.0
09.12.2025 15:02:42.936,  3.0
09.12.2025 15:02:46.926,  3.0
09.12.2025 15:02:50.926,  3.0
09.12.2025 15:02:55.016,  3.0
09.12.2025 15:02:59.136,  3.0
09.12.2025 15:03:03.016,  3.0
09.12.2025 15:03:07.016,  3.0
09.12.2025 15:03:11.056,  3.0
09.12.2025 15:03:15.026,  3.0
09.12.2025 15:03:18.937,  3.0
09.12.2025 15:03:22.956,  3.0
09.12.2025 15:03:26.956,  3.0
09.12.2025 15:03:30.956,  3.0
09.12.2025 15:03:34.946,  3.0
09.12.2025 15:03:38.956,  3.0
09.12.2025 15:03:43.056,  3.0
09.12.2025 15:03:46.946,  3.0
09.12.2025 15:03:50.956,  3.0
09.12.2025 15:03:54.956,  3.0
09.12.2025 15:03:58.956,  3.0
09.12.2025 15:04:02.956,  3.0
09.12.2025 15:04:07.056,  3.0
09.12.2025 15:04:10.946,  3.0
09.12.2025 15:04:14.956,  3.0
09.12.2025 15:04:18.956,  3.0
09.12.2025 15:04:22.946,  3.0
09.12.2025 15:04:27.026,  3.0
09.12.2025 15:04:31.166,  3.0
09.12.2025 15:04:35.086,  3.0
09.12.2025 15:04:38.956,  3.0
09.12.2025 15:04:42.956,  3.0
09.12.2025 15:04:46.956,  3.0
09.12.2025 15:04:50.956,  3.0
09.12.2025 15:04:54.946,  3.0
09.12.2025 15:04:58.956,  3.0
09.12.2025 15:05:02.946,  3.0
09.12.2025 15:05:07.054,  3.0
09.12.2025 15:05:10.964,  3.0
09.12.2025 15:05:14.954,  3.0
09.12.2025 15:05:18.964,  3.0
09.12.2025 15:05:22.954,  3.0
09.12.2025 15:05:26.964,  3.0
09.12.2025 15:05:30.954,  3.0
09.12.2025 15:05:34.964,  3.0
09.12.2025 15:05:39.054,  3.0
09.12.2025 15:05:42.954,  3.0
09.12.2025 15:05:46.964,  3.0
09.12.2025 15:05:50.964,  3.0
09.12.2025 15:05:54.964,  3.0
09.12.2025 15:05:58.964,  3.0
09.12.2025 15:06:02.964,  3.0
09.12.2025 15:06:06.974,  3.0
09.12.2025 15:06:10.974,  3.0
09.12.2025 15:06:14.984,  3.0
09.12.2025 15:06:19.094,  3.0
09.12.2025 15:06:22.974,  3.0
09.12.2025 15:06:27.094,  3.0
09.12.2025 15:06:30.984,  3.0
09.12.2025 15:06:34.974,  3.0
09.12.2025 15:06:38.974,  3.0
09.12.2025 15:06:42.984,  3.0
09.12.2025 15:06:47.034,  3.0
09.12.2025 15:06:50.984,  3.0
09.12.2025 15:06:54.974,  3.0
09.12.2025 15:06:58.984,  3.0
09.12.2025 15:07:02.975,  3.0
09.12.2025 15:07:07.094,  3.0
09.12.2025 15:07:10.994,  3.0
09.12.2025 15:07:14.994,  3.0
09.12.2025 15:07:18.994,  3.0
09.12.2025 15:07:22.984,  3.0
09.12.2025 15:07:26.994,  3.0
09.12.2025 15:07:30.994,  3.0
09.12.2025 15:07:35.094,  3.0
09.12.2025 15:07:39.034,  3.0
09.12.2025 15:07:43.134,  0.3
09.12.2025 15:07:47.094,  0.2
09.12.2025 15:07:51.094,  0.2
09.12.2025 15:07:55.094,  0.1
09.12.2025 15:07:59.094,  0.1
09.12.2025 15:08:03.094,  0.1
09.12.2025 15:08:07.004,  0.1
09.12.2025 15:08:11.004,  0.1
09.12.2025 15:08:15.094,  0.1
09.12.2025 15:08:19.094,  0.1
09.12.2025 15:08:23.094,  0.1
09.12.2025 15:08:27.084,  0.1
09.12.2025 15:08:31.034,  0.0
09.12.2025 15:08:35.134,  0.0
09.12.2025 15:08:39.214,  0.0
09.12.2025 15:08:43.014,  0.0
09.12.2025 15:08:47.014,  0.0
09.12.2025 15:08:51.015,  0.0
09.12.2025 15:08:55.014,  0.0
09.12.2025 15:08:59.004,  0.0
09.12.2025 15:09:03.004,  0.0
09.12.2025 15:09:07.164,  0.0
09.12.2025 15:09:11.134,  0.0
09.12.2025 15:09:15.004,  0.0
09.12.2025 15:09:19.004,  0.0
09.12.2025 15:09:23.035,  0.0
09.12.2025 15:09:27.014,  0.0
09.12.2025 15:09:31.004,  0.0
09.12.2025 15:09:35.004,  0.0
09.12.2025 15:09:39.124,  0.0
09.12.2025 15:09:43.004,  0.0
09.12.2025 15:09:47.024,  0.0
09.12.2025 15:09:51.124,  0.0
09.12.2025 15:09:55.024,  0.0
09.12.2025 15:09:59.124,  0.0
09.12.2025 15:10:03.014,  0.0
09.12.2025 15:10:07.044,  0.0
09.12.2025 15:10:11.044,  0.0
09.12.2025 15:10:15.144,  0.0
09.12.2025 15:10:19.044,  0.0
09.12.2025 15:10:23.144,  0.0
09.12.2025 15:10:27.144,  0.0
09.12.2025 15:10:31.144,  0.0
09.12.2025 15:10:35.144,  0.0
09.12.2025 15:10:39.044,  0.0
09.12.2025 15:10:43.045,  0.0
09.12.2025 15:10:47.044,  0.0
09.12.2025 15:10:51.144,  0.0
09.12.2025 15:10:55.144,  0.0
09.12.2025 15:10:59.045,  0.0
09.12.2025 15:11:03.044,  0.0
09.12.2025 15:11:07.034,  0.0
09.12.2025 15:11:11.144,  0.0
09.12.2025 15:11:15.054,  0.0
09.12.2025 15:11:19.144,  0.0
09.12.2025 15:11:23.054,  0.0
09.12.2025 15:11:27.144,  0.0
09.12.2025 15:11:31.054,  0.0
09.12.2025 15:11:35.144,  0.0
09.12.2025 15:11:39.044,  0.0
09.12.2025 15:11:43.054,  0.0
09.12.2025 15:11:47.144,  0.0
09.12.2025 15:11:51.144,  0.0
09.12.2025 15:11:55.054,  0.0
09.12.2025 15:11:59.054,  0.0
09.12.2025 15:12:03.054,  0.0
09.12.2025 15:12:07.044,  0.0
09.12.2025 15:12:11.044,  0.0
09.12.2025 15:12:15.054,  0.0
09.12.2025 15:12:19.044,  0.0
09.12.2025 15:12:23.054,  0.0
09.12.2025 15:12:27.044,  0.0
09.12.2025 15:12:31.144,  0.0
09.12.2025 15:12:35.144,  0.0
09.12.2025 15:12:39.044,  0.0
09.12.2025 15:12:43.054,  0.0
09.12.2025 15:12:47.054,  0.0
09.12.2025 15:12:51.054,  0.1
09.12.2025 15:12:55.044,  0.1
09.12.2025 15:12:59.054,  0.1
09.12.2025 15:13:03.044,  0.1
09.12.2025 15:13:07.134,  0.0
09.12.2025 15:13:11.044,  0.0
09.12.2025 15:13:15.044,  0.0
09.12.2025 15:13:19.144,  0.0
09.12.2025 15:13:23.044,  0.0
09.12.2025 15:13:27.134,  0.0
09.12.2025 15:13:31.134,  0.0
09.12.2025 15:13:35.054,  0.0
09.12.2025 15:13:39.144,  0.0
09.12.2025 15:13:43.134,  0.0
09.12.2025 15:13:47.134,  0.0
09.12.2025 15:13:51.134,  0.0
09.12.2025 15:13:55.144,  0.0
09.12.2025 15:13:59.134,  0.0
09.12.2025 15:14:03.044,  0.0
09.12.2025 15:14:07.054,  0.0
09.12.2025 15:14:11.134,  0.0
09.12.2025 15:14:15.214,  0.0
09.12.2025 15:14:19.134,  0.0
09.12.2025 15:14:23.134,  0.0
09.12.2025 15:14:27.055,  0.0
09.12.2025 15:14:31.054,  0.0
09.12.2025 15:14:35.054,  0.0
09.12.2025 15:14:39.044,  0.0
09.12.2025 15:14:43.054,  0.0
09.12.2025 15:14:47.054,  0.0
09.12.2025 15:14:51.174,  0.0
09.12.2025 15:14:55.134,  0.0
09.12.2025 15:14:59.064,  0.0
09.12.2025 15:15:03.055,  0.0
09.12.2025 15:15:07.083,  0.0
09.12.2025 15:15:11.183,  0.0
09.12.2025 15:15:15.183,  0.0
09.12.2025 15:15:19.673,  0.0
09.12.2025 15:15:23.093,  0.0
09.12.2025 15:15:28.093,  2.9
09.12.2025 15:15:32.093,  2.9
09.12.2025 15:15:36.103,  2.9
09.12.2025 15:15:40.183,  2.9
09.12.2025 15:15:44.183,  2.9
09.12.2025 15:15:48.093,  2.9
09.12.2025 15:15:52.183,  2.9
09.12.2025 15:15:56.093,  2.9
09.12.2025 15:16:00.083,  2.9
09.12.2025 15:16:04.093,  2.9
09.12.2025 15:16:08.083,  2.9
09.12.2025 15:16:12.103,  2.9
09.12.2025 15:16:16.223,  2.9
09.12.2025 15:16:20.183,  2.9
09.12.2025 15:16:24.183,  2.9
09.12.2025 15:16:28.183,  2.9
09.12.2025 15:16:32.183,  2.9
09.12.2025 15:16:36.103,  2.9
09.12.2025 15:16:40.103,  2.9
09.12.2025 15:16:44.103,  2.9
09.12.2025 15:16:48.104,  2.9
09.12.2025 15:16:52.093,  2.9
09.12.2025 15:16:56.103,  2.9
09.12.2025 15:17:00.183,  2.9
09.12.2025 15:17:04.263,  2.9
09.12.2025 15:17:08.093,  2.9
09.12.2025 15:17:12.103,  2.9
09.12.2025 15:17:16.093,  2.9
09.12.2025 15:17:20.103,  2.9
09.12.2025 15:17:24.103,  2.9
09.12.2025 15:17:28.303,  2.9
09.12.2025 15:17:32.104,  2.9
09.12.2025 15:17:36.103,  2.9
09.12.2025 15:17:40.104,  2.9
09.12.2025 15:17:44.223,  2.9
09.12.2025 15:17:48.103,  2.9
09.12.2025 15:17:52.093,  2.9
09.12.2025 15:17:56.173,  2.9
09.12.2025 15:18:00.103,  2.9
09.12.2025 15:18:04.183,  2.9
09.12.2025 15:18:08.103,  2.9
09.12.2025 15:18:12.103,  2.9
09.12.2025 15:18:16.103,  2.9
09.12.2025 15:18:20.213,  2.9
09.12.2025 15:18:24.213,  2.9
09.12.2025 15:18:28.173,  2.9
09.12.2025 15:18:32.103,  2.9
09.12.2025 15:18:36.103,  2.9
09.12.2025 15:18:40.093,  2.9
09.12.2025 15:18:44.093,  2.9
09.12.2025 15:18:48.103,  2.9
09.12.2025 15:18:52.213,  2.9
09.12.2025 15:18:56.103,  2.9
09.12.2025 15:19:00.103,  2.9
09.12.2025 15:19:04.093,  2.9
09.12.2025 15:19:08.113,  2.9
09.12.2025 15:19:12.213,  2.9
09.12.2025 15:19:16.213,  2.9
09.12.2025 15:19:20.213,  2.9
09.12.2025 15:19:24.103,  2.9
09.12.2025 15:19:28.213,  2.9
09.12.2025 15:19:32.213,  2.9
09.12.2025 15:19:36.213,  2.9
09.12.2025 15:19:40.114,  2.9
09.12.2025 15:19:44.113,  2.9
09.12.2025 15:19:48.213,  2.9
09.12.2025 15:19:52.103,  2.9
09.12.2025 15:19:56.113,  2.9
09.12.2025 15:20:00.113,  2.9
09.12.2025 15:20:04.103,  2.9
09.12.2025 15:20:08.132,  2.9
09.12.2025 15:20:12.232,  2.9
09.12.2025 15:20:16.232,  2.9
09.12.2025 15:20:20.132,  2.9
09.12.2025 15:20:24.132,  2.9
09.12.2025 15:20:28.122,  2.9
09.12.2025 15:20:32.132,  2.9
09.12.2025 15:20:36.132,  2.9
09.12.2025 15:20:40.232,  2.9
09.12.2025 15:20:44.132,  2.9
09.12.2025 15:20:48.132,  2.9
09.12.2025 15:20:52.232,  2.9
09.12.2025 15:20:56.122,  2.9
09.12.2025 15:21:00.132,  2.9
09.12.2025 15:21:04.122,  0.3
09.12.2025 15:21:08.142,  0.2
09.12.2025 15:21:12.132,  0.1
09.12.2025 15:21:16.232,  0.1
09.12.2025 15:21:20.132,  0.1
09.12.2025 15:21:24.132,  0.0
09.12.2025 15:21:28.142,  0.0
09.12.2025 15:21:32.142,  0.0
09.12.2025 15:21:36.142,  0.0
09.12.2025 15:21:40.142,  0.0
09.12.2025 15:21:44.142,  0.0
09.12.2025 15:21:48.312,  0.0
09.12.2025 15:21:52.222,  0.0
09.12.2025 15:21:56.142,  0.0
09.12.2025 15:22:00.152,  0.0
09.12.2025 15:22:04.152,  0.0
09.12.2025 15:22:08.152,  0.0
09.12.2025 15:22:12.152,  0.0
09.12.2025 15:22:16.152,  0.0
09.12.2025 15:22:20.152,  0.0
09.12.2025 15:22:24.152,  0.0
09.12.2025 15:22:28.153,  0.0
09.12.2025 15:22:32.262,  0.0
09.12.2025 15:22:36.162,  0.0
09.12.2025 15:22:40.152,  0.0
09.12.2025 15:22:44.262,  0.0
09.12.2025 15:22:48.152,  0.0
09.12.2025 15:22:52.162,  0.0
09.12.2025 15:22:56.162,  0.0
09.12.2025 15:23:00.162,  0.0
09.12.2025 15:23:04.162,  0.0
09.12.2025 15:23:08.262,  0.0
09.12.2025 15:23:12.262,  0.0
09.12.2025 15:23:16.162,  0.0
09.12.2025 15:23:20.262,  0.0
09.12.2025 15:23:24.162,  0.0
09.12.2025 15:23:28.262,  0.0
09.12.2025 15:23:32.162,  0.0
09.12.2025 15:23:36.262,  0.0
09.12.2025 15:23:40.162,  0.0
09.12.2025 15:23:44.262,  0.0
09.12.2025 15:23:48.262,  0.0
09.12.2025 15:23:52.152,  0.0
09.12.2025 15:23:56.152,  0.0
09.12.2025 15:24:00.162,  0.0
09.12.2025 15:24:04.162,  0.0
09.12.2025 15:24:08.262,  0.0
09.12.2025 15:24:12.262,  0.0
09.12.2025 15:24:16.262,  0.0
09.12.2025 15:24:20.162,  0.0
09.12.2025 15:24:24.172,  0.1
09.12.2025 15:24:28.262,  0.1
09.12.2025 15:24:32.182,  0.0
09.12.2025 15:24:36.182,  0.0
09.12.2025 15:24:40.182,  0.0
09.12.2025 15:24:44.182,  0.0
09.12.2025 15:24:48.202,  0.0
09.12.2025 15:24:52.172,  0.0
09.12.2025 15:24:56.262,  0.0
09.12.2025 15:25:00.262,  0.0
09.12.2025 15:25:04.192,  0.0
09.12.2025 15:25:08.319,  0.0
09.12.2025 15:25:12.209,  0.0
09.12.2025 15:25:16.209,  0.0
09.12.2025 15:25:20.209,  0.0
09.12.2025 15:25:24.319,  0.0
09.12.2025 15:25:28.199,  0.0
09.12.2025 15:25:32.209,  0.0
09.12.2025 15:25:36.320,  0.0
09.12.2025 15:25:40.319,  0.0
09.12.2025 15:25:44.319,  0.0
09.12.2025 15:25:48.319,  0.0
09.12.2025 15:25:52.199,  0.0
09.12.2025 15:25:56.199,  0.0
09.12.2025 15:26:00.319,  0.0
09.12.2025 15:26:04.209,  0.0
09.12.2025 15:26:08.319,  0.0
09.12.2025 15:26:12.319,  0.0
09.12.2025 15:26:16.199,  0.0
09.12.2025 15:26:20.209,  0.0
09.12.2025 15:26:24.199,  0.0
09.12.2025 15:26:28.319,  0.0
09.12.2025 15:26:32.309,  0.0
09.12.2025 15:26:36.309,  0.0
09.12.2025 15:26:40.209,  0.0
09.12.2025 15:26:44.210,  0.0
09.12.2025 15:26:48.199,  0.0
09.12.2025 15:26:52.210,  0.0
09.12.2025 15:26:56.209,  0.0
09.12.2025 15:27:00.209,  0.0
09.12.2025 15:27:04.199,  0.0
09.12.2025 15:27:08.209,  0.0
09.12.2025 15:27:12.309,  0.0
09.12.2025 15:27:16.309,  0.0
09.12.2025 15:27:20.209,  0.0
09.12.2025 15:27:24.209,  0.0
09.12.2025 15:27:28.209,  0.0
09.12.2025 15:27:32.209,  0.0
09.12.2025 15:27:36.309,  0.0
09.12.2025 15:27:40.210,  0.0
09.12.2025 15:27:44.210,  0.0
09.12.2025 15:27:48.209,  0.0
09.12.2025 15:27:52.309,  0.0
09.12.2025 15:27:56.209,  0.0
09.12.2025 15:28:00.209,  0.0
09.12.2025 15:28:04.199,  0.0
09.12.2025 15:28:08.209,  0.0
09.12.2025 15:28:12.309,  0.0
09.12.2025 15:28:16.209,  0.0
09.12.2025 15:28:20.209,  0.0
09.12.2025 15:28:24.199,  0.0
09.12.2025 15:28:28.209,  0.0
09.12.2025 15:28:32.309,  0.0
09.12.2025 15:28:36.210,  0.0
09.12.2025 15:28:40.209,  0.0
09.12.2025 15:28:44.309,  0.0
09.12.2025 15:28:48.309,  0.0
09.12.2025 15:28:52.309,  0.0
09.12.2025 15:28:56.309,  0.0
09.12.2025 15:29:00.199,  0.0
09.12.2025 15:29:04.209,  0.0
09.12.2025 15:29:08.210,  0.0
09.12.2025 15:29:12.199,  0.0
09.12.2025 15:29:16.309,  0.0
09.12.2025 15:29:20.309,  0.0
09.12.2025 15:29:24.309,  0.0
09.12.2025 15:29:28.309,  0.0
09.12.2025 15:29:32.219,  0.0
09.12.2025 15:29:36.309,  0.0
09.12.2025 15:29:40.309,  0.0
09.12.2025 15:29:44.220,  0.0
09.12.2025 15:29:49.219,  2.3
09.12.2025 15:29:53.209,  2.3
09.12.2025 15:29:57.219,  2.3
09.12.2025 15:30:01.219,  2.3
09.12.2025 15:30:05.309,  2.3
09.12.2025 15:30:09.228,  2.3
09.12.2025 15:30:13.228,  2.3
09.12.2025 15:30:17.318,  2.3
09.12.2025 15:30:21.228,  2.3
09.12.2025 15:30:25.238,  2.3
09.12.2025 15:30:29.238,  2.3
09.12.2025 15:30:33.358,  2.3
09.12.2025 15:30:37.258,  2.3
09.12.2025 15:30:41.268,  2.3
09.12.2025 15:30:45.258,  2.3
09.12.2025 15:30:49.268,  2.3
09.12.2025 15:30:53.358,  2.3
09.12.2025 15:30:57.258,  2.3
09.12.2025 15:31:01.278,  2.3
09.12.2025 15:31:05.388,  2.3
09.12.2025 15:31:09.268,  2.3
09.12.2025 15:31:13.278,  2.3
09.12.2025 15:31:17.278,  2.3
09.12.2025 15:31:21.388,  2.3
09.12.2025 15:31:25.388,  2.3
09.12.2025 15:31:29.268,  2.3
09.12.2025 15:31:33.278,  2.3
09.12.2025 15:31:37.278,  2.3
09.12.2025 15:31:41.278,  2.3
09.12.2025 15:31:45.388,  2.3
09.12.2025 15:31:49.388,  2.3
09.12.2025 15:31:53.388,  2.3
09.12.2025 15:31:57.388,  2.3
09.12.2025 15:32:01.388,  2.3
09.12.2025 15:32:05.348,  2.3
09.12.2025 15:32:09.288,  2.3
09.12.2025 15:32:13.288,  2.3
09.12.2025 15:32:17.298,  2.3
09.12.2025 15:32:21.298,  2.3
09.12.2025 15:32:25.388,  2.3
09.12.2025 15:32:29.388,  2.3
09.12.2025 15:32:33.388,  2.3
09.12.2025 15:32:37.388,  2.3
09.12.2025 15:32:41.298,  2.3
09.12.2025 15:32:45.298,  2.3
09.12.2025 15:32:49.298,  2.3
09.12.2025 15:32:53.288,  2.3
09.12.2025 15:32:57.298,  2.3
09.12.2025 15:33:01.288,  2.3
09.12.2025 15:33:05.308,  2.3
09.12.2025 15:33:09.298,  2.3
09.12.2025 15:33:13.298,  2.3
09.12.2025 15:33:17.298,  2.3
09.12.2025 15:33:21.388,  2.3
09.12.2025 15:33:25.308,  2.3
09.12.2025 15:33:29.308,  2.3
09.12.2025 15:33:33.428,  2.3
09.12.2025 15:33:37.308,  2.3
09.12.2025 15:33:41.308,  2.3
09.12.2025 15:33:45.308,  2.3
09.12.2025 15:33:49.388,  2.3
09.12.2025 15:33:53.298,  2.3
09.12.2025 15:33:57.308,  2.3
09.12.2025 15:34:01.428,  2.3
09.12.2025 15:34:05.428,  2.3
09.12.2025 15:34:09.428,  2.3
09.12.2025 15:34:13.389,  2.3
09.12.2025 15:34:17.308,  2.3
09.12.2025 15:34:21.308,  2.3
09.12.2025 15:34:25.388,  2.3
09.12.2025 15:34:29.508,  2.3
09.12.2025 15:34:33.308,  2.3
09.12.2025 15:34:37.308,  2.3
09.12.2025 15:34:41.308,  2.3
09.12.2025 15:34:45.308,  2.3
09.12.2025 15:34:49.508,  2.3
09.12.2025 15:34:53.308,  2.3
09.12.2025 15:34:57.298,  2.3
09.12.2025 15:35:01.308,  2.3
09.12.2025 15:35:05.308,  2.3
09.12.2025 15:35:09.326,  2.3
09.12.2025 15:35:13.326,  2.3
09.12.2025 15:35:17.316,  2.3
09.12.2025 15:35:21.326,  2.3
09.12.2025 15:35:25.326,  2.3
09.12.2025 15:35:29.316,  2.3
09.12.2025 15:35:33.326,  2.3
09.12.2025 15:35:37.326,  2.3
09.12.2025 15:35:41.326,  2.3
09.12.2025 15:35:45.326,  2.3
09.12.2025 15:35:49.316,  2.3
09.12.2025 15:35:53.327,  2.3
09.12.2025 15:35:57.326,  2.3
09.12.2025 15:36:01.326,  2.3
09.12.2025 15:36:05.436,  2.3
09.12.2025 15:36:09.436,  2.3
09.12.2025 15:36:13.436,  2.3
09.12.2025 15:36:17.436,  2.3
09.12.2025 15:36:21.366,  2.3
09.12.2025 15:36:25.476,  2.3
09.12.2025 15:36:29.436,  2.3
09.12.2025 15:36:33.326,  2.3
09.12.2025 15:36:37.326,  2.3
09.12.2025 15:36:41.326,  2.3
09.12.2025 15:36:45.336,  2.3
09.12.2025 15:36:49.436,  2.3
09.12.2025 15:36:53.436,  2.3
09.12.2025 15:36:57.436,  2.3
09.12.2025 15:37:01.436,  0.2
09.12.2025 15:37:05.436,  0.2
09.12.2025 15:37:09.326,  0.1
09.12.2025 15:37:13.336,  0.1
09.12.2025 15:37:17.336,  0.0
09.12.2025 15:37:21.326,  0.0
09.12.2025 15:37:25.336,  0.0
09.12.2025 15:37:29.336,  0.0
09.12.2025 15:37:33.436,  0.0
09.12.2025 15:37:37.436,  0.0
09.12.2025 15:37:41.436,  0.0
09.12.2025 15:37:45.436,  0.0
09.12.2025 15:37:49.436,  0.0
09.12.2025 15:37:53.366,  0.0
09.12.2025 15:37:57.346,  0.0
09.12.2025 15:38:01.346,  0.0
09.12.2025 15:38:05.336,  0.0
09.12.2025 15:38:09.346,  0.0
09.12.2025 15:38:13.436,  0.0
09.12.2025 15:38:17.356,  0.0
09.12.2025 15:38:21.356,  0.0
09.12.2025 15:38:25.477,  0.0
09.12.2025 15:38:29.356,  0.0
09.12.2025 15:38:33.346,  0.0
09.12.2025 15:38:37.356,  0.0
09.12.2025 15:38:41.356,  0.0
09.12.2025 15:38:45.346,  0.0
09.12.2025 15:38:49.356,  0.0
09.12.2025 15:38:53.356,  0.0
09.12.2025 15:38:57.356,  0.0
09.12.2025 15:39:01.426,  0.0
09.12.2025 15:39:05.346,  0.0
09.12.2025 15:39:09.357,  0.0
09.12.2025 15:39:13.476,  0.0
09.12.2025 15:39:17.356,  0.0
09.12.2025 15:39:21.346,  0.0
09.12.2025 15:39:25.356,  0.0
09.12.2025 15:39:29.426,  0.0
09.12.2025 15:39:33.476,  0.0
09.12.2025 15:39:37.356,  0.0
09.12.2025 15:39:41.346,  0.0
09.12.2025 15:39:45.366,  0.0
09.12.2025 15:39:49.466,  0.0
09.12.2025 15:39:53.356,  0.0
09.12.2025 15:39:57.366,  0.0
09.12.2025 15:40:01.356,  0.0
09.12.2025 15:40:05.466,  0.0
09.12.2025 15:40:09.366,  0.0
09.12.2025 15:40:13.376,  0.0
09.12.2025 15:40:17.476,  0.0
09.12.2025 15:40:21.476,  0.1
09.12.2025 15:40:25.476,  0.1
09.12.2025 15:40:29.376,  0.0
09.12.2025 15:40:33.476,  0.0
09.12.2025 15:40:37.476,  0.0
09.12.2025 15:40:41.476,  0.0
09.12.2025 15:40:45.476,  0.0
09.12.2025 15:40:49.476,  0.0
09.12.2025 15:40:53.476,  0.0
09.12.2025 15:40:57.376,  0.0
09.12.2025 15:41:01.386,  0.0
09.12.2025 15:41:05.476,  0.0
09.12.2025 15:41:09.386,  0.0
09.12.2025 15:41:13.376,  0.0
09.12.2025 15:41:17.476,  0.0
09.12.2025 15:41:21.386,  0.0
09.12.2025 15:41:25.396,  0.0
09.12.2025 15:41:29.476,  0.0
09.12.2025 15:41:33.396,  0.0
09.12.2025 15:41:37.396,  0.0
09.12.2025 15:41:41.386,  0.0
09.12.2025 15:41:45.396,  0.1
09.12.2025 15:41:49.396,  0.1
09.12.2025 15:41:53.456,  0.1
09.12.2025 15:41:57.396,  0.1
09.12.2025 15:42:01.396,  0.1
09.12.2025 15:42:05.396,  0.1
09.12.2025 15:42:09.396,  0.1
09.12.2025 15:42:13.396,  0.0
09.12.2025 15:42:17.396,  0.0
09.12.2025 15:42:21.386,  0.0
09.12.2025 15:42:25.396,  0.0
09.12.2025 15:42:29.476,  0.0
09.12.2025 15:42:33.396,  0.0
09.12.2025 15:42:37.396,  0.0
09.12.2025 15:42:41.397,  0.0
09.12.2025 15:42:45.386,  0.0
09.12.2025 15:42:49.396,  0.0
09.12.2025 15:42:53.386,  0.0
09.12.2025 15:42:59.396,  2.0
09.12.2025 15:43:03.397,  2.0
09.12.2025 15:43:07.396,  2.0
09.12.2025 15:43:11.506,  2.0
09.12.2025 15:43:15.386,  2.0
09.12.2025 15:43:19.396,  2.0
09.12.2025 15:43:23.516,  2.0
09.12.2025 15:43:27.386,  2.0
09.12.2025 15:43:31.396,  2.0
09.12.2025 15:43:35.506,  2.0
09.12.2025 15:43:39.406,  2.0
09.12.2025 15:43:43.396,  2.0
09.12.2025 15:43:47.506,  2.0
09.12.2025 15:43:51.506,  2.0
09.12.2025 15:43:55.406,  2.0
09.12.2025 15:43:59.406,  2.0
09.12.2025 15:44:03.406,  2.0
09.12.2025 15:44:07.406,  2.0
09.12.2025 15:44:11.407,  2.0
09.12.2025 15:44:15.506,  2.0
09.12.2025 15:44:19.506,  2.0
09.12.2025 15:44:23.506,  2.0
09.12.2025 15:44:27.456,  2.0
09.12.2025 15:44:31.396,  2.0
09.12.2025 15:44:35.396,  2.0
09.12.2025 15:44:39.406,  2.0
09.12.2025 15:44:43.406,  2.0
09.12.2025 15:44:47.506,  2.0
09.12.2025 15:44:51.396,  2.0
09.12.2025 15:44:55.406,  2.0
09.12.2025 15:44:59.506,  2.0
09.12.2025 15:45:03.506,  2.0
09.12.2025 15:45:07.763,  2.0
09.12.2025 15:45:11.423,  2.0
09.12.2025 15:45:15.423,  2.0
09.12.2025 15:45:19.473,  2.0
09.12.2025 15:45:23.563,  2.0
09.12.2025 15:45:27.523,  2.0
09.12.2025 15:45:31.523,  2.0
09.12.2025 15:45:35.413,  2.0
09.12.2025 15:45:39.423,  2.0
09.12.2025 15:45:43.413,  2.0
09.12.2025 15:45:47.413,  2.0
09.12.2025 15:45:51.523,  2.0
09.12.2025 15:45:55.523,  2.0
09.12.2025 15:45:59.523,  2.0
09.12.2025 15:46:03.523,  2.0
09.12.2025 15:46:07.523,  2.0
09.12.2025 15:46:11.413,  2.0
09.12.2025 15:46:15.523,  2.0
09.12.2025 15:46:19.423,  0.2
09.12.2025 15:46:23.423,  0.1
09.12.2025 15:46:27.434,  0.1
09.12.2025 15:46:31.434,  0.1
09.12.2025 15:46:35.423,  0.0
09.12.2025 15:46:39.523,  0.0
09.12.2025 15:46:43.523,  0.0
09.12.2025 15:46:47.523,  0.0
09.12.2025 15:46:51.563,  0.0
09.12.2025 15:46:55.443,  0.0
09.12.2025 15:46:59.564,  0.0
09.12.2025 15:47:03.433,  0.0
09.12.2025 15:47:07.443,  0.0
09.12.2025 15:47:11.433,  0.0
09.12.2025 15:47:15.443,  0.0
09.12.2025 15:47:19.473,  0.0
09.12.2025 15:47:23.523,  0.0
09.12.2025 15:47:27.764,  0.0
09.12.2025 15:47:31.443,  0.0
09.12.2025 15:47:35.444,  0.0
09.12.2025 15:47:39.563,  0.0
09.12.2025 15:47:43.643,  0.0
09.12.2025 15:47:47.433,  0.0
09.12.2025 15:47:51.923,  0.0
09.12.2025 15:47:55.563,  0.0
09.12.2025 15:47:59.443,  0.0
09.12.2025 15:48:03.443,  0.0
09.12.2025 15:48:07.433,  0.0
09.12.2025 15:48:11.553,  0.0
09.12.2025 15:48:15.444,  0.0
09.12.2025 15:48:19.433,  0.0
09.12.2025 15:48:23.553,  0.0
09.12.2025 15:48:27.433,  0.0
09.12.2025 15:48:31.593,  0.0
09.12.2025 15:48:35.553,  0.0
09.12.2025 15:48:39.443,  0.0
09.12.2025 15:48:43.443,  0.0
09.12.2025 15:48:47.553,  0.0
09.12.2025 15:48:51.473,  0.0
09.12.2025 15:48:55.433,  0.0
09.12.2025 15:48:59.553,  0.0
09.12.2025 15:49:03.553,  0.0
09.12.2025 15:49:07.433,  0.0
09.12.2025 15:49:11.553,  0.0
09.12.2025 15:49:15.553,  0.0
09.12.2025 15:49:19.553,  0.0
09.12.2025 15:49:23.433,  0.0
09.12.2025 15:49:27.553,  0.0
09.12.2025 15:49:31.793,  0.0
09.12.2025 15:49:35.453,  0.0
09.12.2025 15:49:39.464,  0.0
09.12.2025 15:49:43.553,  0.0
09.12.2025 15:49:47.553,  0.0
09.12.2025 15:49:51.553,  0.0
09.12.2025 15:49:55.553,  0.0
09.12.2025 15:49:59.473,  0.0
09.12.2025 15:50:03.593,  0.0
09.12.2025 15:50:07.565,  0.0
09.12.2025 15:50:11.565,  0.0
09.12.2025 15:50:15.565,  0.0
09.12.2025 15:50:19.475,  0.0
09.12.2025 15:50:23.565,  0.0
09.12.2025 15:50:27.475,  0.0
09.12.2025 15:50:31.565,  0.0
09.12.2025 15:50:35.485,  0.0
09.12.2025 15:50:39.475,  0.0
09.12.2025 15:50:43.485,  0.0
09.12.2025 15:50:47.486,  0.0
09.12.2025 15:50:51.495,  0.0
09.12.2025 15:50:55.605,  0.0
09.12.2025 15:50:59.605,  0.0
09.12.2025 15:51:03.495,  0.0
09.12.2025 15:51:07.485,  0.0
09.12.2025 15:51:11.605,  0.0
09.12.2025 15:51:15.606,  0.0
09.12.2025 15:51:19.605,  0.0
09.12.2025 15:51:23.605,  0.0
09.12.2025 15:51:27.605,  0.0
09.12.2025 15:51:31.495,  0.0
09.12.2025 15:51:36.485,  0.0
09.12.2025 15:51:40.485,  0.0
09.12.2025 15:51:44.495,  0.0
09.12.2025 15:51:48.495,  0.0
09.12.2025 15:51:52.485,  0.0
09.12.2025 15:51:56.605,  0.0
09.12.2025 15:52:00.495,  0.0
09.12.2025 15:52:04.485,  0.0
09.12.2025 15:52:08.495,  0.0
09.12.2025 15:52:12.495,  0.0
09.12.2025 15:52:16.495,  0.0
09.12.2025 15:52:20.485,  0.0
09.12.2025 15:52:24.595,  0.0
09.12.2025 15:52:28.605,  0.0
09.12.2025 15:52:32.595,  0.0
09.12.2025 15:52:36.605,  0.0
09.12.2025 15:52:40.595,  0.0
09.12.2025 15:52:44.595,  0.0
09.12.2025 15:52:48.485,  0.0
09.12.2025 15:52:52.495,  0.0
09.12.2025 15:52:56.495,  0.0
09.12.2025 15:53:00.485,  0.0
09.12.2025 15:53:04.495,  0.0
09.12.2025 15:53:08.496,  0.0
09.12.2025 15:53:12.485,  0.0
09.12.2025 15:53:16.495,  2.8
09.12.2025 15:53:20.496,  2.8
09.12.2025 15:53:24.495,  2.8
09.12.2025 15:53:28.595,  2.8
09.12.2025 15:53:32.835,  2.7
09.12.2025 15:53:36.495,  2.8
09.12.2025 15:53:40.495,  2.7
09.12.2025 15:53:44.595,  2.7
09.12.2025 15:53:48.496,  2.7
09.12.2025 15:53:52.495,  2.8
09.12.2025 15:53:56.495,  2.7
09.12.2025 15:54:00.485,  2.7
09.12.2025 15:54:04.485,  2.7
09.12.2025 15:54:08.495,  2.7
09.12.2025 15:54:12.485,  2.7
09.12.2025 15:54:16.495,  2.8
09.12.2025 15:54:20.836,  2.7
09.12.2025 15:54:24.495,  2.7
09.12.2025 15:54:28.595,  2.7
09.12.2025 15:54:32.595,  2.7
09.12.2025 15:54:36.495,  2.7
09.12.2025 15:54:40.495,  2.7
09.12.2025 15:54:44.595,  2.7
09.12.2025 15:54:48.835,  2.7
09.12.2025 15:54:52.595,  2.7
09.12.2025 15:54:56.505,  2.8
09.12.2025 15:55:00.495,  2.7
09.12.2025 15:55:04.505,  2.7
09.12.2025 15:55:08.612,  2.7
09.12.2025 15:55:12.612,  2.7
09.12.2025 15:55:16.522,  2.7
09.12.2025 15:55:20.512,  2.7
09.12.2025 15:55:24.522,  2.7
09.12.2025 15:55:28.512,  2.7
09.12.2025 15:55:32.613,  2.7
09.12.2025 15:55:36.523,  2.7
09.12.2025 15:55:40.522,  2.8
09.12.2025 15:55:44.522,  2.8
09.12.2025 15:55:48.523,  2.7
09.12.2025 15:55:52.512,  2.7
09.12.2025 15:55:56.522,  2.7
09.12.2025 15:56:00.522,  2.7
09.12.2025 15:56:04.512,  2.7
09.12.2025 15:56:08.522,  2.7
09.12.2025 15:56:12.602,  2.7
09.12.2025 15:56:16.612,  2.7
09.12.2025 15:56:20.512,  2.7
09.12.2025 15:56:24.522,  2.7
09.12.2025 15:56:28.602,  2.8
09.12.2025 15:56:32.522,  2.7
09.12.2025 15:56:36.532,  2.8
09.12.2025 15:56:40.542,  2.7
09.12.2025 15:56:44.522,  2.7
09.12.2025 15:56:48.533,  2.7
09.12.2025 15:56:52.522,  2.7
09.12.2025 15:56:56.522,  2.7
09.12.2025 15:57:00.642,  2.7
09.12.2025 15:57:04.522,  2.7
09.12.2025 15:57:08.682,  2.8
09.12.2025 15:57:12.642,  2.7
09.12.2025 15:57:16.642,  2.8
09.12.2025 15:57:20.642,  2.7
09.12.2025 15:57:24.642,  2.7
09.12.2025 15:57:28.642,  2.7
09.12.2025 15:57:32.642,  2.7
09.12.2025 15:57:36.533,  2.7
09.12.2025 15:57:40.532,  2.7
09.12.2025 15:57:44.642,  2.7
09.12.2025 15:57:48.642,  2.7
09.12.2025 15:57:52.642,  2.7
09.12.2025 15:57:56.642,  2.7
09.12.2025 15:58:00.542,  2.7
09.12.2025 15:58:04.522,  2.7
09.12.2025 15:58:08.532,  2.8
09.12.2025 15:58:12.522,  2.7
09.12.2025 15:58:16.532,  2.8
09.12.2025 15:58:20.642,  2.7
09.12.2025 15:58:24.642,  0.2
09.12.2025 15:58:28.532,  0.2
09.12.2025 15:58:32.642,  0.1
09.12.2025 15:58:36.642,  0.1
09.12.2025 15:58:40.642,  0.1
09.12.2025 15:58:44.642,  0.1
09.12.2025 15:58:48.542,  0.1
09.12.2025 15:58:52.642,  0.1
09.12.2025 15:58:56.532,  0.1
09.12.2025 15:59:00.542,  0.1
09.12.2025 15:59:04.542,  0.1
09.12.2025 15:59:08.642,  0.0
09.12.2025 15:59:12.642,  0.0
09.12.2025 15:59:16.642,  0.0
09.12.2025 15:59:20.542,  0.0
09.12.2025 15:59:24.642,  0.0
09.12.2025 15:59:28.642,  0.0
09.12.2025 15:59:32.642,  0.0
09.12.2025 15:59:36.642,  0.0
09.12.2025 15:59:40.542,  0.0
09.12.2025 15:59:44.542,  0.0
09.12.2025 15:59:48.542,  0.0
09.12.2025 15:59:52.542,  0.0
09.12.2025 15:59:56.532,  0.0
09.12.2025 16:00:00.642,  0.0
09.12.2025 16:00:04.642,  0.0
09.12.2025 16:00:08.654,  0.0
09.12.2025 16:00:12.655,  0.0
09.12.2025 16:00:16.564,  0.0
09.12.2025 16:00:20.564,  0.0
09.12.2025 16:00:24.554,  0.0
09.12.2025 16:00:28.554,  0.0
09.12.2025 16:00:32.554,  0.0
09.12.2025 16:00:36.564,  0.0
09.12.2025 16:00:40.554,  0.0
09.12.2025 16:00:44.554,  0.0
09.12.2025 16:00:48.664,  0.0
09.12.2025 16:00:52.554,  0.0
09.12.2025 16:00:56.554,  0.0
09.12.2025 16:01:00.554,  0.0
09.12.2025 16:01:04.654,  0.0
09.12.2025 16:01:08.554,  0.0
09.12.2025 16:01:12.574,  0.0
09.12.2025 16:01:16.654,  0.0
09.12.2025 16:01:20.584,  0.0
09.12.2025 16:01:24.584,  0.0
09.12.2025 16:01:28.694,  0.0
09.12.2025 16:01:32.585,  0.0
09.12.2025 16:01:36.584,  0.0
09.12.2025 16:01:40.594,  0.0
09.12.2025 16:01:44.694,  0.0
09.12.2025 16:01:48.594,  0.0
09.12.2025 16:01:52.584,  0.0
09.12.2025 16:01:56.694,  0.0
09.12.2025 16:02:00.694,  0.0
09.12.2025 16:02:04.584,  0.0
09.12.2025 16:02:08.594,  0.0
09.12.2025 16:02:12.594,  0.0
09.12.2025 16:02:16.694,  0.0
09.12.2025 16:02:20.604,  0.0
09.12.2025 16:02:24.694,  0.0
09.12.2025 16:02:28.694,  0.0
09.12.2025 16:02:32.694,  0.0
09.12.2025 16:02:36.594,  0.0
09.12.2025 16:02:40.604,  0.0
09.12.2025 16:02:44.605,  0.0
09.12.2025 16:02:48.654,  0.0
09.12.2025 16:02:52.734,  0.0
09.12.2025 16:02:56.594,  0.0
09.12.2025 16:03:00.694,  0.0
09.12.2025 16:03:04.604,  0.0
09.12.2025 16:03:08.694,  0.0
09.12.2025 16:03:12.594,  0.0
09.12.2025 16:03:16.694,  0.0
09.12.2025 16:03:20.694,  0.0
09.12.2025 16:03:24.694,  0.0
09.12.2025 16:03:28.694,  0.0
09.12.2025 16:03:32.694,  0.0
09.12.2025 16:03:36.614,  0.0
09.12.2025 16:03:40.734,  0.0
09.12.2025 16:03:44.604,  0.0
09.12.2025 16:03:48.694,  0.0
09.12.2025 16:03:52.614,  0.0
09.12.2025 16:03:56.604,  0.0
09.12.2025 16:04:00.614,  0.0
09.12.2025 16:04:04.604,  0.0
09.12.2025 16:04:08.694,  0.0
09.12.2025 16:04:12.814,  0.0
09.12.2025 16:04:16.604,  0.0
09.12.2025 16:04:20.604,  0.0
09.12.2025 16:04:24.774,  0.0
09.12.2025 16:04:28.654,  0.0
09.12.2025 16:04:32.614,  0.0
09.12.2025 16:04:36.734,  0.0
09.12.2025 16:04:40.614,  0.0
09.12.2025 16:04:44.724,  0.0
09.12.2025 16:04:48.694,  0.0
09.12.2025 16:04:52.614,  0.0
09.12.2025 16:04:56.614,  0.0
09.12.2025 16:05:00.615,  0.0
09.12.2025 16:05:04.614,  0.0
09.12.2025 16:05:08.739,  0.0
09.12.2025 16:05:12.729,  0.0
09.12.2025 16:05:16.609,  0.0
09.12.2025 16:05:20.729,  0.0
09.12.2025 16:05:24.619,  0.0
09.12.2025 16:05:28.689,  0.0
09.12.2025 16:05:32.619,  0.0
09.12.2025 16:05:36.659,  0.0
09.12.2025 16:05:40.619,  0.0
09.12.2025 16:05:44.609,  0.0
09.12.2025 16:05:48.619,  0.0
09.12.2025 16:05:52.729,  0.0
09.12.2025 16:05:56.609,  0.0
09.12.2025 16:06:00.729,  0.0
09.12.2025 16:06:04.619,  0.0
09.12.2025 16:06:08.729,  0.0
09.12.2025 16:06:12.729,  0.0
09.12.2025 16:06:16.729,  0.0
09.12.2025 16:06:20.619,  0.0
09.12.2025 16:06:24.609,  0.0
09.12.2025 16:06:28.609,  0.0
09.12.2025 16:06:32.619,  0.0
09.12.2025 16:06:36.609,  0.0
09.12.2025 16:06:40.619,  0.0
09.12.2025 16:06:44.730,  0.0
09.12.2025 16:06:48.729,  0.0
09.12.2025 16:06:52.729,  0.0
09.12.2025 16:06:56.619,  0.0
09.12.2025 16:07:00.619,  0.0
09.12.2025 16:07:04.729,  0.0
09.12.2025 16:07:08.729,  0.0
09.12.2025 16:07:12.619,  0.0
09.12.2025 16:07:16.609,  0.0
09.12.2025 16:07:20.612,  0.0
09.12.2025 16:07:24.629,  0.0
09.12.2025 16:07:28.629,  0.0
09.12.2025 16:07:32.619,  0.0
09.12.2025 16:07:36.729,  0.0
09.12.2025 16:07:40.729,  0.0
09.12.2025 16:07:44.619,  0.0
09.12.2025 16:07:48.619,  0.0
09.12.2025 16:07:52.729,  0.0
09.12.2025 16:07:56.629,  0.0
09.12.2025 16:08:00.619,  0.0
09.12.2025 16:08:04.619,  0.0
09.12.2025 16:08:08.619,  0.0
09.12.2025 16:08:12.630,  0.0
09.12.2025 16:08:16.619,  0.0
09.12.2025 16:08:20.730,  0.0
09.12.2025 16:08:24.629,  0.0
09.12.2025 16:08:28.629,  0.0
09.12.2025 16:08:32.619,  0.0
09.12.2025 16:08:36.619,  0.0
09.12.2025 16:08:40.629,  0.0
09.12.2025 16:08:44.619,  0.0
09.12.2025 16:08:48.629,  0.0
09.12.2025 16:08:52.629,  0.0
09.12.2025 16:08:56.629,  0.0
09.12.2025 16:09:00.629,  0.0
09.12.2025 16:09:04.729,  0.0
09.12.2025 16:09:08.729,  0.0
09.12.2025 16:09:12.719,  0.0
09.12.2025 16:09:16.629,  0.0
09.12.2025 16:09:20.639,  0.0
09.12.2025 16:09:24.719,  0.0
09.12.2025 16:09:28.719,  0.0
09.12.2025 16:09:32.719,  0.0
09.12.2025 16:09:36.629,  0.0
09.12.2025 16:09:40.639,  0.0
09.12.2025 16:09:44.721,  0.0
09.12.2025 16:09:48.639,  0.0
09.12.2025 16:09:52.719,  0.0
09.12.2025 16:09:56.959,  0.0
09.12.2025 16:10:00.719,  0.0
09.12.2025 16:10:04.719,  0.0
09.12.2025 16:10:08.814,  0.0
09.12.2025 16:10:12.734,  0.0
09.12.2025 16:10:16.654,  0.0
09.12.2025 16:10:20.644,  0.0
09.12.2025 16:10:24.814,  0.0
09.12.2025 16:10:28.734,  0.0
09.12.2025 16:10:32.644,  0.0
09.12.2025 16:10:36.734,  0.0
09.12.2025 16:10:40.734,  0.0
09.12.2025 16:10:44.644,  0.0
09.12.2025 16:10:48.654,  0.0
09.12.2025 16:10:52.644,  0.0
09.12.2025 16:10:56.654,  0.0
09.12.2025 16:11:00.655,  0.0
09.12.2025 16:11:04.734,  0.0
09.12.2025 16:11:08.654,  0.0
09.12.2025 16:11:12.644,  0.0
09.12.2025 16:11:16.654,  0.0
09.12.2025 16:11:20.774,  0.0
09.12.2025 16:11:24.734,  0.0
09.12.2025 16:11:28.644,  0.0
09.12.2025 16:11:32.654,  0.0
09.12.2025 16:11:36.774,  0.0
09.12.2025 16:11:40.654,  0.0
09.12.2025 16:11:44.654,  0.0
09.12.2025 16:11:48.644,  0.0
09.12.2025 16:11:52.774,  0.0
09.12.2025 16:11:56.654,  0.0
09.12.2025 16:12:00.734,  0.0
09.12.2025 16:12:04.735,  0.0
09.12.2025 16:12:08.734,  0.0
09.12.2025 16:12:12.654,  0.0
09.12.2025 16:12:16.734,  0.0
09.12.2025 16:12:20.654,  0.0
09.12.2025 16:12:24.734,  0.0
09.12.2025 16:12:28.734,  0.0
09.12.2025 16:12:32.654,  0.0
09.12.2025 16:12:36.644,  0.0
09.12.2025 16:12:40.644,  0.0
09.12.2025 16:12:44.654,  0.0
09.12.2025 16:12:48.855,  0.0
09.12.2025 16:12:52.854,  0.0
09.12.2025 16:12:56.644,  0.0
09.12.2025 16:13:00.654,  0.0
09.12.2025 16:13:04.774,  0.0
09.12.2025 16:13:08.654,  0.0
09.12.2025 16:13:12.644,  0.0
09.12.2025 16:13:16.654,  0.0
09.12.2025 16:13:20.734,  0.0
09.12.2025 16:13:24.844,  0.0
09.12.2025 16:13:28.764,  0.0
09.12.2025 16:13:32.654,  0.0
09.12.2025 16:13:36.665,  0.0
09.12.2025 16:13:40.774,  0.0
09.12.2025 16:13:44.664,  0.0
09.12.2025 16:13:48.674,  0.0
09.12.2025 16:13:52.764,  0.0
09.12.2025 16:13:56.674,  0.0
09.12.2025 16:14:00.764,  0.0
09.12.2025 16:14:04.664,  0.0
09.12.2025 16:14:08.764,  0.0
09.12.2025 16:14:12.664,  0.0
09.12.2025 16:14:16.664,  0.0
09.12.2025 16:14:20.674,  0.0
09.12.2025 16:14:24.674,  0.0
09.12.2025 16:14:28.764,  0.0
09.12.2025 16:14:32.674,  0.0
09.12.2025 16:14:36.664,  0.0
09.12.2025 16:14:40.764,  0.0
09.12.2025 16:14:44.764,  0.0
09.12.2025 16:14:48.674,  0.0
09.12.2025 16:14:52.664,  0.0
09.12.2025 16:14:56.664,  0.0
09.12.2025 16:15:00.764,  0.0
09.12.2025 16:15:04.664,  0.0
09.12.2025 16:15:08.691,  0.0
09.12.2025 16:15:12.781,  0.0
09.12.2025 16:15:16.691,  0.0
09.12.2025 16:15:20.681,  0.0
09.12.2025 16:15:24.781,  0.0
09.12.2025 16:15:28.781,  0.0
09.12.2025 16:15:32.681,  0.0
09.12.2025 16:15:36.691,  0.0
09.12.2025 16:15:40.681,  0.0
09.12.2025 16:15:44.691,  0.0
09.12.2025 16:15:48.781,  0.0
09.12.2025 16:15:52.681,  0.0
09.12.2025 16:15:56.691,  0.0
09.12.2025 16:16:00.681,  0.0
09.12.2025 16:16:04.691,  0.0
09.12.2025 16:16:08.681,  0.0
09.12.2025 16:16:12.781,  0.0
09.12.2025 16:16:16.691,  0.0
09.12.2025 16:16:20.781,  0.0
09.12.2025 16:16:24.781,  0.0
09.12.2025 16:16:28.691,  0.0
09.12.2025 16:16:32.691,  0.0
09.12.2025 16:16:36.701,  0.0
09.12.2025 16:16:40.711,  0.0
09.12.2025 16:16:44.821,  0.0
09.12.2025 16:16:48.711,  0.0
09.12.2025 16:16:52.701,  0.0
09.12.2025 16:16:56.711,  0.0
09.12.2025 16:17:00.701,  0.0
09.12.2025 16:17:04.701,  0.0
09.12.2025 16:17:08.821,  0.0
09.12.2025 16:17:12.711,  0.0
09.12.2025 16:17:16.712,  0.0
09.12.2025 16:17:20.701,  0.0
09.12.2025 16:17:24.711,  0.0
09.12.2025 16:17:28.701,  0.0
09.12.2025 16:17:32.811,  0.0
09.12.2025 16:17:36.701,  0.0
09.12.2025 16:17:40.811,  0.0
09.12.2025 16:17:44.711,  0.0
09.12.2025 16:17:48.712,  0.0
09.12.2025 16:17:52.821,  0.0
09.12.2025 16:17:56.821,  0.0
09.12.2025 16:18:00.811,  0.0
09.12.2025 16:18:04.771,  0.0
09.12.2025 16:18:08.851,  0.0
09.12.2025 16:18:12.701,  0.0
09.12.2025 16:18:16.701,  0.0
09.12.2025 16:18:20.711,  0.0
09.12.2025 16:18:24.811,  0.0
09.12.2025 16:18:28.811,  0.0
09.12.2025 16:18:32.711,  0.0
09.12.2025 16:18:36.711,  0.0
09.12.2025 16:18:40.811,  0.0
09.12.2025 16:18:44.811,  0.0
09.12.2025 16:18:48.701,  0.0
09.12.2025 16:18:52.701,  0.0
09.12.2025 16:18:56.771,  0.0
09.12.2025 16:19:00.701,  0.0
09.12.2025 16:19:04.711,  0.0
09.12.2025 16:19:08.711,  0.0
09.12.2025 16:19:12.811,  0.0
09.12.2025 16:19:16.711,  0.0
09.12.2025 16:19:20.701,  0.0
09.12.2025 16:19:24.711,  0.0
09.12.2025 16:19:28.711,  0.0
09.12.2025 16:19:32.711,  0.0
09.12.2025 16:19:36.711,  0.0
09.12.2025 16:19:40.811,  0.0
09.12.2025 16:19:44.701,  0.0
09.12.2025 16:19:48.711,  0.0
09.12.2025 16:19:52.701,  0.0
09.12.2025 16:19:56.811,  0.0
09.12.2025 16:20:00.811,  0.0
09.12.2025 16:20:04.811,  0.0
09.12.2025 16:20:08.716,  0.0
09.12.2025 16:20:12.726,  0.0
09.12.2025 16:20:16.726,  0.0
09.12.2025 16:20:20.716,  0.0
09.12.2025 16:20:24.726,  0.0
09.12.2025 16:20:28.726,  0.0
09.12.2025 16:20:32.726,  0.0
09.12.2025 16:20:36.826,  0.0
09.12.2025 16:20:40.826,  0.0
09.12.2025 16:20:44.726,  0.0
09.12.2025 16:20:48.726,  0.0
09.12.2025 16:20:52.727,  0.0
09.12.2025 16:20:56.826,  0.0
09.12.2025 16:21:00.726,  0.0
09.12.2025 16:21:04.716,  0.0
09.12.2025 16:21:08.726,  0.0
09.12.2025 16:21:12.716,  0.0
09.12.2025 16:21:16.716,  0.0
09.12.2025 16:21:20.726,  0.0
09.12.2025 16:21:24.726,  0.0
09.12.2025 16:21:28.827,  0.0
09.12.2025 16:21:32.826,  0.0
09.12.2025 16:21:36.826,  0.0
09.12.2025 16:21:40.826,  0.0
09.12.2025 16:21:44.826,  0.0
09.12.2025 16:21:48.716,  0.0
09.12.2025 16:21:52.816,  0.0
09.12.2025 16:21:56.726,  0.0
09.12.2025 16:22:00.726,  0.0
09.12.2025 16:22:04.826,  0.0
09.12.2025 16:22:08.726,  0.0
09.12.2025 16:22:12.826,  0.0
09.12.2025 16:22:16.816,  0.0
09.12.2025 16:22:20.816,  0.0
09.12.2025 16:22:24.716,  0.0
09.12.2025 16:22:28.826,  0.0
09.12.2025 16:22:32.716,  0.0
09.12.2025 16:22:36.816,  0.0
09.12.2025 16:22:40.726,  0.0
09.12.2025 16:22:44.716,  0.0
09.12.2025 16:22:48.726,  0.0
09.12.2025 16:22:52.716,  0.0
09.12.2025 16:22:56.726,  0.0
09.12.2025 16:23:00.716,  0.0
09.12.2025 16:23:04.727,  0.0
09.12.2025 16:23:08.816,  0.0
09.12.2025 16:23:12.816,  0.0
09.12.2025 16:23:16.816,  0.0
09.12.2025 16:23:20.786,  0.0
09.12.2025 16:23:24.936,  0.0
09.12.2025 16:23:28.856,  0.0
09.12.2025 16:23:32.816,  0.0
09.12.2025 16:23:36.726,  0.0
09.12.2025 16:23:40.716,  0.0
09.12.2025 16:23:44.816,  0.0
09.12.2025 16:23:48.726,  0.0
09.12.2025 16:23:52.816,  0.0
09.12.2025 16:23:56.726,  0.0
09.12.2025 16:24:00.816,  0.0
09.12.2025 16:24:04.716,  0.0
09.12.2025 16:24:08.726,  0.0
09.12.2025 16:24:12.816,  0.0
09.12.2025 16:24:16.816,  0.0
09.12.2025 16:24:20.726,  0.0
09.12.2025 16:24:24.726,  0.0
09.12.2025 16:24:28.816,  0.0
09.12.2025 16:24:32.726,  0.0
09.12.2025 16:24:36.816,  0.0
09.12.2025 16:24:40.726,  0.0
09.12.2025 16:24:44.816,  0.0
09.12.2025 16:24:48.816,  0.0
09.12.2025 16:24:52.816,  0.0
09.12.2025 16:24:56.716,  0.0
09.12.2025 16:25:00.816,  0.0
09.12.2025 16:25:04.816,  0.0
09.12.2025 16:25:08.745,  0.0
09.12.2025 16:25:12.835,  0.0
09.12.2025 16:25:16.755,  0.0
09.12.2025 16:25:20.755,  0.0
09.12.2025 16:25:24.745,  0.0
09.12.2025 16:25:28.755,  0.0
09.12.2025 16:25:32.745,  0.0
09.12.2025 16:25:36.805,  0.0
09.12.2025 16:25:40.915,  0.0
09.12.2025 16:25:44.876,  0.0
09.12.2025 16:25:48.836,  0.0
09.12.2025 16:25:52.755,  0.0
09.12.2025 16:25:56.955,  0.0
09.12.2025 16:26:00.755,  0.0
09.12.2025 16:26:04.955,  0.0
09.12.2025 16:26:08.865,  0.0
09.12.2025 16:26:12.865,  0.0
09.12.2025 16:26:16.755,  0.0
09.12.2025 16:26:20.875,  0.0
09.12.2025 16:26:24.745,  0.0
09.12.2025 16:26:28.865,  0.0
09.12.2025 16:26:32.745,  0.0
09.12.2025 16:26:36.745,  0.0
09.12.2025 16:26:40.946,  0.0
09.12.2025 16:26:44.865,  0.0
09.12.2025 16:26:48.865,  0.0
09.12.2025 16:26:52.755,  0.0
09.12.2025 16:26:56.745,  0.0
09.12.2025 16:27:00.755,  0.0
09.12.2025 16:27:04.755,  0.0
09.12.2025 16:27:08.865,  0.0
09.12.2025 16:27:12.865,  0.0
09.12.2025 16:27:16.756,  0.0
09.12.2025 16:27:20.745,  0.0
09.12.2025 16:27:24.865,  0.0
09.12.2025 16:27:28.865,  0.0
09.12.2025 16:27:32.865,  0.0
09.12.2025 16:27:36.865,  0.0
09.12.2025 16:27:40.755,  0.0
09.12.2025 16:27:44.745,  0.0
09.12.2025 16:27:48.765,  0.0
09.12.2025 16:27:52.755,  0.0
09.12.2025 16:27:56.765,  0.0
09.12.2025 16:28:00.865,  0.0
09.12.2025 16:28:04.765,  0.0
09.12.2025 16:28:08.765,  0.0
09.12.2025 16:28:12.765,  0.0
09.12.2025 16:28:16.865,  0.0
09.12.2025 16:28:20.765,  0.0
09.12.2025 16:28:25.105,  0.0
09.12.2025 16:28:28.865,  0.0
09.12.2025 16:28:32.865,  0.0
09.12.2025 16:28:36.865,  0.0
09.12.2025 16:28:40.865,  0.0
09.12.2025 16:28:44.765,  0.0
09.12.2025 16:28:48.865,  0.0
09.12.2025 16:28:52.865,  0.0
09.12.2025 16:28:56.775,  0.0
09.12.2025 16:29:00.775,  0.0
09.12.2025 16:29:04.865,  0.0
09.12.2025 16:29:08.765,  0.0
09.12.2025 16:29:12.775,  0.0
09.12.2025 16:29:16.775,  0.0
09.12.2025 16:29:20.765,  0.0
09.12.2025 16:29:24.775,  0.0
09.12.2025 16:29:28.765,  0.0
09.12.2025 16:29:32.775,  0.0
09.12.2025 16:29:36.865,  0.0
09.12.2025 16:29:40.865,  0.0
09.12.2025 16:29:44.776,  0.0
09.12.2025 16:29:48.865,  0.0
09.12.2025 16:29:52.785,  0.0
09.12.2025 16:29:56.785,  0.0
09.12.2025 16:30:00.905,  0.0
09.12.2025 16:30:04.795,  0.0
09.12.2025 16:30:08.820,  0.0
09.12.2025 16:30:12.921,  0.0
09.12.2025 16:30:16.921,  0.0
09.12.2025 16:30:20.920,  0.0
09.12.2025 16:30:24.840,  0.0
09.12.2025 16:30:28.960,  0.0
09.12.2025 16:30:32.850,  0.0
09.12.2025 16:30:36.960,  0.0
09.12.2025 16:30:40.950,  0.0
09.12.2025 16:30:44.960,  0.0
09.12.2025 16:30:48.860,  0.0
09.12.2025 16:30:52.960,  0.0
09.12.2025 16:30:56.860,  0.0
09.12.2025 16:31:00.960,  0.0
09.12.2025 16:31:04.850,  0.0
09.12.2025 16:31:08.950,  0.0
09.12.2025 16:31:12.850,  0.0
09.12.2025 16:31:16.850,  0.0
09.12.2025 16:31:20.860,  0.0
09.12.2025 16:31:24.860,  0.0
09.12.2025 16:31:28.951,  0.0
09.12.2025 16:31:32.950,  0.0
09.12.2025 16:31:36.950,  0.0
09.12.2025 16:31:40.950,  0.0
09.12.2025 16:31:44.850,  0.0
09.12.2025 16:31:48.850,  0.0
09.12.2025 16:31:52.950,  0.0
09.12.2025 16:31:56.850,  0.0
09.12.2025 16:32:00.860,  0.0
09.12.2025 16:32:04.870,  0.0
09.12.2025 16:32:08.860,  0.0
09.12.2025 16:32:12.860,  0.0
09.12.2025 16:32:16.950,  0.0
09.12.2025 16:32:20.870,  0.0
09.12.2025 16:32:24.950,  0.0
09.12.2025 16:32:28.860,  0.0
09.12.2025 16:32:32.950,  0.0
09.12.2025 16:32:36.870,  0.0
09.12.2025 16:32:40.870,  0.0
09.12.2025 16:32:44.950,  0.0
09.12.2025 16:32:48.950,  0.0
09.12.2025 16:32:52.870,  0.0
09.12.2025 16:32:56.870,  0.0
09.12.2025 16:33:00.870,  0.0
09.12.2025 16:33:04.990,  0.0
09.12.2025 16:33:08.860,  0.0
09.12.2025 16:33:12.950,  0.0
09.12.2025 16:33:17.070,  0.0
09.12.2025 16:33:21.030,  0.0
09.12.2025 16:33:24.870,  0.0
09.12.2025 16:33:28.870,  0.0
09.12.2025 16:33:32.860,  0.0
09.12.2025 16:33:36.950,  0.0
09.12.2025 16:33:40.870,  0.0
09.12.2025 16:33:44.900,  0.0
09.12.2025 16:33:48.870,  0.0
09.12.2025 16:33:53.030,  0.0
09.12.2025 16:33:56.950,  0.0
09.12.2025 16:34:00.990,  0.0
09.12.2025 16:34:04.860,  0.0
09.12.2025 16:34:08.900,  0.0
09.12.2025 16:34:12.950,  0.0
09.12.2025 16:34:16.860,  0.0
09.12.2025 16:34:20.950,  0.0
09.12.2025 16:34:24.860,  0.0
09.12.2025 16:34:28.860,  0.0
09.12.2025 16:34:32.951,  0.0
09.12.2025 16:34:36.860,  0.0
09.12.2025 16:34:41.030,  0.0
09.12.2025 16:34:44.860,  0.0
09.12.2025 16:34:48.870,  0.0
09.12.2025 16:34:53.070,  0.0
09.12.2025 16:34:56.870,  0.0
09.12.2025 16:35:00.860,  0.0
09.12.2025 16:35:04.870,  0.0
09.12.2025 16:35:08.880,  0.0
09.12.2025 16:35:12.880,  0.0
09.12.2025 16:35:17.000,  0.0
09.12.2025 16:35:20.870,  0.0
09.12.2025 16:35:24.880,  0.0
09.12.2025 16:35:29.040,  0.0
09.12.2025 16:35:32.870,  0.0
09.12.2025 16:35:36.880,  0.0
09.12.2025 16:35:40.870,  0.0
09.12.2025 16:35:44.880,  0.0
09.12.2025 16:35:48.881,  0.0
09.12.2025 16:35:52.870,  0.0
09.12.2025 16:35:56.880,  0.0
09.12.2025 16:36:00.990,  0.0
09.12.2025 16:36:04.870,  0.0
09.12.2025 16:36:08.990,  0.0
09.12.2025 16:36:12.990,  0.0
09.12.2025 16:36:16.870,  0.0
09.12.2025 16:36:20.880,  0.0
09.12.2025 16:36:24.870,  0.0
09.12.2025 16:36:28.870,  0.0
09.12.2025 16:36:32.880,  0.0
09.12.2025 16:36:36.990,  0.0
09.12.2025 16:36:40.880,  0.0
09.12.2025 16:36:44.870,  0.0
09.12.2025 16:36:48.880,  0.0
09.12.2025 16:36:52.881,  0.0
09.12.2025 16:36:56.990,  0.0
09.12.2025 16:37:00.870,  0.0
09.12.2025 16:37:04.880,  0.0
09.12.2025 16:37:08.880,  0.0
09.12.2025 16:37:12.890,  0.0
09.12.2025 16:37:17.230,  0.0
09.12.2025 16:37:20.890,  0.0
09.12.2025 16:37:24.990,  0.0
09.12.2025 16:37:28.890,  0.0
09.12.2025 16:37:32.880,  0.0
09.12.2025 16:37:36.990,  0.0
09.12.2025 16:37:40.890,  0.0
09.12.2025 16:37:44.880,  0.0
09.12.2025 16:37:48.890,  0.0
09.12.2025 16:37:52.990,  0.0
09.12.2025 16:37:56.990,  0.0
09.12.2025 16:38:00.990,  0.0
09.12.2025 16:38:04.990,  0.0
09.12.2025 16:38:08.990,  0.0
09.12.2025 16:38:12.890,  0.0
09.12.2025 16:38:16.990,  0.0
09.12.2025 16:38:20.990,  0.0
09.12.2025 16:38:24.900,  0.0
09.12.2025 16:38:28.890,  0.0
09.12.2025 16:38:32.900,  0.0
09.12.2025 16:38:36.890,  0.0
09.12.2025 16:38:40.900,  0.0
09.12.2025 16:38:44.890,  0.0
09.12.2025 16:38:48.990,  0.0
09.12.2025 16:38:52.890,  0.0
09.12.2025 16:38:56.990,  0.0
09.12.2025 16:39:00.900,  0.0
09.12.2025 16:39:04.910,  0.0
09.12.2025 16:39:08.900,  0.0
09.12.2025 16:39:12.990,  0.0
09.12.2025 16:39:16.980,  0.0
09.12.2025 16:39:20.890,  0.0
09.12.2025 16:39:24.900,  0.0
09.12.2025 16:39:28.990,  0.0
09.12.2025 16:39:33.110,  0.0
09.12.2025 16:39:36.980,  0.0
09.12.2025 16:39:40.910,  0.0
09.12.2025 16:39:45.220,  0.0
09.12.2025 16:39:49.100,  0.0
09.12.2025 16:39:52.910,  0.0
09.12.2025 16:39:56.910,  0.0
09.12.2025 16:40:01.030,  0.0
09.12.2025 16:40:05.030,  0.0
09.12.2025 16:40:09.036,  0.0
09.12.2025 16:40:12.926,  0.0
09.12.2025 16:40:16.916,  0.0
09.12.2025 16:40:20.996,  0.0
09.12.2025 16:40:24.936,  0.0
09.12.2025 16:40:28.936,  0.0
09.12.2025 16:40:33.036,  0.0
09.12.2025 16:40:37.036,  0.0
09.12.2025 16:40:41.036,  0.0
09.12.2025 16:40:44.926,  0.0
09.12.2025 16:40:48.936,  0.0
09.12.2025 16:40:52.936,  0.0
09.12.2025 16:40:57.036,  0.0
09.12.2025 16:41:00.936,  0.0
09.12.2025 16:41:04.937,  0.0
09.12.2025 16:41:09.036,  0.0
09.12.2025 16:41:12.936,  0.0
09.12.2025 16:41:16.926,  0.0
09.12.2025 16:41:20.936,  0.0
09.12.2025 16:41:24.936,  0.0
09.12.2025 16:41:29.036,  0.0
09.12.2025 16:41:33.036,  0.0
09.12.2025 16:41:37.036,  0.0
09.12.2025 16:41:41.006,  0.0
09.12.2025 16:41:45.156,  0.0
09.12.2025 16:41:49.076,  0.0
09.12.2025 16:41:53.036,  0.0
09.12.2025 16:41:56.936,  0.0
09.12.2025 16:42:01.036,  0.0
09.12.2025 16:42:04.936,  0.0
09.12.2025 16:42:09.036,  0.0
09.12.2025 16:42:12.926,  0.0
09.12.2025 16:42:16.936,  0.0
09.12.2025 16:42:20.937,  0.0
09.12.2025 16:42:24.936,  0.0
09.12.2025 16:42:28.936,  0.0
09.12.2025 16:42:33.036,  0.0
09.12.2025 16:42:36.927,  0.0
09.12.2025 16:42:40.946,  0.0
09.12.2025 16:42:45.036,  0.0
09.12.2025 16:42:49.036,  0.0
09.12.2025 16:42:53.036,  0.0
09.12.2025 16:42:56.936,  0.0
09.12.2025 16:43:01.036,  0.0
09.12.2025 16:43:04.936,  0.0
09.12.2025 16:43:09.036,  0.0
09.12.2025 16:43:13.036,  0.0
09.12.2025 16:43:17.037,  0.0
09.12.2025 16:43:21.037,  0.0
09.12.2025 16:43:25.036,  0.0
09.12.2025 16:43:29.036,  0.0
09.12.2025 16:43:33.036,  0.0
09.12.2025 16:43:37.036,  0.0
09.12.2025 16:43:40.936,  0.0
09.12.2025 16:43:44.937,  0.0
09.12.2025 16:43:48.956,  0.0
09.12.2025 16:43:53.026,  0.0
09.12.2025 16:43:56.956,  0.0
09.12.2025 16:44:01.006,  0.0
09.12.2025 16:44:05.076,  0.0
09.12.2025 16:44:09.026,  0.0
09.12.2025 16:44:12.956,  0.0
09.12.2025 16:44:16.946,  0.0
09.12.2025 16:44:21.036,  0.0
09.12.2025 16:44:25.076,  0.0
09.12.2025 16:44:29.066,  0.0
09.12.2025 16:44:32.966,  0.0
09.12.2025 16:44:37.066,  0.0
09.12.2025 16:44:41.066,  0.0
09.12.2025 16:44:45.066,  0.0
09.12.2025 16:44:48.966,  0.0
09.12.2025 16:44:52.966,  0.0
09.12.2025 16:44:57.066,  0.0
09.12.2025 16:45:01.066,  0.0
09.12.2025 16:45:04.977,  0.0
09.12.2025 16:45:08.978,  0.0
09.12.2025 16:45:13.079,  0.0
09.12.2025 16:45:17.078,  0.0
09.12.2025 16:45:20.998,  0.0
09.12.2025 16:45:25.008,  0.0
09.12.2025 16:45:28.998,  0.0
09.12.2025 16:45:33.008,  0.0
09.12.2025 16:45:37.018,  0.0
09.12.2025 16:45:41.029,  0.0
09.12.2025 16:45:45.098,  0.0
09.12.2025 16:45:49.238,  0.0
09.12.2025 16:45:53.038,  0.0
09.12.2025 16:45:57.038,  0.0
09.12.2025 16:46:01.028,  0.0
09.12.2025 16:46:05.118,  0.0
09.12.2025 16:46:09.038,  0.0
09.12.2025 16:46:13.158,  0.0
09.12.2025 16:46:17.118,  0.0
09.12.2025 16:46:21.118,  0.0
09.12.2025 16:46:25.119,  0.0
09.12.2025 16:46:29.158,  0.0
09.12.2025 16:46:33.158,  0.0
09.12.2025 16:46:37.158,  0.0
09.12.2025 16:46:41.038,  0.0
09.12.2025 16:46:45.158,  0.0
09.12.2025 16:46:49.158,  0.0
09.12.2025 16:46:53.158,  0.0
09.12.2025 16:46:57.158,  0.0
09.12.2025 16:47:01.158,  0.0
09.12.2025 16:47:05.038,  0.0
09.12.2025 16:47:09.048,  0.0
09.12.2025 16:47:13.158,  0.0
09.12.2025 16:47:17.038,  0.0
09.12.2025 16:47:21.048,  0.0
09.12.2025 16:47:25.158,  0.0
09.12.2025 16:47:29.038,  0.0
09.12.2025 16:47:33.048,  0.0
09.12.2025 16:47:37.048,  0.0
09.12.2025 16:47:41.058,  0.0
09.12.2025 16:47:45.158,  0.0
09.12.2025 16:47:49.068,  0.0
09.12.2025 16:47:53.058,  0.0
09.12.2025 16:47:57.158,  0.0
09.12.2025 16:48:01.068,  0.0
09.12.2025 16:48:05.058,  0.0
09.12.2025 16:48:09.068,  0.0
09.12.2025 16:48:13.148,  0.0
09.12.2025 16:48:17.068,  0.0
09.12.2025 16:48:21.158,  0.0
09.12.2025 16:48:25.079,  0.0
09.12.2025 16:48:29.158,  0.0
09.12.2025 16:48:33.190,  0.0
09.12.2025 16:48:37.088,  0.0
09.12.2025 16:48:41.078,  0.0
09.12.2025 16:48:45.188,  0.0
09.12.2025 16:48:49.188,  0.0
09.12.2025 16:48:53.088,  0.0
09.12.2025 16:48:57.088,  0.0
09.12.2025 16:49:01.088,  0.0
09.12.2025 16:49:05.078,  0.0
09.12.2025 16:49:09.188,  0.0
09.12.2025 16:49:13.078,  0.0
09.12.2025 16:49:17.088,  0.0
09.12.2025 16:49:21.098,  0.0
09.12.2025 16:49:25.088,  0.0
09.12.2025 16:49:29.078,  0.0
09.12.2025 16:49:33.088,  0.0
09.12.2025 16:49:37.078,  0.0
09.12.2025 16:49:41.078,  0.0
09.12.2025 16:49:45.089,  0.0
09.12.2025 16:49:49.098,  0.0
09.12.2025 16:49:53.098,  0.0
09.12.2025 16:49:57.098,  0.0
09.12.2025 16:50:01.088,  0.0
09.12.2025 16:50:05.088,  0.0
09.12.2025 16:50:09.208,  0.0
09.12.2025 16:50:13.208,  0.0
09.12.2025 16:50:17.118,  0.0
09.12.2025 16:50:21.108,  0.0
09.12.2025 16:50:25.208,  0.0
09.12.2025 16:50:29.208,  0.0
09.12.2025 16:50:33.208,  0.0
09.12.2025 16:50:37.118,  0.0
09.12.2025 16:50:41.119,  0.0
09.12.2025 16:50:45.108,  0.0
09.12.2025 16:50:49.118,  0.0
09.12.2025 16:50:53.118,  0.0
09.12.2025 16:50:57.108,  0.0
09.12.2025 16:51:01.118,  0.0
09.12.2025 16:51:05.208,  0.0
09.12.2025 16:51:09.208,  0.0
09.12.2025 16:51:13.208,  0.0
09.12.2025 16:51:17.208,  0.0
09.12.2025 16:51:21.118,  0.0
09.12.2025 16:51:25.208,  0.0
09.12.2025 16:51:29.208,  0.0
09.12.2025 16:51:33.118,  0.0
09.12.2025 16:51:37.208,  0.0
09.12.2025 16:51:41.118,  0.0
09.12.2025 16:51:45.108,  0.0
09.12.2025 16:51:49.208,  0.0
09.12.2025 16:51:53.118,  0.0
09.12.2025 16:51:57.208,  0.0
09.12.2025 16:52:01.118,  0.0
09.12.2025 16:52:05.209,  0.0
09.12.2025 16:52:09.108,  0.0
09.12.2025 16:52:13.208,  0.0
09.12.2025 16:52:17.118,  0.0
09.12.2025 16:52:21.208,  0.0
09.12.2025 16:52:25.118,  0.0
09.12.2025 16:52:29.118,  0.0
09.12.2025 16:52:33.198,  0.0
09.12.2025 16:52:37.118,  0.0
09.12.2025 16:52:41.208,  0.0
09.12.2025 16:52:45.108,  0.0
09.12.2025 16:52:49.118,  0.0
09.12.2025 16:52:53.108,  0.0
09.12.2025 16:52:57.198,  0.0
09.12.2025 16:53:01.198,  0.0
09.12.2025 16:53:05.198,  0.0
09.12.2025 16:53:09.198,  0.0
09.12.2025 16:53:13.118,  0.0
09.12.2025 16:53:17.118,  0.0
09.12.2025 16:53:21.119,  0.0
09.12.2025 16:53:25.288,  0.0
09.12.2025 16:53:29.198,  0.0
09.12.2025 16:53:33.198,  0.0
09.12.2025 16:53:37.118,  0.0
09.12.2025 16:53:41.118,  0.0
09.12.2025 16:53:45.198,  0.0
09.12.2025 16:53:49.198,  0.0
09.12.2025 16:53:53.108,  0.0
09.12.2025 16:53:57.198,  0.0
09.12.2025 16:54:01.198,  0.0
09.12.2025 16:54:05.118,  0.0
09.12.2025 16:54:09.198,  0.0
09.12.2025 16:54:13.118,  0.0
09.12.2025 16:54:17.108,  0.0
09.12.2025 16:54:21.118,  0.0
09.12.2025 16:54:25.238,  0.0
09.12.2025 16:54:29.238,  0.0
09.12.2025 16:54:33.238,  0.0
09.12.2025 16:54:37.128,  0.0
09.12.2025 16:54:41.128,  0.0
09.12.2025 16:54:45.238,  0.0
09.12.2025 16:54:49.128,  0.0
09.12.2025 16:54:53.238,  0.0
09.12.2025 16:54:57.238,  0.0
09.12.2025 16:55:01.128,  0.0
09.12.2025 16:55:05.238,  0.0
09.12.2025 16:55:09.246,  0.0
09.12.2025 16:55:13.147,  0.0
09.12.2025 16:55:17.147,  0.0
09.12.2025 16:55:21.136,  0.0
09.12.2025 16:55:25.136,  0.0
09.12.2025 16:55:29.246,  0.0
09.12.2025 16:55:33.146,  0.0
09.12.2025 16:55:37.206,  0.0
09.12.2025 16:55:41.366,  0.0
09.12.2025 16:55:45.146,  0.0
09.12.2025 16:55:49.146,  0.0
09.12.2025 16:55:53.246,  0.0
09.12.2025 16:55:57.136,  0.0
09.12.2025 16:56:01.146,  0.0
09.12.2025 16:56:05.246,  0.0
09.12.2025 16:56:09.146,  0.0
09.12.2025 16:56:13.146,  0.0
09.12.2025 16:56:17.136,  0.0
09.12.2025 16:56:21.146,  0.0
09.12.2025 16:56:25.146,  0.0
09.12.2025 16:56:29.136,  0.0
09.12.2025 16:56:33.146,  0.0
09.12.2025 16:56:37.246,  0.0
09.12.2025 16:56:41.246,  0.0
09.12.2025 16:56:45.146,  0.0
09.12.2025 16:56:49.236,  0.0
09.12.2025 16:56:53.146,  0.0
09.12.2025 16:56:56.146,  0.0
09.12.2025 16:57:00.146,  2.8
09.12.2025 16:57:04.236,  2.8
09.12.2025 16:57:08.166,  2.7
09.12.2025 16:57:12.276,  2.8
09.12.2025 16:57:16.236,  2.7
09.12.2025 16:57:20.236,  2.7
09.12.2025 16:57:24.136,  2.8
09.12.2025 16:57:28.146,  2.7
09.12.2025 16:57:32.136,  2.8
09.12.2025 16:57:36.136,  2.8
09.12.2025 16:57:40.146,  2.8
09.12.2025 16:57:44.136,  2.7
09.12.2025 16:57:48.146,  2.7
09.12.2025 16:57:52.146,  2.7
09.12.2025 16:57:56.146,  2.8
09.12.2025 16:58:00.236,  2.7
09.12.2025 16:58:04.136,  2.7
09.12.2025 16:58:08.136,  2.7
09.12.2025 16:58:12.146,  2.7
09.12.2025 16:58:16.136,  2.7
09.12.2025 16:58:20.146,  2.7
09.12.2025 16:58:24.236,  2.7
09.12.2025 16:58:28.236,  2.7
09.12.2025 16:58:32.236,  2.7
09.12.2025 16:58:36.236,  2.7
09.12.2025 16:58:40.236,  2.7
09.12.2025 16:58:44.236,  2.7
09.12.2025 16:58:48.236,  2.7
09.12.2025 16:58:52.136,  2.7
09.12.2025 16:58:56.236,  2.7
09.12.2025 16:59:00.147,  2.7
09.12.2025 16:59:04.236,  2.7
09.12.2025 16:59:08.146,  2.7
09.12.2025 16:59:12.236,  2.7
09.12.2025 16:59:16.156,  2.8
09.12.2025 16:59:20.156,  2.7
09.12.2025 16:59:24.236,  2.7
09.12.2025 16:59:28.356,  2.7
09.12.2025 16:59:32.156,  2.7
09.12.2025 16:59:36.236,  2.7
09.12.2025 16:59:40.156,  2.7
09.12.2025 16:59:44.156,  2.7
09.12.2025 16:59:48.276,  2.7
09.12.2025 16:59:52.156,  2.7
09.12.2025 16:59:56.156,  2.7
09.12.2025 17:00:00.276,  2.7
09.12.2025 17:00:04.156,  2.7
09.12.2025 17:00:08.183,  2.7
09.12.2025 17:00:12.173,  2.7
09.12.2025 17:00:16.183,  2.7
09.12.2025 17:00:20.183,  2.7
09.12.2025 17:00:24.173,  2.7
09.12.2025 17:00:28.193,  2.7
09.12.2025 17:00:32.293,  2.8
09.12.2025 17:00:36.293,  2.7
09.12.2025 17:00:40.293,  2.7
09.12.2025 17:00:44.293,  2.7
09.12.2025 17:00:48.293,  2.7
09.12.2025 17:00:52.203,  2.7
09.12.2025 17:00:56.333,  2.7
09.12.2025 17:01:00.203,  2.7
09.12.2025 17:01:04.223,  2.7
09.12.2025 17:01:08.224,  2.7
09.12.2025 17:01:12.233,  2.7
09.12.2025 17:01:16.323,  2.7
09.12.2025 17:01:20.243,  2.7
09.12.2025 17:01:24.243,  2.7
09.12.2025 17:01:28.243,  2.7
09.12.2025 17:01:32.233,  2.7
09.12.2025 17:01:36.243,  2.7
09.12.2025 17:01:40.333,  2.7
09.12.2025 17:01:44.234,  2.7
09.12.2025 17:01:48.253,  2.7
09.12.2025 17:01:52.253,  2.7
09.12.2025 17:01:56.263,  2.7
09.12.2025 17:02:00.363,  2.7
09.12.2025 17:02:04.363,  2.7
09.12.2025 17:02:08.363,  2.7
09.12.2025 17:02:12.263,  2.7
09.12.2025 17:02:16.363,  2.7
09.12.2025 17:02:20.363,  2.7
09.12.2025 17:02:24.263,  2.7
09.12.2025 17:02:28.253,  2.7
09.12.2025 17:02:32.263,  2.7
09.12.2025 17:02:36.263,  2.7
09.12.2025 17:02:40.253,  2.7
09.12.2025 17:02:44.263,  2.7
09.12.2025 17:02:48.363,  2.7
09.12.2025 17:02:52.264,  2.7
09.12.2025 17:02:56.363,  2.7
09.12.2025 17:03:00.363,  2.7
09.12.2025 17:03:04.363,  2.7
09.12.2025 17:03:08.263,  2.7
09.12.2025 17:03:12.263,  2.7
09.12.2025 17:03:16.264,  2.7
09.12.2025 17:03:20.263,  2.7
09.12.2025 17:03:24.263,  2.7
09.12.2025 17:03:28.263,  2.7
09.12.2025 17:03:32.264,  2.7
09.12.2025 17:03:36.253,  2.7
09.12.2025 17:03:40.263,  2.7
09.12.2025 17:03:44.263,  2.7
09.12.2025 17:03:48.263,  2.7
09.12.2025 17:03:52.253,  2.7
09.12.2025 17:03:56.253,  2.7
09.12.2025 17:04:00.263,  2.7
09.12.2025 17:04:04.363,  2.7
09.12.2025 17:04:08.263,  2.7
09.12.2025 17:04:12.253,  2.7
09.12.2025 17:04:16.253,  2.7
09.12.2025 17:04:20.253,  2.7
09.12.2025 17:04:24.363,  2.7
09.12.2025 17:04:28.253,  2.7
09.12.2025 17:04:32.253,  2.7
09.12.2025 17:04:36.263,  2.7
09.12.2025 17:04:40.253,  2.7
09.12.2025 17:04:44.363,  2.7
09.12.2025 17:04:48.363,  2.7
09.12.2025 17:04:52.264,  2.7
09.12.2025 17:04:56.263,  2.7
09.12.2025 17:05:00.364,  2.7
09.12.2025 17:05:04.263,  2.7
09.12.2025 17:05:08.276,  2.7
09.12.2025 17:05:12.286,  2.7
09.12.2025 17:05:16.286,  2.7
09.12.2025 17:05:20.276,  2.7
09.12.2025 17:05:24.286,  2.7
09.12.2025 17:05:28.286,  2.8
09.12.2025 17:05:32.276,  2.7
09.12.2025 17:05:36.286,  2.7
09.12.2025 17:05:40.366,  2.7
09.12.2025 17:05:44.286,  2.7
09.12.2025 17:05:48.286,  2.7
09.12.2025 17:05:52.286,  2.7
09.12.2025 17:05:56.366,  2.7
09.12.2025 17:06:00.376,  2.7
09.12.2025 17:06:04.376,  2.7
09.12.2025 17:06:08.276,  2.7
09.12.2025 17:06:12.286,  2.7
09.12.2025 17:06:16.297,  2.7
09.12.2025 17:06:20.286,  2.7
09.12.2025 17:06:24.446,  2.7
09.12.2025 17:06:28.286,  2.7
09.12.2025 17:06:32.446,  2.7
09.12.2025 17:06:36.406,  2.7
09.12.2025 17:06:40.297,  2.7
09.12.2025 17:06:44.286,  2.7
09.12.2025 17:06:48.286,  2.7
09.12.2025 17:06:52.296,  2.7
09.12.2025 17:06:56.356,  2.7
09.12.2025 17:07:00.286,  2.7
09.12.2025 17:07:04.296,  2.7
09.12.2025 17:07:08.296,  2.7
09.12.2025 17:07:12.286,  2.7
09.12.2025 17:07:16.406,  2.8
09.12.2025 17:07:20.406,  2.7
09.12.2025 17:07:24.296,  2.7
09.12.2025 17:07:28.296,  2.7
09.12.2025 17:07:32.286,  2.7
09.12.2025 17:07:36.286,  2.7
09.12.2025 17:07:40.296,  2.7
09.12.2025 17:07:44.286,  2.7
09.12.2025 17:07:48.296,  2.7
09.12.2025 17:07:52.286,  2.7
09.12.2025 17:07:56.306,  2.7
09.12.2025 17:08:00.406,  2.7
09.12.2025 17:08:04.406,  2.7
09.12.2025 17:08:08.296,  2.7
09.12.2025 17:08:12.296,  2.7
09.12.2025 17:08:16.296,  2.7
09.12.2025 17:08:20.306,  2.7
09.12.2025 17:08:24.406,  2.7
09.12.2025 17:08:28.406,  2.7
09.12.2025 17:08:32.406,  2.7
09.12.2025 17:08:36.406,  2.7
09.12.2025 17:08:40.406,  2.7
09.12.2025 17:08:44.406,  2.7
09.12.2025 17:08:48.406,  2.7
09.12.2025 17:08:52.306,  2.7
09.12.2025 17:08:56.316,  2.7
09.12.2025 17:09:00.406,  2.7
09.12.2025 17:09:04.326,  2.7
09.12.2025 17:09:08.316,  2.7
09.12.2025 17:09:12.316,  2.8
09.12.2025 17:09:16.326,  2.8
09.12.2025 17:09:20.316,  2.8
09.12.2025 17:09:24.486,  2.8
09.12.2025 17:09:28.356,  2.8
09.12.2025 17:09:32.486,  2.8
09.12.2025 17:09:36.646,  2.7
09.12.2025 17:09:40.327,  2.7
09.12.2025 17:09:44.316,  2.7
09.12.2025 17:09:48.486,  2.7
09.12.2025 17:09:52.436,  2.7
09.12.2025 17:09:56.436,  2.7
09.12.2025 17:10:00.436,  2.7
09.12.2025 17:10:04.326,  2.7
09.12.2025 17:10:08.451,  2.7
09.12.2025 17:10:12.341,  2.7
09.12.2025 17:10:16.341,  2.7
09.12.2025 17:10:20.341,  2.7
09.12.2025 17:10:24.341,  2.7
09.12.2025 17:10:28.451,  2.7
09.12.2025 17:10:32.701,  2.7
09.12.2025 17:10:36.341,  2.7
09.12.2025 17:10:40.341,  2.7
09.12.2025 17:10:44.451,  2.7
09.12.2025 17:10:48.331,  2.7
09.12.2025 17:10:52.331,  2.7
09.12.2025 17:10:56.341,  2.7
09.12.2025 17:11:00.331,  2.7
09.12.2025 17:11:04.341,  2.7
09.12.2025 17:11:08.331,  2.8
09.12.2025 17:11:12.451,  2.8
09.12.2025 17:11:16.451,  2.8
09.12.2025 17:11:20.451,  2.8
09.12.2025 17:11:24.341,  2.8
09.12.2025 17:11:28.333,  2.8
09.12.2025 17:11:32.451,  2.8
09.12.2025 17:11:36.352,  2.8
09.12.2025 17:11:40.341,  2.8
09.12.2025 17:11:44.351,  2.8
09.12.2025 17:11:48.341,  2.8
09.12.2025 17:11:52.451,  2.8
09.12.2025 17:11:56.451,  2.8
09.12.2025 17:12:00.451,  2.8
09.12.2025 17:12:04.371,  2.8
09.12.2025 17:12:08.351,  2.8
09.12.2025 17:12:12.351,  2.8
09.12.2025 17:12:16.361,  2.8
09.12.2025 17:12:20.361,  2.8
09.12.2025 17:12:24.451,  2.8
09.12.2025 17:12:28.451,  2.8
09.12.2025 17:12:32.451,  2.8
09.12.2025 17:12:36.351,  2.8
09.12.2025 17:12:40.351,  2.8
09.12.2025 17:12:44.371,  2.8
09.12.2025 17:12:48.451,  2.8
09.12.2025 17:12:52.361,  2.8
09.12.2025 17:12:56.371,  2.8
09.12.2025 17:13:00.371,  2.8
09.12.2025 17:13:04.361,  2.8
09.12.2025 17:13:08.361,  2.8
09.12.2025 17:13:12.371,  2.8
09.12.2025 17:13:16.371,  2.8
09.12.2025 17:13:20.371,  2.8
09.12.2025 17:13:24.361,  2.8
09.12.2025 17:13:28.452,  2.8
09.12.2025 17:13:32.371,  2.8
09.12.2025 17:13:36.371,  2.8
09.12.2025 17:13:40.361,  2.8
09.12.2025 17:13:44.371,  2.8
09.12.2025 17:13:48.361,  2.8
09.12.2025 17:13:52.531,  2.8
09.12.2025 17:13:56.371,  2.8
09.12.2025 17:14:00.491,  2.8
09.12.2025 17:14:04.371,  2.8
09.12.2025 17:14:08.371,  2.8
09.12.2025 17:14:12.382,  2.8
09.12.2025 17:14:16.371,  2.8
09.12.2025 17:14:20.381,  2.8
09.12.2025 17:14:24.381,  2.8
09.12.2025 17:14:28.382,  2.8
09.12.2025 17:14:32.371,  2.8
09.12.2025 17:14:36.381,  2.8
09.12.2025 17:14:40.381,  2.8
09.12.2025 17:14:44.371,  2.8
09.12.2025 17:14:48.391,  2.8
09.12.2025 17:14:52.381,  2.8
09.12.2025 17:14:56.481,  2.8
09.12.2025 17:15:00.381,  2.8
09.12.2025 17:15:04.381,  2.8
09.12.2025 17:15:08.387,  2.8
09.12.2025 17:15:12.397,  2.8
09.12.2025 17:15:16.387,  2.8
09.12.2025 17:15:20.397,  2.8
09.12.2025 17:15:24.387,  2.8
09.12.2025 17:15:28.397,  2.8
09.12.2025 17:15:32.497,  2.8
09.12.2025 17:15:36.497,  2.8
09.12.2025 17:15:40.497,  2.8
09.12.2025 17:15:44.387,  2.8
09.12.2025 17:15:48.397,  2.8
09.12.2025 17:15:52.397,  2.8
09.12.2025 17:15:56.387,  2.8
09.12.2025 17:16:00.397,  2.8
09.12.2025 17:16:04.397,  2.8
09.12.2025 17:16:08.497,  2.8
09.12.2025 17:16:12.387,  2.8
09.12.2025 17:16:16.397,  2.8
09.12.2025 17:16:20.397,  2.8
09.12.2025 17:16:24.397,  2.8
09.12.2025 17:16:28.387,  2.8
09.12.2025 17:16:32.497,  2.8
09.12.2025 17:16:36.497,  2.8
09.12.2025 17:16:40.497,  2.7
09.12.2025 17:16:44.497,  2.8
09.12.2025 17:16:48.497,  2.7
09.12.2025 17:16:52.497,  2.7
09.12.2025 17:16:56.497,  2.7
09.12.2025 17:17:00.497,  2.7
09.12.2025 17:17:04.397,  2.7
09.12.2025 17:17:08.407,  2.7
09.12.2025 17:17:12.397,  2.7
09.12.2025 17:17:16.397,  2.7
09.12.2025 17:17:20.407,  2.7
09.12.2025 17:17:24.497,  2.7
09.12.2025 17:17:28.497,  2.7
09.12.2025 17:17:32.497,  2.7
09.12.2025 17:17:36.497,  2.7
09.12.2025 17:17:40.498,  2.7
09.12.2025 17:17:44.498,  2.7
09.12.2025 17:17:48.497,  2.7
09.12.2025 17:17:52.407,  2.7
09.12.2025 17:17:56.407,  2.7
09.12.2025 17:18:00.397,  2.7
09.12.2025 17:18:04.407,  2.7
09.12.2025 17:18:08.407,  2.7
09.12.2025 17:18:12.407,  2.8
09.12.2025 17:18:16.407,  2.7
09.12.2025 17:18:20.407,  2.7
09.12.2025 17:18:24.397,  2.8
09.12.2025 17:18:28.737,  2.8
09.12.2025 17:18:32.397,  2.8
09.12.2025 17:18:36.417,  2.8
09.12.2025 17:18:40.527,  2.8
09.12.2025 17:18:44.527,  2.8
09.12.2025 17:18:48.527,  2.8
09.12.2025 17:18:52.527,  2.8
09.12.2025 17:18:56.467,  2.8
09.12.2025 17:19:00.567,  2.8
09.12.2025 17:19:04.427,  2.8
09.12.2025 17:19:08.437,  2.8
09.12.2025 17:19:12.437,  2.8
09.12.2025 17:19:16.447,  2.7
09.12.2025 17:19:20.527,  2.8
09.12.2025 17:19:24.767,  2.8
09.12.2025 17:19:28.447,  2.8
09.12.2025 17:19:32.447,  2.8
09.12.2025 17:19:36.527,  2.8
09.12.2025 17:19:40.527,  2.8
09.12.2025 17:19:44.527,  2.8
09.12.2025 17:19:48.527,  2.8
09.12.2025 17:19:52.527,  2.8
09.12.2025 17:19:56.447,  2.8
09.12.2025 17:19:59.447,  2.8
09.12.2025 17:20:03.437,  0.2
09.12.2025 17:20:07.544,  0.2
09.12.2025 17:20:11.465,  0.1
09.12.2025 17:20:15.464,  0.1
09.12.2025 17:20:19.454,  0.1
09.12.2025 17:20:23.544,  0.1
09.12.2025 17:20:27.454,  0.1
09.12.2025 17:20:31.464,  0.1
09.12.2025 17:20:35.544,  0.1
09.12.2025 17:20:39.454,  0.1
09.12.2025 17:20:43.464,  0.1
09.12.2025 17:20:47.464,  0.1
09.12.2025 17:20:51.454,  0.1
09.12.2025 17:20:55.544,  0.0
09.12.2025 17:20:59.584,  0.0
09.12.2025 17:21:03.464,  0.0
09.12.2025 17:21:07.624,  0.0
09.12.2025 17:21:11.544,  0.0
09.12.2025 17:21:15.464,  0.0
09.12.2025 17:21:19.464,  0.0
09.12.2025 17:21:23.465,  0.0
09.12.2025 17:21:27.464,  0.0
09.12.2025 17:21:31.784,  0.0
09.12.2025 17:21:35.454,  0.0
09.12.2025 17:21:39.464,  0.0
09.12.2025 17:21:43.464,  0.0
09.12.2025 17:21:47.544,  0.0
09.12.2025 17:21:51.545,  0.0
09.12.2025 17:21:55.585,  0.0
09.12.2025 17:21:59.545,  0.0
09.12.2025 17:22:03.654,  0.0
09.12.2025 17:22:07.464,  0.0
09.12.2025 17:22:11.475,  0.0
09.12.2025 17:22:15.464,  0.0
09.12.2025 17:22:19.474,  0.0
09.12.2025 17:22:23.574,  0.0
09.12.2025 17:22:27.464,  0.0
09.12.2025 17:22:31.574,  0.0
09.12.2025 17:22:35.584,  0.0
09.12.2025 17:22:39.474,  0.0
09.12.2025 17:22:43.474,  0.0
09.12.2025 17:22:47.574,  0.0
09.12.2025 17:22:51.584,  0.0
09.12.2025 17:22:55.584,  0.0
09.12.2025 17:22:59.574,  0.0
09.12.2025 17:23:03.474,  0.0
09.12.2025 17:23:07.534,  0.0
09.12.2025 17:23:11.614,  0.0
09.12.2025 17:23:15.474,  0.0
09.12.2025 17:23:19.474,  0.0
09.12.2025 17:23:23.464,  0.0
09.12.2025 17:23:27.574,  0.0
09.12.2025 17:23:31.474,  0.0
09.12.2025 17:23:35.484,  0.0
09.12.2025 17:23:39.474,  0.0
09.12.2025 17:23:43.574,  0.0
09.12.2025 17:23:47.474,  0.0
09.12.2025 17:23:51.574,  0.0
09.12.2025 17:23:55.484,  0.0
09.12.2025 17:23:59.474,  0.0
09.12.2025 17:24:03.574,  0.0
09.12.2025 17:24:07.484,  0.0
09.12.2025 17:24:11.494,  0.0
09.12.2025 17:24:15.654,  0.0
09.12.2025 17:24:19.574,  0.0
09.12.2025 17:24:23.495,  0.0
09.12.2025 17:24:27.574,  0.0
09.12.2025 17:24:31.654,  0.0
09.12.2025 17:24:35.494,  0.0
09.12.2025 17:24:39.494,  0.0
09.12.2025 17:24:43.484,  0.0
09.12.2025 17:24:47.494,  0.0
09.12.2025 17:24:51.574,  0.0
09.12.2025 17:24:55.694,  0.0
09.12.2025 17:24:59.574,  0.0
09.12.2025 17:25:03.574,  0.0
09.12.2025 17:25:07.707,  0.0
09.12.2025 17:25:11.507,  0.0
09.12.2025 17:25:15.627,  0.0
09.12.2025 17:25:19.587,  0.0
09.12.2025 17:25:23.497,  0.0
09.12.2025 17:25:27.497,  0.0
09.12.2025 17:25:31.507,  0.0
09.12.2025 17:25:35.537,  0.0
09.12.2025 17:25:39.667,  0.0
09.12.2025 17:25:43.707,  0.0
09.12.2025 17:25:47.587,  0.0
09.12.2025 17:25:51.627,  0.0
09.12.2025 17:25:55.507,  0.0
09.12.2025 17:25:59.497,  0.0
09.12.2025 17:26:03.518,  0.0
09.12.2025 17:26:07.507,  0.0
09.12.2025 17:26:11.518,  0.0
09.12.2025 17:26:15.507,  0.0
09.12.2025 17:26:19.517,  0.0
09.12.2025 17:26:23.617,  0.0
09.12.2025 17:26:27.527,  0.0
09.12.2025 17:26:31.517,  0.0
09.12.2025 17:26:35.527,  0.0
09.12.2025 17:26:39.627,  0.0
09.12.2025 17:26:43.527,  0.0
09.12.2025 17:26:47.517,  0.0
09.12.2025 17:26:51.627,  0.0
09.12.2025 17:26:55.527,  0.0
09.12.2025 17:26:59.627,  0.0
09.12.2025 17:27:03.517,  0.0
09.12.2025 17:27:07.617,  0.0
09.12.2025 17:27:11.627,  0.0
09.12.2025 17:27:15.517,  0.0
09.12.2025 17:27:19.527,  0.0
09.12.2025 17:27:23.517,  0.0
09.12.2025 17:27:27.527,  0.0
09.12.2025 17:27:31.617,  0.0
09.12.2025 17:27:35.517,  0.0
09.12.2025 17:27:39.528,  0.0
09.12.2025 17:27:43.527,  0.0
09.12.2025 17:27:47.617,  0.0
09.12.2025 17:27:51.517,  0.0
09.12.2025 17:27:55.527,  0.0
09.12.2025 17:27:59.617,  0.0
09.12.2025 17:28:03.527,  0.0
09.12.2025 17:28:07.617,  0.0
09.12.2025 17:28:11.527,  0.0
09.12.2025 17:28:15.517,  0.0
09.12.2025 17:28:19.527,  0.0
09.12.2025 17:28:23.617,  0.0
09.12.2025 17:28:27.517,  0.0
09.12.2025 17:28:31.527,  0.0
09.12.2025 17:28:35.527,  0.0
09.12.2025 17:28:39.527,  0.0
09.12.2025 17:28:43.617,  0.0
09.12.2025 17:28:47.617,  0.0
09.12.2025 17:28:51.537,  0.0
09.12.2025 17:28:55.537,  0.0
09.12.2025 17:28:59.547,  0.0
09.12.2025 17:29:03.697,  0.0
09.12.2025 17:29:07.617,  0.0
09.12.2025 17:29:11.527,  0.0
09.12.2025 17:29:15.537,  0.0
09.12.2025 17:29:19.537,  0.0
09.12.2025 17:29:23.547,  0.0
09.12.2025 17:29:27.547,  0.0
09.12.2025 17:29:31.657,  0.0
09.12.2025 17:29:35.547,  0.0
09.12.2025 17:29:39.547,  0.0
09.12.2025 17:29:43.537,  0.0
09.12.2025 17:29:47.657,  0.0
