Time,BKK_P.VOLT
,Average
,
,V
05.12.2025 09:27:56.743,  0.0
05.12.2025 09:28:00.663,  0.0
05.12.2025 09:28:04.663,  0.0
05.12.2025 09:28:08.653,  0.0
05.12.2025 09:28:12.663,  0.0
05.12.2025 09:28:16.653,  0.0
05.12.2025 09:28:20.743,  0.0
05.12.2025 09:28:24.653,  0.0
05.12.2025 09:28:28.653,  0.0
05.12.2025 09:28:32.743,  0.0
05.12.2025 09:28:36.664,  0.0
05.12.2025 09:28:40.664,  0.0
05.12.2025 09:28:44.783,  0.0
05.12.2025 09:28:48.681,  0.0
05.12.2025 09:28:52.671,  0.0
05.12.2025 09:28:56.761,  0.0
05.12.2025 09:29:00.761,  0.0
05.12.2025 09:29:04.671,  0.0
05.12.2025 09:29:08.681,  0.0
05.12.2025 09:29:12.841,  0.0
05.12.2025 09:29:16.761,  0.0
05.12.2025 09:29:20.801,  0.0
05.12.2025 09:29:24.681,  0.0
05.12.2025 09:29:28.801,  0.0
05.12.2025 09:29:32.681,  0.0
05.12.2025 09:29:36.801,  0.0
05.12.2025 09:29:40.761,  0.0
05.12.2025 09:29:44.761,  0.0
05.12.2025 09:29:48.681,  0.0
05.12.2025 09:29:52.671,  0.0
05.12.2025 09:29:56.761,  0.0
05.12.2025 09:30:00.681,  0.0
05.12.2025 09:30:04.761,  0.0
05.12.2025 09:30:08.682,  0.0
05.12.2025 09:30:12.671,  0.0
05.12.2025 09:30:16.671,  0.0
05.12.2025 09:30:20.681,  0.0
05.12.2025 09:30:24.761,  0.0
05.12.2025 09:30:28.841,  0.0
05.12.2025 09:30:32.671,  0.0
05.12.2025 09:30:36.881,  0.0
05.12.2025 09:30:40.671,  0.0
05.12.2025 09:30:44.682,  0.0
05.12.2025 09:30:48.681,  0.0
05.12.2025 09:30:52.671,  0.0
05.12.2025 09:30:56.681,  0.0
05.12.2025 09:31:00.681,  0.0
05.12.2025 09:31:04.681,  0.0
05.12.2025 09:31:08.741,  0.0
05.12.2025 09:31:12.691,  0.0
05.12.2025 09:31:16.692,  0.0
05.12.2025 09:31:20.691,  0.0
05.12.2025 09:31:24.701,  0.0
05.12.2025 09:31:28.701,  0.0
05.12.2025 09:31:32.791,  0.0
05.12.2025 09:31:36.791,  0.0
05.12.2025 09:31:40.691,  0.0
05.12.2025 09:31:44.701,  0.0
05.12.2025 09:31:48.691,  0.0
05.12.2025 09:31:52.701,  0.0
05.12.2025 09:31:56.701,  0.0
05.12.2025 09:32:00.791,  0.1
05.12.2025 09:32:04.691,  0.0
05.12.2025 09:32:08.701,  0.0
05.12.2025 09:32:12.691,  0.0
05.12.2025 09:32:16.701,  0.0
05.12.2025 09:32:20.691,  0.0
05.12.2025 09:32:24.791,  0.0
05.12.2025 09:32:28.791,  0.0
05.12.2025 09:32:32.791,  0.0
05.12.2025 09:32:36.691,  0.0
05.12.2025 09:32:40.701,  0.0
05.12.2025 09:32:44.712,  0.0
05.12.2025 09:32:48.721,  0.0
05.12.2025 09:32:52.741,  0.0
05.12.2025 09:32:56.831,  0.0
05.12.2025 09:33:00.831,  0.0
05.12.2025 09:33:04.831,  0.0
05.12.2025 09:33:09.711,  2.3
05.12.2025 09:33:13.831,  2.3
05.12.2025 09:33:17.831,  2.3
05.12.2025 09:33:21.781,  2.3
05.12.2025 09:33:25.711,  2.3
05.12.2025 09:33:29.711,  2.3
05.12.2025 09:33:33.721,  2.3
05.12.2025 09:33:37.711,  2.3
05.12.2025 09:33:41.711,  2.3
05.12.2025 09:33:45.721,  2.3
05.12.2025 09:33:49.726,  2.3
05.12.2025 09:33:53.736,  2.3
05.12.2025 09:33:57.736,  2.3
05.12.2025 09:34:01.846,  2.3
05.12.2025 09:34:05.846,  2.3
05.12.2025 09:34:09.846,  2.3
05.12.2025 09:34:13.736,  2.3
05.12.2025 09:34:17.726,  2.3
05.12.2025 09:34:21.736,  2.3
05.12.2025 09:34:25.736,  2.3
05.12.2025 09:34:29.726,  2.3
05.12.2025 09:34:33.846,  2.3
05.12.2025 09:34:37.846,  2.3
05.12.2025 09:34:41.736,  2.3
05.12.2025 09:34:45.726,  2.3
05.12.2025 09:34:49.746,  2.3
05.12.2025 09:34:53.746,  2.3
05.12.2025 09:34:57.746,  2.3
05.12.2025 09:35:01.766,  2.3
05.12.2025 09:35:05.756,  2.3
05.12.2025 09:35:09.766,  2.3
05.12.2025 09:35:13.766,  2.3
05.12.2025 09:35:17.776,  2.3
05.12.2025 09:35:21.766,  2.3
05.12.2025 09:35:25.876,  2.3
05.12.2025 09:35:29.777,  2.3
05.12.2025 09:35:33.776,  2.3
05.12.2025 09:35:37.776,  2.3
05.12.2025 09:35:41.766,  2.3
05.12.2025 09:35:45.876,  2.3
05.12.2025 09:35:49.796,  2.3
05.12.2025 09:35:53.916,  2.3
05.12.2025 09:35:57.876,  2.3
05.12.2025 09:36:01.776,  2.3
05.12.2025 09:36:05.777,  2.3
05.12.2025 09:36:09.776,  2.3
05.12.2025 09:36:13.776,  2.3
05.12.2025 09:36:17.876,  2.3
05.12.2025 09:36:21.776,  2.3
05.12.2025 09:36:25.766,  2.3
05.12.2025 09:36:29.876,  2.3
05.12.2025 09:36:33.876,  2.3
05.12.2025 09:36:37.876,  2.3
05.12.2025 09:36:41.877,  2.3
05.12.2025 09:36:45.876,  2.3
05.12.2025 09:36:49.776,  2.3
05.12.2025 09:36:53.766,  2.3
05.12.2025 09:36:57.766,  2.3
05.12.2025 09:37:01.776,  2.3
05.12.2025 09:37:05.766,  2.3
05.12.2025 09:37:09.876,  2.3
05.12.2025 09:37:13.876,  2.3
05.12.2025 09:37:17.876,  2.3
05.12.2025 09:37:21.876,  2.3
05.12.2025 09:37:25.877,  2.3
05.12.2025 09:37:29.777,  2.3
05.12.2025 09:37:33.776,  2.3
05.12.2025 09:37:37.777,  2.3
05.12.2025 09:37:41.776,  2.3
05.12.2025 09:37:45.766,  2.3
05.12.2025 09:37:49.876,  2.3
05.12.2025 09:37:53.766,  2.3
05.12.2025 09:37:57.776,  2.3
05.12.2025 09:38:01.766,  2.3
05.12.2025 09:38:05.776,  0.1
05.12.2025 09:38:09.877,  0.1
05.12.2025 09:38:13.876,  0.0
05.12.2025 09:38:17.806,  0.0
05.12.2025 09:38:21.916,  0.0
05.12.2025 09:38:25.876,  0.0
05.12.2025 09:38:29.876,  0.0
05.12.2025 09:38:33.876,  0.0
05.12.2025 09:38:37.776,  0.0
05.12.2025 09:38:41.766,  0.0
05.12.2025 09:38:45.776,  0.0
05.12.2025 09:38:49.789,  0.0
05.12.2025 09:38:53.889,  0.0
05.12.2025 09:38:57.889,  0.0
05.12.2025 09:39:01.789,  0.0
05.12.2025 09:39:05.789,  0.0
05.12.2025 09:39:09.779,  0.0
05.12.2025 09:39:13.790,  0.0
05.12.2025 09:39:17.889,  0.0
05.12.2025 09:39:21.780,  0.0
05.12.2025 09:39:25.800,  0.0
05.12.2025 09:39:29.799,  0.0
05.12.2025 09:39:33.789,  0.0
05.12.2025 09:39:37.889,  0.0
05.12.2025 09:39:41.889,  0.0
05.12.2025 09:39:45.799,  0.0
05.12.2025 09:39:49.789,  0.0
05.12.2025 09:39:53.879,  0.0
05.12.2025 09:39:57.799,  0.0
05.12.2025 09:40:01.799,  0.0
05.12.2025 09:40:05.889,  0.0
05.12.2025 09:40:09.799,  0.0
05.12.2025 09:40:13.879,  0.0
05.12.2025 09:40:17.799,  0.0
05.12.2025 09:40:21.879,  0.0
05.12.2025 09:40:25.799,  0.0
05.12.2025 09:40:29.879,  0.0
05.12.2025 09:40:33.879,  0.0
05.12.2025 09:40:37.879,  0.0
05.12.2025 09:40:41.799,  0.0
05.12.2025 09:40:45.789,  0.0
05.12.2025 09:40:49.789,  0.0
05.12.2025 09:40:53.799,  0.0
05.12.2025 09:40:57.879,  0.0
05.12.2025 09:41:01.789,  0.0
05.12.2025 09:41:05.959,  0.0
05.12.2025 09:41:09.819,  0.0
05.12.2025 09:41:13.789,  0.0
05.12.2025 09:41:17.799,  0.0
05.12.2025 09:41:21.799,  0.0
05.12.2025 09:41:25.879,  0.0
05.12.2025 09:41:29.789,  0.0
05.12.2025 09:41:33.789,  0.0
05.12.2025 09:41:37.879,  0.0
05.12.2025 09:41:41.799,  0.0
05.12.2025 09:41:45.799,  0.0
05.12.2025 09:41:49.799,  0.0
05.12.2025 09:41:53.799,  0.0
05.12.2025 09:41:57.789,  0.0
05.12.2025 09:42:01.799,  0.0
05.12.2025 09:42:05.879,  0.0
05.12.2025 09:42:09.789,  0.0
05.12.2025 09:42:13.879,  0.0
05.12.2025 09:42:17.799,  0.0
05.12.2025 09:42:21.799,  0.0
05.12.2025 09:42:25.799,  0.0
05.12.2025 09:42:29.799,  0.0
05.12.2025 09:42:33.799,  0.0
05.12.2025 09:42:37.799,  0.0
05.12.2025 09:42:41.799,  0.0
05.12.2025 09:42:45.799,  0.0
05.12.2025 09:42:49.879,  0.0
05.12.2025 09:42:53.789,  0.0
05.12.2025 09:42:57.799,  0.0
05.12.2025 09:43:01.799,  0.0
05.12.2025 09:43:05.799,  0.0
05.12.2025 09:43:09.959,  0.0
05.12.2025 09:43:13.879,  0.0
05.12.2025 09:43:17.879,  0.0
05.12.2025 09:43:21.799,  0.0
05.12.2025 09:43:25.789,  0.0
05.12.2025 09:43:29.799,  0.0
05.12.2025 09:43:33.799,  0.0
05.12.2025 09:43:37.789,  0.0
05.12.2025 09:43:41.880,  0.0
05.12.2025 09:43:45.880,  0.0
05.12.2025 09:43:50.014,  0.0
05.12.2025 09:43:54.014,  0.0
05.12.2025 09:43:57.834,  0.0
05.12.2025 09:44:01.934,  0.0
05.12.2025 09:44:05.894,  0.0
05.12.2025 09:44:10.004,  0.0
05.12.2025 09:44:13.884,  0.0
05.12.2025 09:44:18.014,  0.0
05.12.2025 09:44:21.924,  0.0
05.12.2025 09:44:25.815,  0.0
05.12.2025 09:44:29.924,  0.0
05.12.2025 09:44:33.924,  0.0
05.12.2025 09:44:37.934,  0.0
05.12.2025 09:44:41.934,  0.0
05.12.2025 09:44:45.934,  0.0
05.12.2025 09:44:49.824,  0.0
05.12.2025 09:44:54.824,  3.1
05.12.2025 09:44:58.934,  3.1
05.12.2025 09:45:02.934,  3.1
05.12.2025 09:45:06.924,  3.1
05.12.2025 09:45:10.924,  3.1
05.12.2025 09:45:14.824,  3.1
05.12.2025 09:45:18.814,  3.1
05.12.2025 09:45:22.824,  3.1
05.12.2025 09:45:26.814,  3.1
05.12.2025 09:45:30.814,  3.1
05.12.2025 09:45:34.924,  3.1
05.12.2025 09:45:38.924,  3.1
05.12.2025 09:45:42.924,  3.1
05.12.2025 09:45:46.864,  3.1
05.12.2025 09:45:50.834,  3.1
05.12.2025 09:45:54.824,  3.1
05.12.2025 09:45:58.924,  3.1
05.12.2025 09:46:02.824,  3.1
05.12.2025 09:46:06.824,  3.1
05.12.2025 09:46:10.924,  3.1
05.12.2025 09:46:14.824,  3.1
05.12.2025 09:46:18.924,  3.1
05.12.2025 09:46:22.835,  3.1
05.12.2025 09:46:26.824,  3.1
05.12.2025 09:46:30.834,  3.1
05.12.2025 09:46:34.824,  3.1
05.12.2025 09:46:38.874,  3.1
05.12.2025 09:46:42.834,  3.1
05.12.2025 09:46:46.824,  3.1
05.12.2025 09:46:50.834,  3.1
05.12.2025 09:46:54.824,  3.1
05.12.2025 09:46:58.834,  3.1
05.12.2025 09:47:02.824,  3.1
05.12.2025 09:47:06.924,  3.1
05.12.2025 09:47:10.924,  3.1
05.12.2025 09:47:14.925,  3.1
05.12.2025 09:47:18.924,  3.1
05.12.2025 09:47:22.924,  3.1
05.12.2025 09:47:26.924,  3.1
05.12.2025 09:47:30.924,  3.1
05.12.2025 09:47:34.924,  3.1
05.12.2025 09:47:38.924,  3.1
05.12.2025 09:47:42.834,  3.1
05.12.2025 09:47:46.924,  3.1
05.12.2025 09:47:50.924,  3.1
05.12.2025 09:47:54.924,  3.1
05.12.2025 09:47:58.824,  3.1
05.12.2025 09:48:02.835,  3.1
05.12.2025 09:48:06.824,  3.1
05.12.2025 09:48:10.834,  3.1
05.12.2025 09:48:14.925,  3.1
05.12.2025 09:48:18.924,  3.1
05.12.2025 09:48:22.824,  3.1
05.12.2025 09:48:26.914,  3.1
05.12.2025 09:48:30.914,  3.1
05.12.2025 09:48:34.924,  3.1
05.12.2025 09:48:38.924,  3.1
05.12.2025 09:48:42.914,  3.1
05.12.2025 09:48:46.942,  3.1
05.12.2025 09:48:50.853,  3.1
05.12.2025 09:48:54.852,  3.1
05.12.2025 09:48:58.842,  3.1
05.12.2025 09:49:02.852,  3.1
05.12.2025 09:49:06.852,  3.1
05.12.2025 09:49:11.052,  3.1
05.12.2025 09:49:14.972,  3.1
05.12.2025 09:49:18.972,  3.1
05.12.2025 09:49:22.882,  3.1
05.12.2025 09:49:26.883,  3.1
05.12.2025 09:49:30.892,  3.1
05.12.2025 09:49:34.892,  3.1
05.12.2025 09:49:38.882,  3.1
05.12.2025 09:49:42.972,  3.1
05.12.2025 09:49:46.972,  3.1
05.12.2025 09:49:50.972,  3.1
05.12.2025 09:49:54.893,  3.1
05.12.2025 09:49:58.902,  3.1
05.12.2025 09:50:02.892,  3.1
05.12.2025 09:50:06.902,  3.1
05.12.2025 09:50:11.012,  3.1
05.12.2025 09:50:14.972,  3.1
05.12.2025 09:50:19.052,  3.1
05.12.2025 09:50:22.902,  3.1
05.12.2025 09:50:26.902,  3.1
05.12.2025 09:50:31.012,  3.1
05.12.2025 09:50:34.902,  3.1
05.12.2025 09:50:38.912,  3.1
05.12.2025 09:50:43.012,  3.1
05.12.2025 09:50:47.012,  3.1
05.12.2025 09:50:51.012,  3.1
05.12.2025 09:50:54.912,  3.1
05.12.2025 09:50:59.012,  3.1
05.12.2025 09:51:02.923,  0.2
05.12.2025 09:51:06.922,  0.2
05.12.2025 09:51:10.912,  0.1
05.12.2025 09:51:14.922,  0.1
05.12.2025 09:51:19.012,  0.1
05.12.2025 09:51:22.912,  0.1
05.12.2025 09:51:26.922,  0.0
05.12.2025 09:51:30.912,  0.0
05.12.2025 09:51:34.912,  0.0
05.12.2025 09:51:38.922,  0.0
05.12.2025 09:51:43.012,  0.0
05.12.2025 09:51:47.012,  0.0
05.12.2025 09:51:50.912,  0.0
05.12.2025 09:51:54.912,  0.0
05.12.2025 09:51:58.912,  0.0
05.12.2025 09:52:02.912,  0.0
05.12.2025 09:52:07.012,  0.0
05.12.2025 09:52:10.912,  0.0
05.12.2025 09:52:14.922,  0.0
05.12.2025 09:52:19.052,  0.0
05.12.2025 09:52:22.932,  0.0
05.12.2025 09:52:27.052,  0.0
05.12.2025 09:52:31.002,  0.0
05.12.2025 09:52:35.012,  0.0
05.12.2025 09:52:39.012,  0.0
05.12.2025 09:52:43.052,  0.0
05.12.2025 09:52:46.932,  0.0
05.12.2025 09:52:50.932,  0.0
05.12.2025 09:52:55.002,  0.0
05.12.2025 09:52:58.933,  0.0
05.12.2025 09:53:02.922,  0.0
05.12.2025 09:53:07.092,  0.0
05.12.2025 09:53:11.052,  0.0
05.12.2025 09:53:14.922,  0.0
05.12.2025 09:53:18.922,  0.0
05.12.2025 09:53:23.082,  0.0
05.12.2025 09:53:26.922,  0.0
05.12.2025 09:53:30.932,  0.0
05.12.2025 09:53:34.922,  0.0
05.12.2025 09:53:39.122,  0.0
05.12.2025 09:53:42.932,  0.0
05.12.2025 09:53:46.952,  0.0
05.12.2025 09:53:50.942,  0.0
05.12.2025 09:53:55.052,  0.0
05.12.2025 09:53:58.953,  0.0
05.12.2025 09:54:02.952,  0.0
05.12.2025 09:54:06.962,  0.0
05.12.2025 09:54:10.952,  0.0
05.12.2025 09:54:14.952,  0.0
05.12.2025 09:54:19.292,  0.0
05.12.2025 09:54:23.052,  0.0
05.12.2025 09:54:27.092,  0.0
05.12.2025 09:54:30.972,  0.0
05.12.2025 09:54:34.982,  0.0
05.12.2025 09:54:38.982,  0.0
05.12.2025 09:54:42.972,  0.0
05.12.2025 09:54:46.982,  0.0
05.12.2025 09:54:50.972,  0.0
05.12.2025 09:54:54.972,  0.0
05.12.2025 09:54:59.092,  0.0
05.12.2025 09:55:02.982,  0.0
05.12.2025 09:55:06.992,  0.0
05.12.2025 09:55:10.982,  0.0
05.12.2025 09:55:14.992,  0.0
05.12.2025 09:55:18.992,  0.0
05.12.2025 09:55:22.992,  0.0
05.12.2025 09:55:26.982,  0.0
05.12.2025 09:55:31.092,  0.0
05.12.2025 09:55:34.992,  0.0
05.12.2025 09:55:38.982,  0.0
05.12.2025 09:55:42.992,  0.0
05.12.2025 09:55:46.982,  0.0
05.12.2025 09:55:50.992,  0.0
05.12.2025 09:55:55.002,  0.0
05.12.2025 09:55:59.002,  0.0
05.12.2025 09:56:03.092,  0.0
05.12.2025 09:56:06.992,  0.0
05.12.2025 09:56:11.002,  0.0
05.12.2025 09:56:15.092,  0.0
05.12.2025 09:56:19.092,  0.0
05.12.2025 09:56:23.092,  0.0
05.12.2025 09:56:27.092,  0.0
05.12.2025 09:56:30.992,  0.0
05.12.2025 09:56:35.002,  0.0
05.12.2025 09:56:38.992,  0.0
05.12.2025 09:56:43.002,  0.0
05.12.2025 09:56:47.003,  0.0
05.12.2025 09:56:50.992,  0.0
05.12.2025 09:56:55.092,  0.0
05.12.2025 09:56:58.992,  0.0
05.12.2025 09:57:03.002,  0.0
05.12.2025 09:57:07.082,  0.0
05.12.2025 09:57:11.092,  0.0
05.12.2025 09:57:15.092,  0.0
05.12.2025 09:57:19.082,  0.0
05.12.2025 09:57:23.002,  0.0
05.12.2025 09:57:27.092,  0.0
05.12.2025 09:57:31.122,  0.0
05.12.2025 09:57:35.122,  0.0
05.12.2025 09:57:39.002,  0.0
05.12.2025 09:57:43.012,  0.0
05.12.2025 09:57:47.002,  0.0
05.12.2025 09:57:51.012,  0.0
05.12.2025 09:57:55.122,  0.0
05.12.2025 09:57:59.012,  0.0
05.12.2025 09:58:03.002,  0.0
05.12.2025 09:58:07.012,  0.0
05.12.2025 09:58:11.012,  0.0
05.12.2025 09:58:15.013,  0.0
05.12.2025 09:58:19.002,  0.0
05.12.2025 09:58:23.002,  0.0
05.12.2025 09:58:27.012,  0.0
05.12.2025 09:58:31.012,  0.0
05.12.2025 09:58:35.122,  0.0
05.12.2025 09:58:39.122,  0.0
05.12.2025 09:58:43.013,  0.0
05.12.2025 09:58:47.136,  0.0
05.12.2025 09:58:51.136,  0.0
05.12.2025 09:58:55.136,  0.0
05.12.2025 09:58:59.136,  0.0
05.12.2025 09:59:03.136,  0.0
05.12.2025 09:59:07.136,  0.0
05.12.2025 09:59:11.136,  0.0
05.12.2025 09:59:15.136,  0.0
05.12.2025 09:59:19.136,  0.0
05.12.2025 09:59:23.076,  0.0
05.12.2025 09:59:27.176,  0.0
05.12.2025 09:59:31.136,  0.0
05.12.2025 09:59:35.027,  0.0
05.12.2025 09:59:39.017,  0.0
05.12.2025 09:59:43.037,  0.0
05.12.2025 09:59:47.036,  0.0
05.12.2025 09:59:51.136,  0.0
05.12.2025 09:59:55.036,  0.0
05.12.2025 09:59:59.026,  0.0
05.12.2025 10:00:03.036,  0.0
05.12.2025 10:00:07.036,  0.0
05.12.2025 10:00:11.036,  0.0
05.12.2025 10:00:15.136,  0.0
05.12.2025 10:00:19.036,  0.0
05.12.2025 10:00:23.037,  0.0
05.12.2025 10:00:27.037,  0.0
05.12.2025 10:00:31.136,  0.0
05.12.2025 10:00:35.056,  0.0
05.12.2025 10:00:39.176,  0.0
05.12.2025 10:00:43.076,  0.0
05.12.2025 10:00:47.077,  0.0
05.12.2025 10:00:51.176,  0.0
05.12.2025 10:00:55.177,  0.0
05.12.2025 10:00:59.066,  0.0
05.12.2025 10:01:03.076,  0.0
05.12.2025 10:01:07.066,  0.0
05.12.2025 10:01:11.076,  0.0
05.12.2025 10:01:15.066,  0.0
05.12.2025 10:01:19.066,  0.0
05.12.2025 10:01:23.076,  0.0
05.12.2025 10:01:27.076,  0.0
05.12.2025 10:01:31.077,  0.0
05.12.2025 10:01:35.066,  0.0
05.12.2025 10:01:39.076,  0.0
05.12.2025 10:01:43.076,  0.0
05.12.2025 10:01:48.076,  3.1
05.12.2025 10:01:52.076,  3.1
05.12.2025 10:01:56.066,  3.1
05.12.2025 10:02:00.076,  3.1
05.12.2025 10:02:04.076,  3.1
05.12.2025 10:02:08.066,  3.1
05.12.2025 10:02:12.166,  3.1
05.12.2025 10:02:16.166,  3.1
05.12.2025 10:02:20.066,  3.1
05.12.2025 10:02:24.076,  3.1
05.12.2025 10:02:28.076,  3.1
05.12.2025 10:02:32.076,  3.1
05.12.2025 10:02:36.166,  3.1
05.12.2025 10:02:40.076,  3.1
05.12.2025 10:02:44.166,  3.1
05.12.2025 10:02:48.166,  3.1
05.12.2025 10:02:52.166,  3.1
05.12.2025 10:02:56.166,  3.1
05.12.2025 10:03:00.166,  3.1
05.12.2025 10:03:04.116,  3.1
05.12.2025 10:03:08.076,  3.1
05.12.2025 10:03:12.076,  3.1
05.12.2025 10:03:16.066,  3.1
05.12.2025 10:03:20.076,  3.1
05.12.2025 10:03:24.166,  3.1
05.12.2025 10:03:28.166,  3.1
05.12.2025 10:03:32.066,  3.1
05.12.2025 10:03:36.166,  3.1
05.12.2025 10:03:40.166,  3.1
05.12.2025 10:03:44.166,  3.1
05.12.2025 10:03:48.186,  3.1
05.12.2025 10:03:52.186,  3.1
05.12.2025 10:03:56.186,  3.1
05.12.2025 10:04:00.086,  3.1
05.12.2025 10:04:04.186,  3.1
05.12.2025 10:04:08.186,  3.1
05.12.2025 10:04:12.186,  3.1
05.12.2025 10:04:16.186,  3.1
05.12.2025 10:04:20.186,  3.1
05.12.2025 10:04:24.136,  3.1
05.12.2025 10:04:28.086,  3.1
05.12.2025 10:04:32.096,  3.1
05.12.2025 10:04:36.086,  3.1
05.12.2025 10:04:40.096,  3.1
05.12.2025 10:04:44.186,  3.1
05.12.2025 10:04:48.186,  3.1
05.12.2025 10:04:52.096,  3.1
05.12.2025 10:04:56.186,  3.1
05.12.2025 10:05:00.086,  3.1
05.12.2025 10:05:04.096,  3.1
05.12.2025 10:05:08.096,  3.1
05.12.2025 10:05:12.096,  3.1
05.12.2025 10:05:16.106,  3.1
05.12.2025 10:05:20.106,  3.1
05.12.2025 10:05:24.106,  3.1
05.12.2025 10:05:28.106,  3.1
05.12.2025 10:05:32.106,  3.1
05.12.2025 10:05:36.216,  3.1
05.12.2025 10:05:40.176,  3.1
05.12.2025 10:05:44.296,  3.1
05.12.2025 10:05:48.136,  3.1
05.12.2025 10:05:52.096,  3.1
05.12.2025 10:05:56.096,  3.1
05.12.2025 10:06:00.296,  3.1
05.12.2025 10:06:04.116,  3.1
05.12.2025 10:06:08.106,  3.1
05.12.2025 10:06:12.116,  3.1
05.12.2025 10:06:16.216,  3.1
05.12.2025 10:06:20.116,  3.1
05.12.2025 10:06:24.126,  3.1
05.12.2025 10:06:28.126,  3.1
05.12.2025 10:06:32.126,  3.1
05.12.2025 10:06:36.216,  3.1
05.12.2025 10:06:40.216,  3.1
05.12.2025 10:06:44.136,  3.1
05.12.2025 10:06:48.296,  3.1
05.12.2025 10:06:52.216,  3.1
05.12.2025 10:06:56.136,  3.1
05.12.2025 10:07:00.216,  3.1
05.12.2025 10:07:04.126,  3.1
05.12.2025 10:07:08.126,  3.1
05.12.2025 10:07:12.216,  3.1
05.12.2025 10:07:16.296,  3.1
05.12.2025 10:07:20.296,  3.1
05.12.2025 10:07:24.137,  3.1
05.12.2025 10:07:28.136,  3.1
05.12.2025 10:07:32.216,  3.1
05.12.2025 10:07:36.126,  3.1
05.12.2025 10:07:40.136,  3.1
05.12.2025 10:07:44.136,  3.1
05.12.2025 10:07:48.126,  3.1
05.12.2025 10:07:52.136,  3.1
05.12.2025 10:07:56.126,  3.1
05.12.2025 10:08:00.126,  3.1
05.12.2025 10:08:04.136,  3.1
05.12.2025 10:08:08.256,  3.1
05.12.2025 10:08:12.216,  3.1
05.12.2025 10:08:16.146,  3.1
05.12.2025 10:08:20.147,  3.1
05.12.2025 10:08:24.146,  3.1
05.12.2025 10:08:28.256,  3.1
05.12.2025 10:08:32.146,  3.1
05.12.2025 10:08:36.136,  3.1
05.12.2025 10:08:40.256,  3.1
05.12.2025 10:08:44.256,  3.1
05.12.2025 10:08:48.144,  3.1
05.12.2025 10:08:52.264,  3.1
05.12.2025 10:08:56.264,  3.1
05.12.2025 10:09:00.264,  3.1
05.12.2025 10:09:04.264,  3.1
05.12.2025 10:09:08.264,  3.1
05.12.2025 10:09:12.165,  3.1
05.12.2025 10:09:16.166,  3.1
05.12.2025 10:09:20.164,  3.1
05.12.2025 10:09:24.154,  3.1
05.12.2025 10:09:28.154,  3.1
05.12.2025 10:09:32.164,  3.1
05.12.2025 10:09:36.264,  3.1
05.12.2025 10:09:40.264,  3.1
05.12.2025 10:09:44.264,  3.1
05.12.2025 10:09:48.264,  3.1
05.12.2025 10:09:52.164,  3.1
05.12.2025 10:09:56.164,  3.1
05.12.2025 10:10:00.164,  3.1
05.12.2025 10:10:04.164,  3.1
05.12.2025 10:10:08.165,  3.1
05.12.2025 10:10:12.254,  3.1
05.12.2025 10:10:16.264,  3.1
05.12.2025 10:10:20.254,  3.1
05.12.2025 10:10:24.254,  3.1
05.12.2025 10:10:28.164,  3.1
05.12.2025 10:10:32.154,  3.1
05.12.2025 10:10:36.164,  3.1
05.12.2025 10:10:40.154,  3.1
05.12.2025 10:10:44.164,  3.1
05.12.2025 10:10:48.254,  3.1
05.12.2025 10:10:52.254,  3.1
05.12.2025 10:10:56.254,  3.1
05.12.2025 10:11:00.154,  3.1
05.12.2025 10:11:04.164,  3.1
05.12.2025 10:11:08.164,  3.1
05.12.2025 10:11:12.164,  3.1
05.12.2025 10:11:16.164,  3.1
05.12.2025 10:11:20.154,  3.1
05.12.2025 10:11:24.154,  3.1
05.12.2025 10:11:28.154,  3.1
05.12.2025 10:11:32.164,  3.1
05.12.2025 10:11:36.254,  3.1
05.12.2025 10:11:40.154,  3.1
05.12.2025 10:11:44.254,  3.1
05.12.2025 10:11:48.254,  3.1
05.12.2025 10:11:52.254,  3.1
05.12.2025 10:11:56.254,  3.1
05.12.2025 10:12:00.154,  3.1
05.12.2025 10:12:04.164,  3.1
05.12.2025 10:12:08.154,  3.1
05.12.2025 10:12:12.164,  3.1
05.12.2025 10:12:16.164,  3.1
05.12.2025 10:12:20.254,  3.1
05.12.2025 10:12:24.254,  3.1
05.12.2025 10:12:28.254,  3.1
05.12.2025 10:12:32.254,  3.1
05.12.2025 10:12:36.154,  3.1
05.12.2025 10:12:40.164,  3.1
05.12.2025 10:12:44.154,  3.1
05.12.2025 10:12:48.164,  3.1
05.12.2025 10:12:52.164,  3.1
05.12.2025 10:12:56.164,  3.1
05.12.2025 10:13:00.154,  3.1
05.12.2025 10:13:04.154,  3.1
05.12.2025 10:13:08.154,  3.1
05.12.2025 10:13:12.254,  3.1
05.12.2025 10:13:16.254,  3.1
05.12.2025 10:13:20.254,  3.1
05.12.2025 10:13:24.174,  3.1
05.12.2025 10:13:28.164,  3.1
05.12.2025 10:13:32.174,  3.1
05.12.2025 10:13:36.164,  3.1
05.12.2025 10:13:40.174,  3.1
05.12.2025 10:13:44.164,  3.1
05.12.2025 10:13:48.189,  3.1
05.12.2025 10:13:52.189,  3.1
05.12.2025 10:13:56.179,  3.1
05.12.2025 10:14:00.269,  3.1
05.12.2025 10:14:04.190,  3.1
05.12.2025 10:14:08.179,  3.1
05.12.2025 10:14:12.190,  3.1
05.12.2025 10:14:16.179,  3.1
05.12.2025 10:14:20.179,  3.1
05.12.2025 10:14:24.339,  3.1
05.12.2025 10:14:28.269,  3.1
05.12.2025 10:14:32.299,  3.1
05.12.2025 10:14:36.179,  3.1
05.12.2025 10:14:40.189,  3.1
05.12.2025 10:14:44.299,  3.1
05.12.2025 10:14:48.199,  3.1
05.12.2025 10:14:52.189,  3.1
05.12.2025 10:14:56.239,  3.1
05.12.2025 10:15:00.199,  0.2
05.12.2025 10:15:04.199,  0.2
05.12.2025 10:15:08.189,  0.1
05.12.2025 10:15:12.199,  0.1
05.12.2025 10:15:16.299,  0.1
05.12.2025 10:15:20.299,  0.1
05.12.2025 10:15:24.299,  0.0
05.12.2025 10:15:28.299,  0.0
05.12.2025 10:15:32.299,  0.0
05.12.2025 10:15:36.299,  0.0
05.12.2025 10:15:40.239,  0.1
05.12.2025 10:15:44.339,  0.1
05.12.2025 10:15:48.299,  0.0
05.12.2025 10:15:52.299,  0.0
05.12.2025 10:15:56.209,  0.0
05.12.2025 10:16:00.209,  0.0
05.12.2025 10:16:04.209,  0.0
05.12.2025 10:16:08.229,  0.0
05.12.2025 10:16:12.229,  0.0
05.12.2025 10:16:16.230,  0.0
05.12.2025 10:16:20.229,  0.0
05.12.2025 10:16:24.219,  0.0
05.12.2025 10:16:28.229,  0.0
05.12.2025 10:16:32.219,  0.0
05.12.2025 10:16:36.339,  0.0
05.12.2025 10:16:40.339,  0.0
05.12.2025 10:16:44.219,  0.0
05.12.2025 10:16:48.339,  0.0
05.12.2025 10:16:52.339,  0.0
05.12.2025 10:16:56.339,  0.0
05.12.2025 10:17:00.229,  0.0
05.12.2025 10:17:04.229,  0.0
05.12.2025 10:17:08.219,  0.0
05.12.2025 10:17:12.339,  0.0
05.12.2025 10:17:16.339,  0.0
05.12.2025 10:17:20.339,  0.0
05.12.2025 10:17:24.219,  0.0
05.12.2025 10:17:28.229,  0.0
05.12.2025 10:17:32.339,  0.0
05.12.2025 10:17:36.229,  0.0
05.12.2025 10:17:40.219,  0.0
05.12.2025 10:17:44.229,  0.0
05.12.2025 10:17:48.229,  0.0
05.12.2025 10:17:52.239,  0.0
05.12.2025 10:17:56.219,  0.0
05.12.2025 10:18:00.340,  0.0
05.12.2025 10:18:04.229,  0.0
05.12.2025 10:18:08.339,  0.0
05.12.2025 10:18:12.339,  0.0
05.12.2025 10:18:16.339,  0.0
05.12.2025 10:18:20.329,  0.0
05.12.2025 10:18:24.329,  0.1
05.12.2025 10:18:28.219,  0.0
05.12.2025 10:18:32.329,  0.0
05.12.2025 10:18:36.230,  0.0
05.12.2025 10:18:40.329,  0.0
05.12.2025 10:18:44.329,  0.0
05.12.2025 10:18:48.242,  0.0
05.12.2025 10:18:52.352,  0.0
05.12.2025 10:18:56.242,  0.0
05.12.2025 10:19:00.342,  0.0
05.12.2025 10:19:04.342,  0.0
05.12.2025 10:19:08.252,  0.0
05.12.2025 10:19:12.332,  0.0
05.12.2025 10:19:16.472,  0.0
05.12.2025 10:19:20.382,  0.0
05.12.2025 10:19:24.263,  0.0
05.12.2025 10:19:28.382,  0.0
05.12.2025 10:19:32.252,  0.0
05.12.2025 10:19:36.262,  0.0
05.12.2025 10:19:40.262,  0.0
05.12.2025 10:19:44.252,  0.0
05.12.2025 10:19:48.262,  0.0
05.12.2025 10:19:52.382,  0.0
05.12.2025 10:19:56.262,  0.0
05.12.2025 10:20:00.263,  0.1
05.12.2025 10:20:04.262,  0.1
05.12.2025 10:20:08.382,  0.1
05.12.2025 10:20:12.422,  0.1
05.12.2025 10:20:16.262,  0.1
05.12.2025 10:20:20.252,  0.1
05.12.2025 10:20:24.262,  0.1
05.12.2025 10:20:28.262,  0.1
05.12.2025 10:20:32.262,  0.1
05.12.2025 10:20:36.252,  0.1
05.12.2025 10:20:40.342,  0.1
05.12.2025 10:20:44.342,  0.1
05.12.2025 10:20:48.462,  0.1
05.12.2025 10:20:52.342,  0.1
05.12.2025 10:20:56.332,  0.1
05.12.2025 10:21:00.502,  0.1
05.12.2025 10:21:04.382,  0.1
05.12.2025 10:21:08.252,  0.1
05.12.2025 10:21:12.252,  0.0
05.12.2025 10:21:16.262,  0.1
05.12.2025 10:21:20.262,  0.0
05.12.2025 10:21:24.342,  0.0
05.12.2025 10:21:28.462,  0.0
05.12.2025 10:21:32.263,  0.0
05.12.2025 10:21:36.342,  0.1
05.12.2025 10:21:40.342,  0.0
05.12.2025 10:21:44.252,  0.0
05.12.2025 10:21:48.252,  0.0
05.12.2025 10:21:52.262,  0.1
05.12.2025 10:21:56.263,  0.1
05.12.2025 10:22:00.262,  0.0
05.12.2025 10:22:04.382,  0.0
05.12.2025 10:22:08.262,  0.0
05.12.2025 10:22:12.252,  0.1
05.12.2025 10:22:17.252,  0.1
05.12.2025 10:22:21.262,  2.3
05.12.2025 10:22:25.382,  2.3
05.12.2025 10:22:29.462,  2.3
05.12.2025 10:22:33.262,  2.3
05.12.2025 10:22:37.252,  2.3
05.12.2025 10:22:41.292,  2.3
05.12.2025 10:22:45.252,  2.3
05.12.2025 10:22:49.252,  2.3
05.12.2025 10:22:53.262,  2.3
05.12.2025 10:22:57.262,  2.3
05.12.2025 10:23:01.262,  2.3
05.12.2025 10:23:05.264,  2.3
05.12.2025 10:23:09.253,  2.3
05.12.2025 10:23:13.274,  2.3
05.12.2025 10:23:17.262,  2.3
05.12.2025 10:23:21.273,  2.3
05.12.2025 10:23:25.372,  2.3
05.12.2025 10:23:29.372,  2.3
05.12.2025 10:23:33.262,  2.3
05.12.2025 10:23:37.262,  2.3
05.12.2025 10:23:41.262,  2.3
05.12.2025 10:23:45.272,  2.3
05.12.2025 10:23:49.298,  2.3
05.12.2025 10:23:53.388,  2.3
05.12.2025 10:23:57.428,  2.3
05.12.2025 10:24:01.318,  2.3
05.12.2025 10:24:05.319,  2.3
05.12.2025 10:24:09.319,  2.3
05.12.2025 10:24:13.318,  2.3
05.12.2025 10:24:17.318,  2.3
05.12.2025 10:24:21.308,  2.3
05.12.2025 10:24:25.308,  2.3
05.12.2025 10:24:29.318,  2.3
05.12.2025 10:24:33.318,  2.3
05.12.2025 10:24:37.428,  2.3
05.12.2025 10:24:41.428,  2.3
05.12.2025 10:24:45.428,  2.3
05.12.2025 10:24:49.429,  2.3
05.12.2025 10:24:53.428,  2.3
05.12.2025 10:24:57.428,  2.3
05.12.2025 10:25:01.428,  2.3
05.12.2025 10:25:05.428,  2.3
05.12.2025 10:25:09.428,  2.3
05.12.2025 10:25:13.318,  2.3
05.12.2025 10:25:17.428,  2.3
05.12.2025 10:25:21.429,  2.3
05.12.2025 10:25:25.318,  2.3
05.12.2025 10:25:29.308,  2.3
05.12.2025 10:25:33.428,  2.3
05.12.2025 10:25:37.318,  2.3
05.12.2025 10:25:41.318,  2.3
05.12.2025 10:25:45.428,  2.3
05.12.2025 10:25:49.428,  2.3
05.12.2025 10:25:53.308,  2.3
05.12.2025 10:25:57.318,  2.3
05.12.2025 10:26:01.318,  2.3
05.12.2025 10:26:05.318,  2.3
05.12.2025 10:26:09.308,  2.3
05.12.2025 10:26:13.318,  2.3
05.12.2025 10:26:17.428,  2.3
05.12.2025 10:26:21.308,  2.3
05.12.2025 10:26:25.308,  2.3
05.12.2025 10:26:29.318,  2.3
05.12.2025 10:26:33.308,  2.3
05.12.2025 10:26:37.428,  2.3
05.12.2025 10:26:41.428,  2.3
05.12.2025 10:26:45.428,  2.3
05.12.2025 10:26:49.428,  2.3
05.12.2025 10:26:53.428,  2.3
05.12.2025 10:26:57.388,  2.3
05.12.2025 10:27:01.308,  2.3
05.12.2025 10:27:05.308,  2.3
05.12.2025 10:27:09.318,  2.3
05.12.2025 10:27:13.319,  2.3
05.12.2025 10:27:17.308,  2.3
05.12.2025 10:27:21.318,  2.3
05.12.2025 10:27:25.318,  2.3
05.12.2025 10:27:29.318,  2.3
05.12.2025 10:27:33.308,  2.3
05.12.2025 10:27:37.328,  2.3
05.12.2025 10:27:41.328,  2.3
05.12.2025 10:27:45.328,  2.3
05.12.2025 10:27:49.388,  2.3
05.12.2025 10:27:53.318,  2.3
05.12.2025 10:27:57.328,  2.3
05.12.2025 10:28:01.498,  2.3
05.12.2025 10:28:05.339,  2.3
05.12.2025 10:28:09.338,  2.3
05.12.2025 10:28:13.418,  2.3
05.12.2025 10:28:17.418,  2.3
05.12.2025 10:28:21.418,  2.3
05.12.2025 10:28:25.338,  2.3
05.12.2025 10:28:29.338,  2.3
05.12.2025 10:28:33.338,  2.3
05.12.2025 10:28:37.338,  2.3
05.12.2025 10:28:41.348,  0.2
05.12.2025 10:28:45.348,  0.1
05.12.2025 10:28:49.361,  0.1
05.12.2025 10:28:53.351,  0.1
05.12.2025 10:28:57.361,  0.1
05.12.2025 10:29:01.362,  0.0
05.12.2025 10:29:05.361,  0.0
05.12.2025 10:29:09.361,  0.0
05.12.2025 10:29:13.371,  0.0
05.12.2025 10:29:17.371,  0.0
05.12.2025 10:29:21.371,  0.0
05.12.2025 10:29:25.371,  0.0
05.12.2025 10:29:29.372,  0.0
05.12.2025 10:29:33.371,  0.0
05.12.2025 10:29:37.471,  0.0
05.12.2025 10:29:41.371,  0.0
05.12.2025 10:29:45.361,  0.0
05.12.2025 10:29:49.361,  0.0
05.12.2025 10:29:53.471,  0.0
05.12.2025 10:29:57.371,  0.0
05.12.2025 10:30:01.371,  0.0
05.12.2025 10:30:05.361,  0.0
05.12.2025 10:30:09.371,  0.0
05.12.2025 10:30:13.372,  0.0
05.12.2025 10:30:17.371,  0.0
05.12.2025 10:30:21.471,  0.0
05.12.2025 10:30:25.361,  0.0
05.12.2025 10:30:29.371,  0.0
05.12.2025 10:30:33.372,  0.0
05.12.2025 10:30:37.371,  0.0
05.12.2025 10:30:41.361,  0.0
05.12.2025 10:30:45.471,  0.0
05.12.2025 10:30:49.471,  0.0
05.12.2025 10:30:53.471,  0.0
05.12.2025 10:30:57.371,  0.0
05.12.2025 10:31:01.371,  0.0
05.12.2025 10:31:05.361,  0.0
05.12.2025 10:31:09.461,  0.0
05.12.2025 10:31:13.461,  0.0
05.12.2025 10:31:17.372,  0.0
05.12.2025 10:31:21.371,  0.0
05.12.2025 10:31:25.361,  0.0
05.12.2025 10:31:29.471,  0.0
05.12.2025 10:31:33.461,  0.0
05.12.2025 10:31:37.371,  0.0
05.12.2025 10:31:41.471,  0.0
05.12.2025 10:31:45.371,  0.0
05.12.2025 10:31:49.471,  0.0
05.12.2025 10:31:53.371,  0.0
05.12.2025 10:31:57.361,  0.0
05.12.2025 10:32:01.461,  0.1
05.12.2025 10:32:05.461,  0.0
05.12.2025 10:32:09.371,  0.0
05.12.2025 10:32:13.361,  0.0
05.12.2025 10:32:17.371,  0.0
05.12.2025 10:32:21.371,  0.0
05.12.2025 10:32:25.371,  0.0
05.12.2025 10:32:29.371,  0.0
05.12.2025 10:32:33.361,  0.0
05.12.2025 10:32:37.361,  0.0
05.12.2025 10:32:41.371,  0.0
05.12.2025 10:32:45.371,  0.0
05.12.2025 10:32:49.461,  0.0
05.12.2025 10:32:53.541,  0.0
05.12.2025 10:32:57.461,  0.0
05.12.2025 10:33:01.371,  0.0
05.12.2025 10:33:05.461,  0.0
05.12.2025 10:33:09.371,  0.0
05.12.2025 10:33:13.381,  0.0
05.12.2025 10:33:17.461,  0.0
05.12.2025 10:33:21.461,  0.0
05.12.2025 10:33:25.381,  0.0
05.12.2025 10:33:29.381,  0.0
05.12.2025 10:33:33.381,  0.0
05.12.2025 10:33:37.381,  0.0
05.12.2025 10:33:41.461,  0.1
05.12.2025 10:33:45.581,  0.1
05.12.2025 10:33:49.480,  0.1
05.12.2025 10:33:53.480,  0.1
05.12.2025 10:33:57.390,  0.0
05.12.2025 10:34:01.400,  0.0
05.12.2025 10:34:05.400,  0.0
05.12.2025 10:34:09.390,  0.0
05.12.2025 10:34:13.480,  0.0
05.12.2025 10:34:17.600,  0.0
05.12.2025 10:34:21.390,  0.0
05.12.2025 10:34:25.520,  0.0
05.12.2025 10:34:29.480,  0.0
05.12.2025 10:34:33.400,  0.0
05.12.2025 10:34:37.400,  0.0
05.12.2025 10:34:41.400,  0.0
05.12.2025 10:34:45.401,  0.0
05.12.2025 10:34:49.600,  0.0
05.12.2025 10:34:53.521,  0.0
05.12.2025 10:34:57.510,  0.0
05.12.2025 10:35:01.520,  0.0
05.12.2025 10:35:05.410,  0.0
05.12.2025 10:35:09.510,  0.0
05.12.2025 10:35:13.520,  0.0
05.12.2025 10:35:17.520,  0.0
05.12.2025 10:35:21.520,  0.0
05.12.2025 10:35:25.410,  0.0
05.12.2025 10:35:29.410,  0.0
05.12.2025 10:35:33.400,  0.0
05.12.2025 10:35:37.410,  0.0
05.12.2025 10:35:41.510,  0.0
05.12.2025 10:35:45.510,  0.0
05.12.2025 10:35:49.410,  0.0
05.12.2025 10:35:53.510,  0.0
05.12.2025 10:35:57.520,  0.0
05.12.2025 10:36:01.510,  0.0
05.12.2025 10:36:05.520,  0.0
05.12.2025 10:36:09.410,  0.0
05.12.2025 10:36:13.410,  0.0
05.12.2025 10:36:17.400,  0.0
05.12.2025 10:36:21.410,  0.0
05.12.2025 10:36:25.510,  0.0
05.12.2025 10:36:29.510,  0.0
05.12.2025 10:36:33.410,  0.0
05.12.2025 10:36:37.510,  0.0
05.12.2025 10:36:41.510,  0.0
05.12.2025 10:36:47.400,  2.8
05.12.2025 10:36:51.410,  2.8
05.12.2025 10:36:55.510,  2.8
05.12.2025 10:36:59.510,  2.8
05.12.2025 10:37:03.400,  2.8
05.12.2025 10:37:07.410,  2.8
05.12.2025 10:37:11.410,  2.8
05.12.2025 10:37:15.420,  2.8
05.12.2025 10:37:19.420,  2.8
05.12.2025 10:37:23.510,  2.8
05.12.2025 10:37:27.410,  2.8
05.12.2025 10:37:31.421,  2.7
05.12.2025 10:37:35.420,  2.7
05.12.2025 10:37:39.420,  2.7
05.12.2025 10:37:43.510,  2.7
05.12.2025 10:37:47.510,  2.7
05.12.2025 10:37:51.510,  2.7
05.12.2025 10:37:55.510,  2.7
05.12.2025 10:37:59.421,  2.7
05.12.2025 10:38:03.420,  2.8
05.12.2025 10:38:07.410,  2.8
05.12.2025 10:38:11.510,  2.8
05.12.2025 10:38:15.510,  2.8
05.12.2025 10:38:19.510,  2.8
05.12.2025 10:38:23.510,  2.8
05.12.2025 10:38:27.550,  2.8
05.12.2025 10:38:31.431,  2.7
05.12.2025 10:38:35.420,  2.7
05.12.2025 10:38:39.430,  2.7
05.12.2025 10:38:43.430,  2.7
05.12.2025 10:38:47.431,  2.8
05.12.2025 10:38:51.441,  2.7
05.12.2025 10:38:55.601,  2.8
05.12.2025 10:38:59.521,  2.8
05.12.2025 10:39:03.441,  2.8
05.12.2025 10:39:07.441,  2.7
05.12.2025 10:39:11.562,  2.7
05.12.2025 10:39:15.452,  2.8
05.12.2025 10:39:19.451,  2.8
05.12.2025 10:39:23.551,  2.8
05.12.2025 10:39:27.451,  2.8
05.12.2025 10:39:31.551,  2.8
05.12.2025 10:39:35.561,  2.7
05.12.2025 10:39:39.461,  2.7
05.12.2025 10:39:43.451,  2.7
05.12.2025 10:39:47.461,  2.7
05.12.2025 10:39:51.451,  2.7
05.12.2025 10:39:55.451,  2.7
05.12.2025 10:39:59.461,  2.7
05.12.2025 10:40:03.461,  2.7
05.12.2025 10:40:07.461,  2.7
05.12.2025 10:40:11.461,  2.7
05.12.2025 10:40:15.551,  2.7
05.12.2025 10:40:19.451,  2.7
05.12.2025 10:40:23.461,  2.7
05.12.2025 10:40:27.551,  2.7
05.12.2025 10:40:31.461,  2.7
05.12.2025 10:40:35.451,  2.7
05.12.2025 10:40:39.451,  2.7
05.12.2025 10:40:43.451,  2.8
05.12.2025 10:40:47.551,  2.7
05.12.2025 10:40:51.451,  2.7
05.12.2025 10:40:55.461,  2.7
05.12.2025 10:40:59.461,  2.7
05.12.2025 10:41:03.461,  2.7
05.12.2025 10:41:07.551,  2.7
05.12.2025 10:41:11.461,  2.7
05.12.2025 10:41:15.461,  2.7
05.12.2025 10:41:19.681,  2.7
05.12.2025 10:41:23.461,  2.7
05.12.2025 10:41:27.461,  2.7
05.12.2025 10:41:31.451,  2.7
05.12.2025 10:41:35.451,  2.7
05.12.2025 10:41:39.551,  2.8
05.12.2025 10:41:43.551,  2.8
05.12.2025 10:41:47.551,  2.7
05.12.2025 10:41:51.551,  2.8
05.12.2025 10:41:55.461,  2.8
05.12.2025 10:41:59.471,  2.8
05.12.2025 10:42:03.461,  2.8
05.12.2025 10:42:07.461,  2.8
05.12.2025 10:42:11.471,  2.7
05.12.2025 10:42:15.591,  2.7
05.12.2025 10:42:19.671,  2.7
05.12.2025 10:42:23.552,  2.7
05.12.2025 10:42:27.591,  2.7
05.12.2025 10:42:31.471,  2.7
05.12.2025 10:42:35.481,  2.7
05.12.2025 10:42:39.481,  2.7
05.12.2025 10:42:43.471,  2.7
05.12.2025 10:42:47.481,  2.7
05.12.2025 10:42:51.481,  2.7
05.12.2025 10:42:55.481,  2.7
05.12.2025 10:42:59.482,  2.7
05.12.2025 10:43:03.481,  2.7
05.12.2025 10:43:07.481,  2.7
05.12.2025 10:43:11.591,  2.7
05.12.2025 10:43:15.471,  2.7
05.12.2025 10:43:19.481,  2.7
05.12.2025 10:43:23.592,  2.7
05.12.2025 10:43:27.481,  2.7
05.12.2025 10:43:31.481,  2.7
05.12.2025 10:43:35.481,  2.7
05.12.2025 10:43:39.471,  2.7
05.12.2025 10:43:43.481,  2.7
05.12.2025 10:43:47.614,  2.7
05.12.2025 10:43:51.604,  2.7
05.12.2025 10:43:55.604,  2.7
05.12.2025 10:43:59.514,  2.7
05.12.2025 10:44:03.524,  2.7
05.12.2025 10:44:07.604,  2.7
05.12.2025 10:44:11.524,  2.8
05.12.2025 10:44:15.524,  2.7
05.12.2025 10:44:19.614,  2.7
05.12.2025 10:44:23.514,  2.8
05.12.2025 10:44:27.524,  2.8
05.12.2025 10:44:31.604,  2.8
05.12.2025 10:44:35.514,  2.8
05.12.2025 10:44:39.524,  2.7
05.12.2025 10:44:43.544,  2.7
05.12.2025 10:44:47.644,  2.7
05.12.2025 10:44:52.084,  2.7
05.12.2025 10:44:55.524,  2.7
05.12.2025 10:44:59.514,  2.7
05.12.2025 10:45:02.514,  2.7
05.12.2025 10:45:06.525,  0.2
05.12.2025 10:45:10.514,  0.2
05.12.2025 10:45:14.604,  0.1
05.12.2025 10:45:18.574,  0.1
05.12.2025 10:45:22.724,  0.0
05.12.2025 10:45:26.724,  0.0
05.12.2025 10:45:30.644,  0.0
05.12.2025 10:45:34.684,  0.0
05.12.2025 10:45:38.604,  0.0
05.12.2025 10:45:42.604,  0.0
05.12.2025 10:45:46.604,  0.0
05.12.2025 10:45:50.604,  0.0
05.12.2025 10:45:54.514,  0.0
05.12.2025 10:45:58.604,  0.0
05.12.2025 10:46:02.604,  0.0
05.12.2025 10:46:06.524,  0.0
05.12.2025 10:46:10.604,  0.0
05.12.2025 10:46:14.684,  0.0
05.12.2025 10:46:18.524,  0.0
05.12.2025 10:46:22.524,  0.0
05.12.2025 10:46:26.604,  0.0
05.12.2025 10:46:30.604,  0.0
05.12.2025 10:46:34.524,  0.0
05.12.2025 10:46:38.524,  0.0
05.12.2025 10:46:42.604,  0.0
05.12.2025 10:46:46.604,  0.0
05.12.2025 10:46:50.604,  0.0
05.12.2025 10:46:54.525,  0.0
05.12.2025 10:46:58.514,  0.0
05.12.2025 10:47:02.524,  0.0
05.12.2025 10:47:06.884,  0.0
05.12.2025 10:47:10.544,  0.0
05.12.2025 10:47:14.534,  0.0
05.12.2025 10:47:18.544,  0.0
05.12.2025 10:47:22.644,  0.0
05.12.2025 10:47:26.544,  0.0
05.12.2025 10:47:30.534,  0.0
05.12.2025 10:47:34.544,  0.0
05.12.2025 10:47:38.574,  0.0
05.12.2025 10:47:42.534,  0.0
05.12.2025 10:47:46.544,  0.0
05.12.2025 10:47:50.644,  0.0
05.12.2025 10:47:54.634,  0.0
05.12.2025 10:47:58.544,  0.0
05.12.2025 10:48:02.554,  0.0
05.12.2025 10:48:06.554,  0.0
05.12.2025 10:48:10.544,  0.0
05.12.2025 10:48:14.634,  0.0
05.12.2025 10:48:18.644,  0.0
05.12.2025 10:48:22.634,  0.0
05.12.2025 10:48:26.634,  0.0
05.12.2025 10:48:30.634,  0.0
05.12.2025 10:48:34.554,  0.0
05.12.2025 10:48:38.544,  0.0
05.12.2025 10:48:42.554,  0.0
05.12.2025 10:48:46.634,  0.0
05.12.2025 10:48:50.560,  0.0
05.12.2025 10:48:54.550,  0.0
05.12.2025 10:48:58.560,  0.0
05.12.2025 10:49:02.640,  0.0
05.12.2025 10:49:06.550,  0.0
05.12.2025 10:49:10.560,  0.0
05.12.2025 10:49:14.561,  0.0
05.12.2025 10:49:18.680,  0.0
05.12.2025 10:49:22.640,  0.0
05.12.2025 10:49:26.640,  0.0
05.12.2025 10:49:30.640,  0.0
05.12.2025 10:49:34.640,  0.0
05.12.2025 10:49:38.560,  0.0
05.12.2025 10:49:42.640,  0.0
05.12.2025 10:49:46.560,  0.0
05.12.2025 10:49:50.560,  0.0
05.12.2025 10:49:54.560,  0.0
05.12.2025 10:49:58.640,  0.0
05.12.2025 10:50:02.720,  0.0
05.12.2025 10:50:06.560,  0.0
05.12.2025 10:50:10.550,  0.0
05.12.2025 10:50:14.560,  0.0
05.12.2025 10:50:18.560,  0.0
05.12.2025 10:50:22.560,  0.0
05.12.2025 10:50:26.560,  0.0
05.12.2025 10:50:30.560,  0.0
05.12.2025 10:50:34.560,  0.0
05.12.2025 10:50:38.680,  0.0
05.12.2025 10:50:42.560,  0.0
05.12.2025 10:50:46.640,  0.0
05.12.2025 10:50:50.560,  0.0
05.12.2025 10:50:54.760,  0.0
05.12.2025 10:50:58.550,  0.0
05.12.2025 10:51:02.561,  0.0
05.12.2025 10:51:06.560,  0.0
05.12.2025 10:51:10.560,  0.0
05.12.2025 10:51:14.570,  0.0
05.12.2025 10:51:18.680,  0.0
05.12.2025 10:51:22.680,  0.0
05.12.2025 10:51:26.680,  0.0
05.12.2025 10:51:30.680,  0.0
05.12.2025 10:51:34.570,  0.0
05.12.2025 10:51:38.560,  0.0
05.12.2025 10:51:42.680,  0.0
05.12.2025 10:51:46.570,  0.0
05.12.2025 10:51:50.681,  0.0
05.12.2025 10:51:54.560,  0.0
05.12.2025 10:51:58.680,  0.0
05.12.2025 10:52:02.680,  0.0
05.12.2025 10:52:06.580,  0.0
05.12.2025 10:52:10.680,  0.0
05.12.2025 10:52:14.570,  0.0
05.12.2025 10:52:18.570,  0.0
05.12.2025 10:52:22.680,  0.0
05.12.2025 10:52:26.670,  0.0
05.12.2025 10:52:30.670,  0.0
05.12.2025 10:52:34.570,  0.0
05.12.2025 10:52:38.580,  0.0
05.12.2025 10:52:43.680,  2.1
05.12.2025 10:52:47.580,  2.1
05.12.2025 10:52:51.570,  2.1
05.12.2025 10:52:55.670,  2.1
05.12.2025 10:52:59.670,  2.1
05.12.2025 10:53:03.570,  2.1
05.12.2025 10:53:07.570,  2.1
05.12.2025 10:53:11.670,  2.1
05.12.2025 10:53:15.590,  2.1
05.12.2025 10:53:19.590,  2.1
05.12.2025 10:53:23.590,  2.1
05.12.2025 10:53:27.670,  2.1
05.12.2025 10:53:31.670,  2.1
05.12.2025 10:53:35.670,  2.1
05.12.2025 10:53:39.670,  2.1
05.12.2025 10:53:43.670,  2.1
05.12.2025 10:53:47.610,  2.1
05.12.2025 10:53:51.631,  2.1
05.12.2025 10:53:55.630,  2.1
05.12.2025 10:53:59.630,  2.1
05.12.2025 10:54:03.730,  2.1
05.12.2025 10:54:07.640,  2.1
05.12.2025 10:54:11.730,  2.1
05.12.2025 10:54:15.730,  2.1
05.12.2025 10:54:19.630,  2.1
05.12.2025 10:54:23.641,  2.1
05.12.2025 10:54:27.640,  2.1
05.12.2025 10:54:31.640,  0.2
05.12.2025 10:54:35.731,  0.1
05.12.2025 10:54:39.730,  0.1
05.12.2025 10:54:43.730,  0.1
05.12.2025 10:54:47.650,  0.1
05.12.2025 10:54:51.640,  0.1
05.12.2025 10:54:55.650,  0.1
05.12.2025 10:54:59.651,  0.1
05.12.2025 10:55:03.660,  0.1
05.12.2025 10:55:07.660,  0.1
05.12.2025 10:55:11.770,  0.1
05.12.2025 10:55:15.770,  0.1
05.12.2025 10:55:19.690,  0.1
05.12.2025 10:55:23.700,  0.1
05.12.2025 10:55:27.690,  0.1
05.12.2025 10:55:31.690,  0.1
05.12.2025 10:55:35.810,  0.1
05.12.2025 10:55:39.810,  0.1
05.12.2025 10:55:43.810,  0.1
05.12.2025 10:55:47.700,  0.1
05.12.2025 10:55:51.700,  0.1
05.12.2025 10:55:55.810,  0.1
05.12.2025 10:55:59.690,  0.1
05.12.2025 10:56:03.700,  0.1
05.12.2025 10:56:07.700,  0.1
05.12.2025 10:56:11.690,  0.1
05.12.2025 10:56:15.810,  0.1
05.12.2025 10:56:19.690,  0.1
05.12.2025 10:56:23.700,  0.1
05.12.2025 10:56:27.700,  0.1
05.12.2025 10:56:31.690,  0.1
05.12.2025 10:56:35.700,  0.1
05.12.2025 10:56:39.700,  0.1
05.12.2025 10:56:43.690,  0.0
05.12.2025 10:56:47.701,  0.0
05.12.2025 10:56:51.700,  0.0
05.12.2025 10:56:55.800,  0.0
05.12.2025 10:56:59.810,  0.0
05.12.2025 10:57:03.800,  0.0
05.12.2025 10:57:07.810,  0.0
05.12.2025 10:57:11.800,  0.0
05.12.2025 10:57:15.800,  0.0
05.12.2025 10:57:19.700,  0.0
05.12.2025 10:57:23.690,  0.0
05.12.2025 10:57:27.700,  0.0
05.12.2025 10:57:31.690,  0.0
05.12.2025 10:57:35.700,  0.0
05.12.2025 10:57:39.800,  0.0
05.12.2025 10:57:43.800,  0.0
05.12.2025 10:57:47.700,  0.0
05.12.2025 10:57:51.700,  0.0
05.12.2025 10:57:55.690,  0.1
05.12.2025 10:57:59.690,  0.1
05.12.2025 10:58:03.700,  0.1
05.12.2025 10:58:07.701,  0.1
05.12.2025 10:58:11.690,  0.1
05.12.2025 10:58:15.700,  0.1
05.12.2025 10:58:19.800,  0.1
05.12.2025 10:58:23.700,  0.1
05.12.2025 10:58:27.800,  0.1
05.12.2025 10:58:31.700,  0.1
05.12.2025 10:58:35.690,  0.1
05.12.2025 10:58:39.700,  0.1
05.12.2025 10:58:43.690,  0.1
05.12.2025 10:58:47.818,  0.1
05.12.2025 10:58:51.818,  0.1
05.12.2025 10:58:55.719,  0.1
05.12.2025 10:58:59.708,  0.1
05.12.2025 10:59:03.718,  0.1
05.12.2025 10:59:07.708,  0.1
05.12.2025 10:59:11.818,  0.1
05.12.2025 10:59:15.718,  0.1
05.12.2025 10:59:19.708,  0.1
05.12.2025 10:59:23.818,  0.1
05.12.2025 10:59:27.818,  0.1
05.12.2025 10:59:31.818,  0.1
05.12.2025 10:59:35.818,  0.1
05.12.2025 10:59:39.718,  0.1
05.12.2025 10:59:43.708,  0.1
05.12.2025 10:59:47.708,  0.1
05.12.2025 10:59:51.718,  0.1
05.12.2025 10:59:55.748,  0.1
05.12.2025 10:59:59.858,  0.1
05.12.2025 11:00:03.718,  0.1
05.12.2025 11:00:07.728,  0.1
05.12.2025 11:00:11.718,  0.1
05.12.2025 11:00:15.728,  0.1
05.12.2025 11:00:19.819,  0.1
05.12.2025 11:00:23.819,  0.1
05.12.2025 11:00:27.818,  0.1
05.12.2025 11:00:31.808,  0.0
05.12.2025 11:00:35.818,  0.0
05.12.2025 11:00:39.739,  0.0
05.12.2025 11:00:43.728,  0.0
05.12.2025 11:00:47.898,  0.0
05.12.2025 11:00:51.738,  0.0
05.12.2025 11:00:55.738,  0.0
05.12.2025 11:00:59.738,  0.0
05.12.2025 11:01:03.728,  0.0
05.12.2025 11:01:07.728,  0.0
05.12.2025 11:01:11.738,  0.0
05.12.2025 11:01:15.738,  0.0
05.12.2025 11:01:19.728,  0.0
05.12.2025 11:01:23.728,  0.0
05.12.2025 11:01:27.728,  0.0
05.12.2025 11:01:31.888,  0.0
05.12.2025 11:01:35.848,  0.0
05.12.2025 11:01:39.938,  0.0
05.12.2025 11:01:43.848,  0.0
05.12.2025 11:01:47.848,  0.0
05.12.2025 11:01:51.728,  0.0
05.12.2025 11:01:55.738,  0.0
05.12.2025 11:01:59.738,  0.0
05.12.2025 11:02:03.728,  0.0
05.12.2025 11:02:07.738,  0.0
05.12.2025 11:02:11.738,  0.0
05.12.2025 11:02:15.738,  0.0
05.12.2025 11:02:19.738,  0.0
05.12.2025 11:02:23.728,  0.0
05.12.2025 11:02:27.848,  0.0
05.12.2025 11:02:31.848,  0.0
05.12.2025 11:02:35.848,  0.0
05.12.2025 11:02:39.848,  0.1
05.12.2025 11:02:43.848,  0.0
05.12.2025 11:02:47.748,  0.1
05.12.2025 11:02:51.848,  0.1
05.12.2025 11:02:55.739,  0.0
05.12.2025 11:02:59.738,  0.0
05.12.2025 11:03:03.738,  0.0
05.12.2025 11:03:07.738,  0.1
05.12.2025 11:03:11.728,  0.1
05.12.2025 11:03:15.738,  0.1
05.12.2025 11:03:19.728,  0.1
05.12.2025 11:03:23.738,  0.1
05.12.2025 11:03:27.848,  0.1
05.12.2025 11:03:31.738,  0.1
05.12.2025 11:03:35.848,  0.1
05.12.2025 11:03:39.738,  0.1
05.12.2025 11:03:43.738,  0.1
05.12.2025 11:03:47.754,  0.1
05.12.2025 11:03:51.753,  0.0
05.12.2025 11:03:55.863,  0.0
05.12.2025 11:03:59.863,  0.0
05.12.2025 11:04:03.863,  0.0
05.12.2025 11:04:07.863,  0.0
05.12.2025 11:04:11.863,  0.0
05.12.2025 11:04:15.753,  0.0
05.12.2025 11:04:20.754,  2.3
05.12.2025 11:04:24.753,  2.3
05.12.2025 11:04:28.863,  2.3
05.12.2025 11:04:32.863,  2.3
05.12.2025 11:04:36.864,  2.3
05.12.2025 11:04:40.863,  2.3
05.12.2025 11:04:44.863,  2.3
05.12.2025 11:04:48.743,  2.3
05.12.2025 11:04:52.753,  2.3
05.12.2025 11:04:56.754,  2.3
05.12.2025 11:05:00.743,  2.3
05.12.2025 11:05:04.753,  2.3
05.12.2025 11:05:08.753,  2.3
05.12.2025 11:05:12.863,  2.3
05.12.2025 11:05:16.763,  2.3
05.12.2025 11:05:20.853,  2.3
05.12.2025 11:05:24.783,  2.3
05.12.2025 11:05:28.773,  2.3
05.12.2025 11:05:32.783,  2.3
05.12.2025 11:05:36.783,  2.3
05.12.2025 11:05:40.893,  2.3
05.12.2025 11:05:44.973,  2.3
05.12.2025 11:05:48.784,  2.3
05.12.2025 11:05:52.783,  2.3
05.12.2025 11:05:56.783,  2.3
05.12.2025 11:06:00.783,  2.3
05.12.2025 11:06:04.773,  2.3
05.12.2025 11:06:08.893,  2.3
05.12.2025 11:06:12.784,  2.3
05.12.2025 11:06:16.773,  2.3
05.12.2025 11:06:20.893,  2.3
05.12.2025 11:06:24.853,  2.3
05.12.2025 11:06:28.784,  2.3
05.12.2025 11:06:32.803,  2.3
05.12.2025 11:06:36.893,  2.3
05.12.2025 11:06:40.803,  2.3
05.12.2025 11:06:44.793,  2.3
05.12.2025 11:06:48.793,  2.3
05.12.2025 11:06:52.803,  2.3
05.12.2025 11:06:56.803,  2.3
05.12.2025 11:07:00.803,  2.3
05.12.2025 11:07:04.803,  2.3
05.12.2025 11:07:08.804,  2.3
05.12.2025 11:07:12.813,  2.3
05.12.2025 11:07:16.893,  2.3
05.12.2025 11:07:20.933,  2.3
05.12.2025 11:07:24.973,  2.3
05.12.2025 11:07:28.813,  2.3
05.12.2025 11:07:32.803,  2.3
05.12.2025 11:07:36.933,  2.3
05.12.2025 11:07:40.893,  2.3
05.12.2025 11:07:44.893,  2.3
05.12.2025 11:07:48.813,  2.3
05.12.2025 11:07:52.813,  2.3
05.12.2025 11:07:56.803,  0.2
05.12.2025 11:08:00.813,  0.2
05.12.2025 11:08:05.013,  0.1
05.12.2025 11:08:08.803,  0.1
05.12.2025 11:08:12.813,  0.1
05.12.2025 11:08:16.803,  0.0
05.12.2025 11:08:20.813,  0.0
05.12.2025 11:08:24.813,  0.0
05.12.2025 11:08:28.893,  0.0
05.12.2025 11:08:32.813,  0.0
05.12.2025 11:08:36.813,  0.0
05.12.2025 11:08:40.803,  0.0
05.12.2025 11:08:44.813,  0.0
05.12.2025 11:08:48.809,  0.0
05.12.2025 11:08:52.900,  0.0
05.12.2025 11:08:56.899,  0.0
05.12.2025 11:09:00.899,  0.0
05.12.2025 11:09:04.939,  0.0
05.12.2025 11:09:08.809,  0.0
05.12.2025 11:09:12.819,  0.0
05.12.2025 11:09:16.819,  0.0
05.12.2025 11:09:20.809,  0.0
05.12.2025 11:09:24.819,  0.0
05.12.2025 11:09:28.819,  0.0
05.12.2025 11:09:32.939,  0.0
05.12.2025 11:09:36.809,  0.0
05.12.2025 11:09:40.819,  0.0
05.12.2025 11:09:44.899,  0.0
05.12.2025 11:09:48.820,  0.0
05.12.2025 11:09:52.820,  0.0
05.12.2025 11:09:56.819,  0.0
05.12.2025 11:10:00.819,  0.0
05.12.2025 11:10:04.819,  0.0
05.12.2025 11:10:08.929,  0.0
05.12.2025 11:10:12.809,  0.0
05.12.2025 11:10:16.819,  0.0
05.12.2025 11:10:20.929,  0.0
05.12.2025 11:10:25.129,  0.0
05.12.2025 11:10:28.820,  0.0
05.12.2025 11:10:32.819,  0.0
05.12.2025 11:10:36.809,  0.0
05.12.2025 11:10:40.820,  0.0
05.12.2025 11:10:44.829,  0.0
05.12.2025 11:10:48.929,  0.0
05.12.2025 11:10:52.839,  0.0
05.12.2025 11:10:56.850,  0.0
05.12.2025 11:11:00.969,  0.0
05.12.2025 11:11:04.869,  0.0
05.12.2025 11:11:08.869,  0.0
05.12.2025 11:11:12.889,  0.0
05.12.2025 11:11:17.049,  0.0
05.12.2025 11:11:20.969,  0.1
05.12.2025 11:11:24.969,  0.1
05.12.2025 11:11:28.879,  0.0
05.12.2025 11:11:32.969,  0.0
05.12.2025 11:11:36.889,  0.0
05.12.2025 11:11:40.889,  0.0
05.12.2025 11:11:45.009,  0.0
05.12.2025 11:11:48.889,  0.0
05.12.2025 11:11:52.899,  0.0
05.12.2025 11:11:56.889,  0.0
05.12.2025 11:12:00.899,  0.0
05.12.2025 11:12:04.889,  0.0
05.12.2025 11:12:08.889,  0.0
05.12.2025 11:12:13.009,  0.0
05.12.2025 11:12:16.899,  0.0
05.12.2025 11:12:21.009,  0.0
05.12.2025 11:12:25.009,  0.0
05.12.2025 11:12:29.009,  0.0
05.12.2025 11:12:32.909,  0.0
05.12.2025 11:12:37.009,  0.0
05.12.2025 11:12:41.009,  0.0
05.12.2025 11:12:45.009,  0.0
05.12.2025 11:12:49.009,  0.1
05.12.2025 11:12:53.009,  0.0
05.12.2025 11:12:57.009,  0.1
05.12.2025 11:13:00.909,  0.1
05.12.2025 11:13:04.899,  0.1
05.12.2025 11:13:08.909,  0.1
05.12.2025 11:13:12.899,  0.1
05.12.2025 11:13:16.909,  0.1
05.12.2025 11:13:21.009,  0.1
05.12.2025 11:13:24.899,  0.1
05.12.2025 11:13:28.909,  0.1
05.12.2025 11:13:32.899,  0.1
05.12.2025 11:13:36.909,  0.1
05.12.2025 11:13:41.009,  0.1
05.12.2025 11:13:44.899,  0.1
05.12.2025 11:13:48.934,  0.1
05.12.2025 11:13:52.924,  0.0
05.12.2025 11:13:56.934,  0.0
05.12.2025 11:14:00.924,  0.0
05.12.2025 11:14:05.024,  0.0
05.12.2025 11:14:09.024,  0.0
05.12.2025 11:14:13.024,  0.0
05.12.2025 11:14:17.024,  0.0
05.12.2025 11:14:21.024,  0.0
05.12.2025 11:14:25.024,  0.0
05.12.2025 11:14:28.924,  0.0
05.12.2025 11:14:33.024,  0.0
05.12.2025 11:14:37.024,  0.0
05.12.2025 11:14:41.024,  0.0
05.12.2025 11:14:46.934,  3.1
05.12.2025 11:14:50.944,  3.1
05.12.2025 11:14:54.944,  3.1
05.12.2025 11:14:59.104,  3.1
05.12.2025 11:15:03.024,  3.1
05.12.2025 11:15:07.024,  3.1
05.12.2025 11:15:11.064,  3.1
05.12.2025 11:15:14.944,  3.1
05.12.2025 11:15:19.064,  3.1
05.12.2025 11:15:23.064,  3.1
05.12.2025 11:15:27.064,  3.1
05.12.2025 11:15:31.064,  3.1
05.12.2025 11:15:35.064,  3.1
05.12.2025 11:15:38.944,  3.1
05.12.2025 11:15:43.064,  3.1
05.12.2025 11:15:46.955,  3.1
05.12.2025 11:15:50.944,  3.1
05.12.2025 11:15:54.954,  3.1
05.12.2025 11:15:58.944,  3.1
05.12.2025 11:16:03.064,  3.1
05.12.2025 11:16:06.954,  3.1
05.12.2025 11:16:11.064,  3.1
05.12.2025 11:16:15.064,  3.1
05.12.2025 11:16:19.064,  3.1
05.12.2025 11:16:23.064,  3.1
05.12.2025 11:16:26.954,  3.1
05.12.2025 11:16:30.964,  3.1
05.12.2025 11:16:34.954,  3.1
05.12.2025 11:16:38.964,  3.1
05.12.2025 11:16:42.964,  3.1
05.12.2025 11:16:47.064,  3.1
05.12.2025 11:16:51.064,  3.1
05.12.2025 11:16:54.964,  3.1
05.12.2025 11:16:59.064,  3.1
05.12.2025 11:17:02.954,  3.1
05.12.2025 11:17:06.964,  3.1
05.12.2025 11:17:11.064,  3.1
05.12.2025 11:17:14.964,  3.1
05.12.2025 11:17:18.954,  3.1
05.12.2025 11:17:22.964,  3.1
05.12.2025 11:17:27.064,  3.1
05.12.2025 11:17:31.064,  3.1
05.12.2025 11:17:34.964,  3.1
05.12.2025 11:17:39.064,  3.1
05.12.2025 11:17:42.954,  3.1
05.12.2025 11:17:46.964,  3.1
05.12.2025 11:17:50.964,  3.1
05.12.2025 11:17:54.964,  3.1
05.12.2025 11:17:58.964,  3.1
05.12.2025 11:18:02.964,  3.1
05.12.2025 11:18:07.054,  3.1
05.12.2025 11:18:11.064,  3.1
05.12.2025 11:18:15.064,  3.1
05.12.2025 11:18:19.054,  3.1
05.12.2025 11:18:22.954,  3.1
05.12.2025 11:18:26.964,  3.1
05.12.2025 11:18:30.964,  3.1
05.12.2025 11:18:34.964,  3.1
05.12.2025 11:18:38.954,  3.1
05.12.2025 11:18:43.134,  3.1
05.12.2025 11:18:47.054,  3.1
05.12.2025 11:18:51.105,  3.1
05.12.2025 11:18:54.995,  3.1
05.12.2025 11:18:59.105,  3.1
05.12.2025 11:19:03.105,  0.2
05.12.2025 11:19:07.105,  0.2
05.12.2025 11:19:11.105,  0.2
05.12.2025 11:19:15.105,  0.1
05.12.2025 11:19:19.015,  0.0
05.12.2025 11:19:23.005,  0.0
05.12.2025 11:19:27.015,  0.0
05.12.2025 11:19:31.015,  0.0
05.12.2025 11:19:35.016,  0.0
05.12.2025 11:19:39.005,  0.0
05.12.2025 11:19:43.015,  0.0
05.12.2025 11:19:47.005,  0.0
05.12.2025 11:19:51.015,  0.0
05.12.2025 11:19:55.005,  0.0
05.12.2025 11:19:59.105,  0.0
05.12.2025 11:20:03.105,  0.0
05.12.2025 11:20:07.105,  0.0
05.12.2025 11:20:11.015,  0.0
05.12.2025 11:20:15.005,  0.0
05.12.2025 11:20:19.015,  0.0
05.12.2025 11:20:23.016,  0.0
05.12.2025 11:20:27.015,  0.0
05.12.2025 11:20:31.015,  0.0
05.12.2025 11:20:35.015,  0.0
05.12.2025 11:20:39.016,  0.0
05.12.2025 11:20:43.015,  0.0
05.12.2025 11:20:47.105,  0.0
05.12.2025 11:20:51.015,  0.0
05.12.2025 11:20:55.015,  0.0
05.12.2025 11:20:59.105,  0.0
05.12.2025 11:21:03.005,  0.0
05.12.2025 11:21:07.105,  0.0
05.12.2025 11:21:11.107,  0.0
05.12.2025 11:21:15.105,  0.0
05.12.2025 11:21:19.015,  0.0
05.12.2025 11:21:23.015,  0.0
05.12.2025 11:21:27.015,  0.0
05.12.2025 11:21:31.015,  0.0
05.12.2025 11:21:35.025,  0.0
05.12.2025 11:21:39.035,  0.0
05.12.2025 11:21:43.145,  0.0
05.12.2025 11:21:47.135,  0.0
05.12.2025 11:21:51.045,  0.0
05.12.2025 11:21:55.145,  0.0
05.12.2025 11:21:59.055,  0.0
05.12.2025 11:22:03.145,  0.0
05.12.2025 11:22:07.055,  0.0
05.12.2025 11:22:11.065,  0.0
05.12.2025 11:22:15.065,  0.0
05.12.2025 11:22:19.085,  0.0
05.12.2025 11:22:23.055,  0.0
05.12.2025 11:22:27.065,  0.1
05.12.2025 11:22:31.065,  0.0
05.12.2025 11:22:35.175,  0.0
05.12.2025 11:22:39.076,  0.0
05.12.2025 11:22:43.075,  0.0
05.12.2025 11:22:47.075,  0.0
05.12.2025 11:22:51.175,  0.0
05.12.2025 11:22:55.175,  0.0
05.12.2025 11:22:59.175,  0.0
05.12.2025 11:23:03.175,  0.0
05.12.2025 11:23:07.075,  0.0
05.12.2025 11:23:11.075,  0.0
05.12.2025 11:23:15.175,  0.0
05.12.2025 11:23:19.175,  0.0
05.12.2025 11:23:23.075,  0.0
05.12.2025 11:23:27.085,  0.0
05.12.2025 11:23:31.085,  0.0
05.12.2025 11:23:35.175,  0.0
05.12.2025 11:23:39.085,  0.0
05.12.2025 11:23:43.075,  0.0
05.12.2025 11:23:47.175,  0.0
05.12.2025 11:23:51.090,  0.0
05.12.2025 11:23:55.090,  0.0
05.12.2025 11:23:59.190,  0.0
05.12.2025 11:24:03.110,  0.0
05.12.2025 11:24:07.190,  0.0
05.12.2025 11:24:11.190,  0.0
05.12.2025 11:24:15.111,  0.0
05.12.2025 11:24:19.110,  0.0
05.12.2025 11:24:23.110,  0.0
05.12.2025 11:24:27.110,  0.0
05.12.2025 11:24:31.100,  0.0
05.12.2025 11:24:35.190,  0.0
05.12.2025 11:24:39.100,  0.0
05.12.2025 11:24:43.100,  0.0
05.12.2025 11:24:47.110,  0.0
05.12.2025 11:24:51.100,  0.0
05.12.2025 11:24:55.110,  0.0
05.12.2025 11:24:59.110,  0.0
05.12.2025 11:25:03.110,  0.0
05.12.2025 11:25:07.100,  0.0
05.12.2025 11:25:11.110,  0.0
05.12.2025 11:25:15.310,  0.0
05.12.2025 11:25:19.190,  0.0
05.12.2025 11:25:23.230,  0.0
05.12.2025 11:25:27.100,  0.0
05.12.2025 11:25:31.190,  0.0
05.12.2025 11:25:35.230,  0.0
05.12.2025 11:25:39.190,  0.0
05.12.2025 11:25:43.310,  0.0
05.12.2025 11:25:47.231,  0.0
05.12.2025 11:25:51.111,  0.0
05.12.2025 11:25:55.270,  0.0
05.12.2025 11:25:59.230,  0.0
05.12.2025 11:26:03.100,  0.0
05.12.2025 11:26:07.100,  0.0
05.12.2025 11:26:11.110,  0.0
05.12.2025 11:26:15.111,  0.0
05.12.2025 11:26:19.310,  0.0
05.12.2025 11:26:23.112,  0.0
05.12.2025 11:26:27.110,  0.0
05.12.2025 11:26:31.220,  0.0
05.12.2025 11:26:35.220,  0.0
05.12.2025 11:26:39.220,  0.0
05.12.2025 11:26:43.230,  0.0
05.12.2025 11:26:47.120,  0.0
05.12.2025 11:26:51.110,  0.0
05.12.2025 11:26:55.120,  0.0
05.12.2025 11:26:59.120,  0.0
05.12.2025 11:27:03.120,  0.0
05.12.2025 11:27:07.220,  0.0
05.12.2025 11:27:11.120,  0.0
05.12.2025 11:27:15.221,  0.0
05.12.2025 11:27:19.220,  0.0
05.12.2025 11:27:23.220,  0.0
05.12.2025 11:27:27.120,  0.0
05.12.2025 11:27:31.110,  0.0
05.12.2025 11:27:35.120,  0.0
05.12.2025 11:27:39.110,  0.0
05.12.2025 11:27:43.120,  0.0
05.12.2025 11:27:47.120,  0.0
05.12.2025 11:27:51.220,  0.0
05.12.2025 11:27:55.460,  0.0
05.12.2025 11:27:59.130,  0.0
05.12.2025 11:28:03.130,  0.0
05.12.2025 11:28:07.180,  0.0
05.12.2025 11:28:11.340,  0.0
05.12.2025 11:28:15.260,  0.0
05.12.2025 11:28:19.220,  0.0
05.12.2025 11:28:23.220,  0.0
05.12.2025 11:28:27.120,  0.0
05.12.2025 11:28:31.130,  0.0
05.12.2025 11:28:35.120,  0.0
05.12.2025 11:28:39.130,  0.0
05.12.2025 11:28:43.130,  0.0
05.12.2025 11:28:47.141,  0.0
05.12.2025 11:28:51.155,  0.0
05.12.2025 11:28:55.234,  0.0
05.12.2025 11:28:59.234,  0.0
05.12.2025 11:29:03.154,  0.0
05.12.2025 11:29:07.234,  0.0
05.12.2025 11:29:11.234,  0.0
05.12.2025 11:29:15.154,  0.0
05.12.2025 11:29:19.154,  0.0
05.12.2025 11:29:23.154,  0.0
05.12.2025 11:29:27.164,  0.0
05.12.2025 11:29:31.164,  0.0
05.12.2025 11:29:35.164,  0.0
05.12.2025 11:29:39.164,  0.0
05.12.2025 11:29:43.155,  0.0
05.12.2025 11:29:48.174,  3.1
05.12.2025 11:29:52.175,  3.1
05.12.2025 11:29:56.274,  3.1
05.12.2025 11:30:00.164,  3.1
05.12.2025 11:30:04.174,  3.1
05.12.2025 11:30:08.164,  3.1
05.12.2025 11:30:12.174,  3.1
05.12.2025 11:30:16.164,  3.1
05.12.2025 11:30:20.174,  3.1
05.12.2025 11:30:24.174,  3.1
05.12.2025 11:30:28.174,  3.1
05.12.2025 11:30:32.164,  3.1
05.12.2025 11:30:36.264,  3.1
05.12.2025 11:30:40.264,  3.1
05.12.2025 11:30:44.175,  3.1
05.12.2025 11:30:48.174,  3.1
05.12.2025 11:30:52.264,  3.1
05.12.2025 11:30:56.274,  3.1
05.12.2025 11:31:00.164,  3.1
05.12.2025 11:31:04.174,  3.1
05.12.2025 11:31:08.174,  3.1
05.12.2025 11:31:12.175,  3.1
05.12.2025 11:31:16.164,  3.1
05.12.2025 11:31:20.164,  3.1
05.12.2025 11:31:24.174,  3.1
05.12.2025 11:31:28.264,  3.1
05.12.2025 11:31:32.174,  3.1
05.12.2025 11:31:36.174,  3.1
05.12.2025 11:31:40.164,  3.1
05.12.2025 11:31:44.164,  3.1
05.12.2025 11:31:48.184,  3.1
05.12.2025 11:31:52.185,  3.1
05.12.2025 11:31:56.264,  3.1
05.12.2025 11:32:00.184,  3.1
05.12.2025 11:32:04.264,  3.1
05.12.2025 11:32:08.344,  3.1
05.12.2025 11:32:12.264,  3.1
05.12.2025 11:32:16.174,  3.1
05.12.2025 11:32:20.184,  3.1
05.12.2025 11:32:24.304,  3.1
05.12.2025 11:32:28.185,  3.1
05.12.2025 11:32:32.184,  3.1
05.12.2025 11:32:36.234,  3.1
05.12.2025 11:32:40.344,  3.1
05.12.2025 11:32:44.174,  3.1
05.12.2025 11:32:48.174,  3.1
05.12.2025 11:32:52.184,  3.1
05.12.2025 11:32:56.174,  3.1
05.12.2025 11:33:00.264,  3.1
05.12.2025 11:33:04.304,  3.1
05.12.2025 11:33:08.344,  3.1
05.12.2025 11:33:12.185,  3.1
05.12.2025 11:33:16.184,  3.1
05.12.2025 11:33:20.184,  3.1
05.12.2025 11:33:24.184,  3.1
05.12.2025 11:33:28.174,  3.1
05.12.2025 11:33:32.264,  3.1
05.12.2025 11:33:36.184,  3.1
05.12.2025 11:33:40.185,  3.1
05.12.2025 11:33:44.264,  3.1
05.12.2025 11:33:48.188,  3.1
05.12.2025 11:33:52.198,  3.1
05.12.2025 11:33:56.188,  3.1
05.12.2025 11:34:00.188,  3.1
05.12.2025 11:34:04.198,  3.1
05.12.2025 11:34:08.198,  3.1
05.12.2025 11:34:12.188,  3.1
05.12.2025 11:34:16.198,  3.1
05.12.2025 11:34:20.359,  3.1
05.12.2025 11:34:24.398,  3.1
05.12.2025 11:34:28.248,  3.1
05.12.2025 11:34:32.198,  3.1
05.12.2025 11:34:36.198,  3.1
05.12.2025 11:34:40.188,  3.1
05.12.2025 11:34:44.198,  3.1
05.12.2025 11:34:48.318,  3.1
05.12.2025 11:34:52.208,  3.1
05.12.2025 11:34:56.208,  3.1
05.12.2025 11:35:00.198,  3.1
05.12.2025 11:35:04.198,  3.1
05.12.2025 11:35:08.218,  3.1
05.12.2025 11:35:12.209,  3.1
05.12.2025 11:35:16.208,  3.1
05.12.2025 11:35:20.308,  3.1
05.12.2025 11:35:24.198,  3.1
05.12.2025 11:35:28.208,  3.1
05.12.2025 11:35:32.308,  3.1
05.12.2025 11:35:36.248,  3.1
05.12.2025 11:35:40.348,  3.1
05.12.2025 11:35:44.308,  3.1
05.12.2025 11:35:48.308,  3.1
05.12.2025 11:35:52.308,  3.1
05.12.2025 11:35:56.308,  3.1
05.12.2025 11:36:00.308,  3.1
05.12.2025 11:36:04.308,  3.1
05.12.2025 11:36:08.208,  3.1
05.12.2025 11:36:12.308,  3.1
05.12.2025 11:36:16.198,  3.1
05.12.2025 11:36:20.208,  3.1
05.12.2025 11:36:24.308,  3.1
05.12.2025 11:36:28.308,  3.1
05.12.2025 11:36:32.208,  3.1
05.12.2025 11:36:36.198,  3.1
05.12.2025 11:36:40.248,  3.1
05.12.2025 11:36:44.348,  3.1
05.12.2025 11:36:48.308,  3.1
05.12.2025 11:36:52.208,  3.1
05.12.2025 11:36:56.208,  3.1
05.12.2025 11:37:00.308,  3.1
05.12.2025 11:37:04.208,  3.1
05.12.2025 11:37:08.218,  3.1
05.12.2025 11:37:12.248,  3.1
05.12.2025 11:37:16.208,  3.1
05.12.2025 11:37:20.208,  3.1
05.12.2025 11:37:24.208,  3.1
05.12.2025 11:37:28.208,  3.1
05.12.2025 11:37:32.308,  3.1
05.12.2025 11:37:36.308,  3.1
05.12.2025 11:37:40.308,  3.1
05.12.2025 11:37:44.208,  3.1
05.12.2025 11:37:48.308,  3.1
05.12.2025 11:37:52.308,  3.1
05.12.2025 11:37:56.208,  3.1
05.12.2025 11:38:00.198,  3.1
05.12.2025 11:38:04.209,  3.1
05.12.2025 11:38:08.208,  3.1
05.12.2025 11:38:12.308,  3.1
05.12.2025 11:38:16.208,  3.1
05.12.2025 11:38:20.308,  3.1
05.12.2025 11:38:24.198,  3.1
05.12.2025 11:38:28.198,  3.1
05.12.2025 11:38:32.309,  3.1
05.12.2025 11:38:36.208,  3.1
05.12.2025 11:38:40.198,  3.1
05.12.2025 11:38:44.248,  3.1
05.12.2025 11:38:48.226,  3.1
05.12.2025 11:38:52.216,  3.1
05.12.2025 11:38:56.227,  3.1
05.12.2025 11:39:00.216,  3.1
05.12.2025 11:39:04.316,  3.1
05.12.2025 11:39:08.216,  3.1
05.12.2025 11:39:12.226,  3.1
05.12.2025 11:39:16.226,  3.1
05.12.2025 11:39:20.216,  3.1
05.12.2025 11:39:24.226,  3.1
05.12.2025 11:39:28.326,  3.1
05.12.2025 11:39:32.316,  3.1
05.12.2025 11:39:36.316,  3.1
05.12.2025 11:39:40.316,  3.1
05.12.2025 11:39:44.227,  3.1
05.12.2025 11:39:48.266,  3.1
05.12.2025 11:39:52.356,  3.1
05.12.2025 11:39:56.316,  3.1
05.12.2025 11:40:00.226,  3.1
05.12.2025 11:40:04.216,  3.1
05.12.2025 11:40:08.226,  3.1
05.12.2025 11:40:12.226,  3.1
05.12.2025 11:40:16.216,  3.1
05.12.2025 11:40:20.266,  3.1
05.12.2025 11:40:24.356,  3.1
05.12.2025 11:40:28.236,  3.1
05.12.2025 11:40:32.237,  3.1
05.12.2025 11:40:36.236,  3.1
05.12.2025 11:40:40.236,  3.1
05.12.2025 11:40:44.226,  3.1
05.12.2025 11:40:48.236,  3.1
05.12.2025 11:40:52.236,  0.2
05.12.2025 11:40:56.236,  0.2
05.12.2025 11:41:00.226,  0.2
05.12.2025 11:41:04.396,  0.1
05.12.2025 11:41:08.236,  0.0
05.12.2025 11:41:12.236,  0.0
05.12.2025 11:41:16.237,  0.0
05.12.2025 11:41:20.236,  0.0
05.12.2025 11:41:24.236,  0.0
05.12.2025 11:41:28.236,  0.0
05.12.2025 11:41:32.236,  0.0
05.12.2025 11:41:36.436,  0.0
05.12.2025 11:41:40.316,  0.0
05.12.2025 11:41:44.236,  0.0
05.12.2025 11:41:48.226,  0.0
05.12.2025 11:41:52.236,  0.0
05.12.2025 11:41:56.226,  0.0
05.12.2025 11:42:00.236,  0.0
05.12.2025 11:42:04.316,  0.0
05.12.2025 11:42:08.356,  0.0
05.12.2025 11:42:12.316,  0.0
05.12.2025 11:42:16.246,  0.0
05.12.2025 11:42:20.356,  0.0
05.12.2025 11:42:24.266,  0.0
05.12.2025 11:42:28.276,  0.0
05.12.2025 11:42:32.356,  0.0
05.12.2025 11:42:36.346,  0.0
05.12.2025 11:42:40.396,  0.0
05.12.2025 11:42:44.276,  0.0
05.12.2025 11:42:48.276,  0.0
05.12.2025 11:42:52.276,  0.0
05.12.2025 11:42:56.356,  0.0
05.12.2025 11:43:00.276,  0.0
05.12.2025 11:43:04.476,  0.0
05.12.2025 11:43:08.276,  0.0
05.12.2025 11:43:12.356,  0.0
05.12.2025 11:43:16.276,  0.0
05.12.2025 11:43:20.276,  0.0
05.12.2025 11:43:24.386,  0.0
05.12.2025 11:43:28.346,  0.0
05.12.2025 11:43:32.277,  0.0
05.12.2025 11:43:36.276,  0.0
05.12.2025 11:43:40.266,  0.0
05.12.2025 11:43:44.266,  0.0
05.12.2025 11:43:48.438,  0.0
05.12.2025 11:43:52.278,  0.0
05.12.2025 11:43:56.288,  0.0
05.12.2025 11:44:00.398,  0.0
05.12.2025 11:44:04.278,  0.0
05.12.2025 11:44:08.288,  0.0
05.12.2025 11:44:12.278,  0.0
05.12.2025 11:44:16.398,  0.1
05.12.2025 11:44:20.278,  0.1
05.12.2025 11:44:24.288,  0.0
05.12.2025 11:44:28.278,  0.0
05.12.2025 11:44:32.288,  0.0
05.12.2025 11:44:36.288,  0.0
05.12.2025 11:44:40.288,  0.0
05.12.2025 11:44:44.398,  0.0
05.12.2025 11:44:48.398,  0.0
05.12.2025 11:44:52.288,  0.0
05.12.2025 11:44:56.398,  0.0
05.12.2025 11:45:00.288,  0.0
05.12.2025 11:45:04.398,  0.0
05.12.2025 11:45:08.278,  0.0
05.12.2025 11:45:12.278,  0.0
05.12.2025 11:45:16.288,  0.0
05.12.2025 11:45:20.278,  0.0
05.12.2025 11:45:24.398,  0.0
05.12.2025 11:45:28.398,  0.0
05.12.2025 11:45:32.398,  0.0
05.12.2025 11:45:36.398,  0.0
05.12.2025 11:45:40.358,  0.0
05.12.2025 11:45:44.518,  0.0
05.12.2025 11:45:48.438,  0.1
05.12.2025 11:45:52.398,  0.1
05.12.2025 11:45:56.278,  0.1
05.12.2025 11:46:00.289,  0.1
05.12.2025 11:46:04.288,  0.1
05.12.2025 11:46:08.398,  0.1
05.12.2025 11:46:12.398,  0.1
05.12.2025 11:46:16.398,  0.0
05.12.2025 11:46:20.398,  0.0
05.12.2025 11:46:24.399,  0.0
05.12.2025 11:46:28.398,  0.0
05.12.2025 11:46:32.288,  0.0
05.12.2025 11:46:36.288,  0.0
05.12.2025 11:46:40.278,  0.0
05.12.2025 11:46:44.288,  0.0
05.12.2025 11:46:48.278,  0.0
05.12.2025 11:46:52.288,  0.0
05.12.2025 11:46:56.278,  0.0
05.12.2025 11:47:00.399,  0.0
05.12.2025 11:47:04.398,  0.0
05.12.2025 11:47:08.398,  0.0
05.12.2025 11:47:12.398,  0.0
05.12.2025 11:47:16.388,  0.0
05.12.2025 11:47:20.288,  0.0
05.12.2025 11:47:24.398,  0.0
05.12.2025 11:47:28.388,  0.0
05.12.2025 11:47:32.288,  0.0
05.12.2025 11:47:36.278,  0.0
05.12.2025 11:47:40.278,  0.0
05.12.2025 11:47:44.289,  0.0
05.12.2025 11:47:48.288,  0.0
05.12.2025 11:47:52.398,  0.0
05.12.2025 11:47:56.388,  0.0
05.12.2025 11:48:00.388,  0.0
05.12.2025 11:48:04.399,  0.0
05.12.2025 11:48:10.288,  2.3
05.12.2025 11:48:14.278,  2.3
05.12.2025 11:48:18.288,  2.3
05.12.2025 11:48:22.388,  2.3
05.12.2025 11:48:26.278,  2.3
05.12.2025 11:48:30.288,  2.3
05.12.2025 11:48:34.278,  2.3
05.12.2025 11:48:38.288,  2.3
05.12.2025 11:48:42.289,  2.3
05.12.2025 11:48:46.278,  2.3
05.12.2025 11:48:50.296,  2.3
05.12.2025 11:48:54.306,  2.3
05.12.2025 11:48:58.296,  2.3
05.12.2025 11:49:02.306,  2.3
05.12.2025 11:49:06.296,  2.3
05.12.2025 11:49:10.406,  2.3
05.12.2025 11:49:14.406,  2.3
05.12.2025 11:49:18.406,  2.3
05.12.2025 11:49:22.406,  2.3
05.12.2025 11:49:26.316,  2.3
05.12.2025 11:49:30.406,  2.3
05.12.2025 11:49:34.316,  2.3
05.12.2025 11:49:38.316,  2.3
05.12.2025 11:49:42.406,  2.3
05.12.2025 11:49:46.406,  2.3
05.12.2025 11:49:50.316,  2.3
05.12.2025 11:49:54.316,  2.3
05.12.2025 11:49:58.406,  2.3
05.12.2025 11:50:02.526,  2.3
05.12.2025 11:50:06.406,  2.3
05.12.2025 11:50:10.446,  2.3
05.12.2025 11:50:14.316,  2.3
05.12.2025 11:50:18.326,  2.3
05.12.2025 11:50:22.326,  2.3
05.12.2025 11:50:26.336,  2.3
05.12.2025 11:50:30.336,  2.3
05.12.2025 11:50:34.446,  2.3
05.12.2025 11:50:38.386,  2.3
05.12.2025 11:50:42.486,  2.3
05.12.2025 11:50:46.336,  2.3
05.12.2025 11:50:50.446,  2.3
05.12.2025 11:50:54.337,  2.3
05.12.2025 11:50:58.326,  2.3
05.12.2025 11:51:02.336,  2.3
05.12.2025 11:51:06.337,  2.3
05.12.2025 11:51:10.326,  2.3
05.12.2025 11:51:14.336,  2.3
05.12.2025 11:51:18.346,  2.3
05.12.2025 11:51:22.346,  2.3
05.12.2025 11:51:26.376,  2.3
05.12.2025 11:51:30.486,  2.3
05.12.2025 11:51:34.446,  2.3
05.12.2025 11:51:38.476,  2.3
05.12.2025 11:51:42.486,  2.3
05.12.2025 11:51:46.566,  2.3
05.12.2025 11:51:50.387,  2.3
05.12.2025 11:51:54.476,  2.3
05.12.2025 11:51:58.486,  2.3
05.12.2025 11:52:02.476,  2.3
05.12.2025 11:52:06.476,  2.3
05.12.2025 11:52:10.486,  2.3
05.12.2025 11:52:14.396,  2.3
05.12.2025 11:52:18.407,  2.3
05.12.2025 11:52:22.407,  2.3
05.12.2025 11:52:26.596,  2.3
05.12.2025 11:52:30.516,  2.3
05.12.2025 11:52:34.396,  2.3
05.12.2025 11:52:38.396,  2.3
05.12.2025 11:52:42.406,  2.3
05.12.2025 11:52:46.396,  2.3
05.12.2025 11:52:50.406,  2.3
05.12.2025 11:52:54.406,  2.3
05.12.2025 11:52:58.407,  2.3
05.12.2025 11:53:02.516,  2.3
05.12.2025 11:53:06.516,  0.2
05.12.2025 11:53:10.407,  0.2
05.12.2025 11:53:14.396,  0.1
05.12.2025 11:53:18.406,  0.1
05.12.2025 11:53:22.396,  0.0
05.12.2025 11:53:26.406,  0.0
05.12.2025 11:53:30.516,  0.0
05.12.2025 11:53:34.406,  0.0
05.12.2025 11:53:38.396,  0.0
05.12.2025 11:53:42.416,  0.0
05.12.2025 11:53:46.417,  0.0
05.12.2025 11:53:50.427,  0.0
05.12.2025 11:53:54.417,  0.0
05.12.2025 11:53:58.527,  0.0
05.12.2025 11:54:02.527,  0.0
05.12.2025 11:54:06.527,  0.0
05.12.2025 11:54:10.427,  0.0
05.12.2025 11:54:14.427,  0.0
05.12.2025 11:54:18.527,  0.0
05.12.2025 11:54:22.527,  0.0
05.12.2025 11:54:26.527,  0.0
05.12.2025 11:54:30.427,  0.0
05.12.2025 11:54:34.417,  0.0
05.12.2025 11:54:38.427,  0.0
05.12.2025 11:54:42.527,  0.0
05.12.2025 11:54:46.527,  0.0
05.12.2025 11:54:50.527,  0.0
05.12.2025 11:54:54.417,  0.0
05.12.2025 11:54:58.437,  0.0
05.12.2025 11:55:02.527,  0.0
05.12.2025 11:55:06.427,  0.0
05.12.2025 11:55:10.527,  0.0
05.12.2025 11:55:14.427,  0.0
05.12.2025 11:55:18.527,  0.0
05.12.2025 11:55:22.427,  0.0
05.12.2025 11:55:26.437,  0.0
05.12.2025 11:55:30.427,  0.0
05.12.2025 11:55:34.437,  0.0
05.12.2025 11:55:38.427,  0.0
05.12.2025 11:55:42.437,  0.0
05.12.2025 11:55:46.467,  0.0
05.12.2025 11:55:50.437,  0.0
05.12.2025 11:55:54.427,  0.0
05.12.2025 11:55:58.427,  0.0
05.12.2025 11:56:02.517,  0.0
05.12.2025 11:56:06.517,  0.0
05.12.2025 11:56:10.437,  0.0
05.12.2025 11:56:14.427,  0.0
05.12.2025 11:56:18.437,  0.0
05.12.2025 11:56:22.437,  0.0
05.12.2025 11:56:26.437,  0.0
05.12.2025 11:56:30.437,  0.1
05.12.2025 11:56:34.427,  0.1
05.12.2025 11:56:38.437,  0.0
05.12.2025 11:56:42.517,  0.0
05.12.2025 11:56:46.437,  0.0
05.12.2025 11:56:50.517,  0.0
05.12.2025 11:56:54.517,  0.0
05.12.2025 11:56:58.437,  0.0
05.12.2025 11:57:02.557,  0.0
05.12.2025 11:57:06.447,  0.0
05.12.2025 11:57:10.447,  0.0
05.12.2025 11:57:14.447,  0.0
05.12.2025 11:57:18.447,  0.0
05.12.2025 11:57:22.477,  0.0
05.12.2025 11:57:26.557,  0.0
05.12.2025 11:57:30.557,  0.0
05.12.2025 11:57:34.557,  0.0
05.12.2025 11:57:38.447,  0.0
05.12.2025 11:57:42.557,  0.0
05.12.2025 11:57:46.437,  0.0
05.12.2025 11:57:50.557,  0.0
05.12.2025 11:57:54.447,  0.0
05.12.2025 11:57:58.447,  0.0
05.12.2025 11:58:02.447,  0.0
05.12.2025 11:58:06.557,  0.0
05.12.2025 11:58:10.477,  0.0
05.12.2025 11:58:14.557,  0.1
05.12.2025 11:58:18.557,  0.1
05.12.2025 11:58:22.557,  0.1
05.12.2025 11:58:26.557,  0.1
05.12.2025 11:58:30.447,  0.0
05.12.2025 11:58:34.447,  0.0
05.12.2025 11:58:38.447,  0.0
05.12.2025 11:58:42.447,  0.0
05.12.2025 11:58:46.437,  0.0
05.12.2025 11:58:50.572,  0.0
05.12.2025 11:58:54.572,  0.0
05.12.2025 11:58:58.482,  0.0
05.12.2025 11:59:02.572,  0.0
05.12.2025 11:59:06.572,  0.0
05.12.2025 11:59:10.452,  0.0
05.12.2025 11:59:14.572,  0.0
05.12.2025 11:59:18.452,  0.0
05.12.2025 11:59:22.452,  0.0
05.12.2025 11:59:26.462,  0.0
05.12.2025 11:59:30.462,  0.0
05.12.2025 11:59:34.573,  0.0
05.12.2025 11:59:38.573,  0.0
05.12.2025 11:59:42.572,  0.0
05.12.2025 11:59:46.492,  0.0
05.12.2025 11:59:50.612,  0.0
05.12.2025 11:59:54.572,  0.0
05.12.2025 11:59:58.462,  0.0
05.12.2025 12:00:02.462,  0.0
05.12.2025 12:00:06.452,  0.0
05.12.2025 12:00:10.463,  0.0
05.12.2025 12:00:14.462,  0.0
05.12.2025 12:00:18.562,  0.0
05.12.2025 12:00:22.562,  0.0
05.12.2025 12:00:26.572,  0.0
05.12.2025 12:00:30.562,  0.0
05.12.2025 12:00:34.472,  0.0
05.12.2025 12:00:38.472,  0.0
05.12.2025 12:00:42.462,  0.0
05.12.2025 12:00:46.472,  0.0
05.12.2025 12:00:50.472,  0.0
05.12.2025 12:00:54.472,  0.0
05.12.2025 12:00:58.472,  0.0
05.12.2025 12:01:02.462,  0.0
05.12.2025 12:01:06.462,  0.0
05.12.2025 12:01:12.472,  2.8
05.12.2025 12:01:16.462,  2.8
05.12.2025 12:01:20.562,  2.7
05.12.2025 12:01:24.472,  2.8
05.12.2025 12:01:28.473,  2.8
05.12.2025 12:01:32.462,  2.8
05.12.2025 12:01:36.472,  2.8
05.12.2025 12:01:40.562,  2.8
05.12.2025 12:01:44.472,  2.8
05.12.2025 12:01:48.462,  2.8
05.12.2025 12:01:52.562,  2.7
05.12.2025 12:01:56.472,  2.7
05.12.2025 12:02:00.462,  2.8
05.12.2025 12:02:04.472,  2.7
05.12.2025 12:02:08.562,  2.8
05.12.2025 12:02:12.562,  2.7
05.12.2025 12:02:16.462,  2.7
05.12.2025 12:02:20.462,  2.7
05.12.2025 12:02:24.462,  2.8
05.12.2025 12:02:28.472,  2.8
05.12.2025 12:02:32.562,  2.7
05.12.2025 12:02:36.562,  2.7
05.12.2025 12:02:40.562,  2.7
05.12.2025 12:02:44.462,  2.8
05.12.2025 12:02:48.462,  2.7
05.12.2025 12:02:52.472,  2.7
05.12.2025 12:02:56.462,  2.8
05.12.2025 12:03:00.472,  2.8
05.12.2025 12:03:04.562,  2.8
05.12.2025 12:03:08.562,  2.7
05.12.2025 12:03:12.562,  2.8
05.12.2025 12:03:16.562,  2.7
05.12.2025 12:03:20.562,  2.8
05.12.2025 12:03:24.562,  2.8
05.12.2025 12:03:28.562,  2.7
05.12.2025 12:03:32.472,  2.8
05.12.2025 12:03:36.562,  2.8
05.12.2025 12:03:40.562,  2.8
05.12.2025 12:03:44.492,  2.7
05.12.2025 12:03:48.612,  2.8
05.12.2025 12:03:52.472,  2.8
05.12.2025 12:03:56.482,  2.7
05.12.2025 12:04:00.482,  2.8
05.12.2025 12:04:04.482,  2.7
05.12.2025 12:04:08.572,  2.7
05.12.2025 12:04:12.572,  2.7
05.12.2025 12:04:16.572,  2.8
05.12.2025 12:04:20.572,  2.8
05.12.2025 12:04:24.482,  2.8
05.12.2025 12:04:28.492,  2.8
05.12.2025 12:04:32.682,  2.8
05.12.2025 12:04:36.482,  2.8
05.12.2025 12:04:40.492,  2.7
05.12.2025 12:04:44.482,  2.8
05.12.2025 12:04:48.652,  2.7
05.12.2025 12:04:52.492,  2.7
05.12.2025 12:04:56.482,  2.7
05.12.2025 12:05:00.482,  2.7
05.12.2025 12:05:04.493,  2.8
05.12.2025 12:05:08.602,  2.8
05.12.2025 12:05:12.602,  2.7
05.12.2025 12:05:16.682,  2.8
05.12.2025 12:05:20.482,  2.8
05.12.2025 12:05:24.492,  2.8
05.12.2025 12:05:28.482,  2.8
05.12.2025 12:05:32.492,  2.7
05.12.2025 12:05:36.502,  2.8
05.12.2025 12:05:40.602,  2.7
05.12.2025 12:05:44.513,  2.7
05.12.2025 12:05:48.512,  2.7
05.12.2025 12:05:52.502,  2.7
05.12.2025 12:05:56.502,  2.7
05.12.2025 12:06:00.602,  2.8
05.12.2025 12:06:04.842,  2.8
05.12.2025 12:06:08.502,  2.7
05.12.2025 12:06:12.512,  2.8
05.12.2025 12:06:16.682,  2.7
05.12.2025 12:06:20.522,  2.7
05.12.2025 12:06:24.522,  2.7
05.12.2025 12:06:28.642,  2.7
05.12.2025 12:06:32.602,  2.7
05.12.2025 12:06:36.722,  2.7
05.12.2025 12:06:40.602,  2.7
05.12.2025 12:06:44.512,  2.7
05.12.2025 12:06:48.532,  2.8
05.12.2025 12:06:52.522,  2.8
05.12.2025 12:06:56.552,  2.7
05.12.2025 12:07:00.552,  2.8
05.12.2025 12:07:04.642,  2.7
05.12.2025 12:07:08.642,  2.8
05.12.2025 12:07:12.572,  2.7
05.12.2025 12:07:16.682,  2.7
05.12.2025 12:07:20.642,  0.3
05.12.2025 12:07:24.642,  0.2
05.12.2025 12:07:28.642,  0.2
05.12.2025 12:07:32.542,  0.1
05.12.2025 12:07:36.552,  0.1
05.12.2025 12:07:40.642,  0.0
05.12.2025 12:07:44.642,  0.0
05.12.2025 12:07:48.642,  0.0
05.12.2025 12:07:52.552,  0.0
05.12.2025 12:07:56.552,  0.0
05.12.2025 12:08:00.542,  0.0
05.12.2025 12:08:04.542,  0.0
05.12.2025 12:08:08.542,  0.0
05.12.2025 12:08:12.642,  0.0
05.12.2025 12:08:16.552,  0.0
05.12.2025 12:08:20.542,  0.0
05.12.2025 12:08:24.552,  0.0
05.12.2025 12:08:28.542,  0.0
05.12.2025 12:08:32.582,  0.0
05.12.2025 12:08:36.552,  0.0
05.12.2025 12:08:40.642,  0.0
05.12.2025 12:08:44.552,  0.0
05.12.2025 12:08:48.565,  0.0
05.12.2025 12:08:52.565,  0.0
05.12.2025 12:08:56.575,  0.0
05.12.2025 12:09:00.565,  0.0
05.12.2025 12:09:04.655,  0.0
05.12.2025 12:09:08.575,  0.0
05.12.2025 12:09:12.655,  0.0
05.12.2025 12:09:16.575,  0.0
05.12.2025 12:09:20.655,  0.0
05.12.2025 12:09:24.575,  0.0
05.12.2025 12:09:28.586,  0.0
05.12.2025 12:09:32.575,  0.0
05.12.2025 12:09:36.585,  0.0
05.12.2025 12:09:40.705,  0.0
05.12.2025 12:09:44.695,  0.0
05.12.2025 12:09:48.695,  0.0
05.12.2025 12:09:52.585,  0.0
05.12.2025 12:09:56.695,  0.0
05.12.2025 12:10:00.695,  0.0
05.12.2025 12:10:04.585,  0.0
05.12.2025 12:10:08.695,  0.0
05.12.2025 12:10:12.585,  0.0
05.12.2025 12:10:16.575,  0.0
05.12.2025 12:10:20.696,  0.0
05.12.2025 12:10:24.585,  0.0
05.12.2025 12:10:28.585,  0.0
05.12.2025 12:10:32.585,  0.0
05.12.2025 12:10:36.695,  0.0
05.12.2025 12:10:40.585,  0.0
05.12.2025 12:10:44.575,  0.1
05.12.2025 12:10:48.695,  0.1
05.12.2025 12:10:52.695,  0.0
05.12.2025 12:10:56.585,  0.0
05.12.2025 12:11:00.595,  0.0
05.12.2025 12:11:04.596,  0.0
05.12.2025 12:11:08.695,  0.0
05.12.2025 12:11:12.595,  0.0
05.12.2025 12:11:16.595,  0.0
05.12.2025 12:11:20.695,  0.0
05.12.2025 12:11:24.595,  0.0
05.12.2025 12:11:28.695,  0.0
05.12.2025 12:11:32.596,  0.0
05.12.2025 12:11:36.695,  0.0
05.12.2025 12:11:40.595,  0.0
05.12.2025 12:11:44.585,  0.0
05.12.2025 12:11:48.595,  0.0
05.12.2025 12:11:52.595,  0.0
05.12.2025 12:11:56.695,  0.0
05.12.2025 12:12:00.605,  0.0
05.12.2025 12:12:04.595,  0.0
05.12.2025 12:12:08.585,  0.0
05.12.2025 12:12:12.595,  0.0
05.12.2025 12:12:16.695,  0.0
05.12.2025 12:12:20.695,  0.0
05.12.2025 12:12:24.595,  0.0
05.12.2025 12:12:28.695,  0.1
05.12.2025 12:12:32.595,  0.1
05.12.2025 12:12:36.585,  0.1
05.12.2025 12:12:40.595,  0.1
05.12.2025 12:12:44.585,  0.0
05.12.2025 12:12:48.595,  0.0
05.12.2025 12:12:52.585,  0.0
05.12.2025 12:12:56.585,  0.0
05.12.2025 12:13:00.595,  0.0
05.12.2025 12:13:04.695,  0.0
05.12.2025 12:13:08.695,  0.0
05.12.2025 12:13:12.695,  0.0
05.12.2025 12:13:16.605,  0.0
05.12.2025 12:13:20.685,  0.0
05.12.2025 12:13:24.685,  0.0
05.12.2025 12:13:28.695,  0.0
05.12.2025 12:13:32.685,  0.0
05.12.2025 12:13:36.695,  0.0
05.12.2025 12:13:40.605,  0.0
05.12.2025 12:13:44.605,  0.0
05.12.2025 12:13:48.621,  0.0
05.12.2025 12:13:52.611,  0.0
05.12.2025 12:13:56.622,  0.0
05.12.2025 12:14:00.621,  0.0
05.12.2025 12:14:04.701,  0.0
05.12.2025 12:14:08.621,  0.0
05.12.2025 12:14:12.621,  0.0
05.12.2025 12:14:16.621,  0.0
05.12.2025 12:14:20.621,  0.0
05.12.2025 12:14:24.621,  0.0
05.12.2025 12:14:28.621,  0.0
05.12.2025 12:14:32.621,  0.0
05.12.2025 12:14:36.701,  0.0
05.12.2025 12:14:40.611,  0.0
05.12.2025 12:14:44.701,  0.0
05.12.2025 12:14:48.701,  0.0
05.12.2025 12:14:52.701,  0.0
05.12.2025 12:14:57.621,  2.1
05.12.2025 12:15:01.621,  2.1
05.12.2025 12:15:05.701,  2.1
05.12.2025 12:15:09.621,  2.1
05.12.2025 12:15:13.621,  2.1
05.12.2025 12:15:17.821,  2.1
05.12.2025 12:15:21.621,  2.1
05.12.2025 12:15:25.621,  2.1
05.12.2025 12:15:29.621,  2.1
05.12.2025 12:15:33.621,  2.1
05.12.2025 12:15:37.611,  2.1
05.12.2025 12:15:41.621,  2.1
05.12.2025 12:15:45.611,  2.1
05.12.2025 12:15:49.621,  2.1
05.12.2025 12:15:53.611,  2.1
05.12.2025 12:15:57.701,  2.1
05.12.2025 12:16:01.701,  2.1
05.12.2025 12:16:05.701,  2.1
05.12.2025 12:16:09.741,  2.1
05.12.2025 12:16:13.821,  2.1
05.12.2025 12:16:17.621,  2.1
05.12.2025 12:16:21.611,  2.1
05.12.2025 12:16:25.701,  2.1
05.12.2025 12:16:29.622,  2.1
05.12.2025 12:16:33.621,  2.1
05.12.2025 12:16:37.611,  2.1
05.12.2025 12:16:41.621,  2.1
05.12.2025 12:16:45.621,  2.1
05.12.2025 12:16:49.611,  2.1
05.12.2025 12:16:53.631,  2.1
05.12.2025 12:16:57.741,  2.1
05.12.2025 12:17:01.741,  2.1
05.12.2025 12:17:05.741,  2.1
05.12.2025 12:17:09.641,  2.1
05.12.2025 12:17:13.631,  2.1
05.12.2025 12:17:17.641,  2.1
05.12.2025 12:17:21.631,  2.1
05.12.2025 12:17:25.641,  2.1
05.12.2025 12:17:29.741,  2.1
05.12.2025 12:17:33.741,  2.1
05.12.2025 12:17:37.731,  2.1
05.12.2025 12:17:41.642,  2.1
05.12.2025 12:17:45.641,  2.1
05.12.2025 12:17:49.631,  2.1
05.12.2025 12:17:53.641,  2.1
05.12.2025 12:17:57.631,  2.1
05.12.2025 12:18:01.741,  2.1
05.12.2025 12:18:05.731,  2.1
05.12.2025 12:18:09.731,  2.1
05.12.2025 12:18:13.741,  2.1
05.12.2025 12:18:17.741,  2.1
05.12.2025 12:18:21.741,  2.1
05.12.2025 12:18:25.741,  2.1
05.12.2025 12:18:29.631,  2.1
05.12.2025 12:18:33.631,  2.1
05.12.2025 12:18:37.631,  2.1
05.12.2025 12:18:41.641,  2.1
05.12.2025 12:18:45.641,  2.1
05.12.2025 12:18:49.641,  2.1
05.12.2025 12:18:53.641,  2.1
05.12.2025 12:18:57.641,  2.1
05.12.2025 12:19:01.641,  2.1
05.12.2025 12:19:05.651,  2.1
05.12.2025 12:19:09.741,  2.1
05.12.2025 12:19:13.641,  2.1
05.12.2025 12:19:17.651,  2.1
05.12.2025 12:19:21.641,  2.1
05.12.2025 12:19:25.651,  2.1
05.12.2025 12:19:29.651,  2.1
05.12.2025 12:19:33.821,  2.1
05.12.2025 12:19:37.661,  2.1
05.12.2025 12:19:41.651,  2.1
05.12.2025 12:19:45.651,  2.1
05.12.2025 12:19:49.651,  2.1
05.12.2025 12:19:53.741,  2.1
05.12.2025 12:19:57.661,  2.1
05.12.2025 12:20:01.651,  2.1
05.12.2025 12:20:05.661,  2.1
05.12.2025 12:20:09.662,  2.1
05.12.2025 12:20:13.821,  2.1
05.12.2025 12:20:17.661,  2.1
05.12.2025 12:20:21.671,  0.2
05.12.2025 12:20:25.671,  0.1
05.12.2025 12:20:29.661,  0.1
05.12.2025 12:20:33.661,  0.0
05.12.2025 12:20:37.672,  0.0
05.12.2025 12:20:41.671,  0.0
05.12.2025 12:20:45.671,  0.0
05.12.2025 12:20:49.661,  0.0
05.12.2025 12:20:53.661,  0.0
05.12.2025 12:20:57.781,  0.0
05.12.2025 12:21:01.781,  0.0
05.12.2025 12:21:05.661,  0.0
05.12.2025 12:21:09.671,  0.0
05.12.2025 12:21:13.671,  0.0
05.12.2025 12:21:17.681,  0.0
05.12.2025 12:21:21.681,  0.0
05.12.2025 12:21:25.671,  0.0
05.12.2025 12:21:29.681,  0.0
05.12.2025 12:21:33.671,  0.0
05.12.2025 12:21:37.681,  0.0
05.12.2025 12:21:41.781,  0.0
05.12.2025 12:21:45.781,  0.0
05.12.2025 12:21:49.781,  0.0
05.12.2025 12:21:53.891,  0.0
05.12.2025 12:21:57.701,  0.0
05.12.2025 12:22:01.811,  0.0
05.12.2025 12:22:05.811,  0.0
05.12.2025 12:22:09.821,  0.0
05.12.2025 12:22:13.811,  0.0
05.12.2025 12:22:17.811,  0.0
05.12.2025 12:22:21.741,  0.0
05.12.2025 12:22:25.941,  0.0
05.12.2025 12:22:29.851,  0.0
05.12.2025 12:22:33.731,  0.0
05.12.2025 12:22:37.851,  0.0
05.12.2025 12:22:41.731,  0.0
05.12.2025 12:22:45.891,  0.0
05.12.2025 12:22:49.811,  0.0
05.12.2025 12:22:53.931,  0.0
05.12.2025 12:22:57.811,  0.0
05.12.2025 12:23:01.851,  0.0
05.12.2025 12:23:05.851,  0.0
05.12.2025 12:23:09.741,  0.0
05.12.2025 12:23:13.811,  0.0
05.12.2025 12:23:17.741,  0.0
05.12.2025 12:23:21.742,  0.0
05.12.2025 12:23:25.851,  0.0
05.12.2025 12:23:29.741,  0.0
05.12.2025 12:23:33.741,  0.0
05.12.2025 12:23:37.741,  0.0
05.12.2025 12:23:41.741,  0.0
05.12.2025 12:23:45.741,  0.0
05.12.2025 12:23:49.755,  0.0
05.12.2025 12:23:53.865,  0.0
05.12.2025 12:23:57.865,  0.0
05.12.2025 12:24:01.765,  0.0
05.12.2025 12:24:05.745,  0.0
05.12.2025 12:24:09.865,  0.0
05.12.2025 12:24:13.755,  0.0
05.12.2025 12:24:17.756,  0.0
05.12.2025 12:24:21.745,  0.0
05.12.2025 12:24:25.865,  0.0
05.12.2025 12:24:29.865,  0.0
05.12.2025 12:24:33.865,  0.0
05.12.2025 12:24:37.865,  0.0
05.12.2025 12:24:41.765,  0.0
05.12.2025 12:24:45.865,  0.0
05.12.2025 12:24:49.865,  0.0
05.12.2025 12:24:53.865,  0.0
05.12.2025 12:24:57.745,  0.0
05.12.2025 12:25:01.755,  0.0
05.12.2025 12:25:05.755,  0.0
05.12.2025 12:25:09.755,  0.0
05.12.2025 12:25:13.865,  0.1
05.12.2025 12:25:17.865,  0.1
05.12.2025 12:25:21.765,  0.1
05.12.2025 12:25:25.865,  0.1
05.12.2025 12:25:29.865,  0.1
05.12.2025 12:25:33.866,  0.0
05.12.2025 12:25:37.865,  0.0
05.12.2025 12:25:41.865,  0.0
05.12.2025 12:25:45.866,  0.0
05.12.2025 12:25:49.865,  0.0
05.12.2025 12:25:53.865,  0.0
05.12.2025 12:25:57.865,  0.0
05.12.2025 12:26:01.765,  0.0
05.12.2025 12:26:05.865,  0.0
05.12.2025 12:26:09.865,  0.0
05.12.2025 12:26:13.745,  0.0
05.12.2025 12:26:17.755,  0.0
05.12.2025 12:26:21.766,  0.0
05.12.2025 12:26:25.755,  0.0
05.12.2025 12:26:29.765,  0.0
05.12.2025 12:26:33.855,  0.0
05.12.2025 12:26:37.765,  0.0
05.12.2025 12:26:41.765,  0.0
05.12.2025 12:26:45.765,  0.0
05.12.2025 12:26:49.765,  0.0
05.12.2025 12:26:53.755,  0.0
05.12.2025 12:26:58.765,  1.5
05.12.2025 12:27:02.765,  1.5
05.12.2025 12:27:06.855,  1.5
05.12.2025 12:27:10.755,  1.5
05.12.2025 12:27:14.765,  1.5
05.12.2025 12:27:18.766,  1.5
05.12.2025 12:27:22.755,  1.5
05.12.2025 12:27:26.765,  1.5
05.12.2025 12:27:30.755,  1.5
05.12.2025 12:27:34.765,  1.5
05.12.2025 12:27:38.755,  1.5
05.12.2025 12:27:42.765,  1.5
05.12.2025 12:27:46.766,  1.5
05.12.2025 12:27:50.765,  1.5
05.12.2025 12:27:54.766,  1.5
05.12.2025 12:27:58.765,  1.5
05.12.2025 12:28:02.755,  1.5
05.12.2025 12:28:06.765,  1.5
05.12.2025 12:28:10.855,  1.5
05.12.2025 12:28:14.855,  1.5
05.12.2025 12:28:18.765,  1.5
05.12.2025 12:28:22.765,  1.5
05.12.2025 12:28:26.755,  1.5
05.12.2025 12:28:30.765,  1.5
05.12.2025 12:28:34.765,  1.5
05.12.2025 12:28:38.766,  1.5
05.12.2025 12:28:42.855,  1.5
05.12.2025 12:28:46.855,  1.5
05.12.2025 12:28:50.869,  1.5
05.12.2025 12:28:54.779,  1.5
05.12.2025 12:28:58.779,  1.5
05.12.2025 12:29:02.769,  1.5
05.12.2025 12:29:06.769,  1.5
05.12.2025 12:29:10.779,  1.5
05.12.2025 12:29:14.909,  1.5
05.12.2025 12:29:18.819,  1.5
05.12.2025 12:29:22.949,  1.5
05.12.2025 12:29:26.909,  1.5
05.12.2025 12:29:30.809,  1.5
05.12.2025 12:29:34.809,  1.5
05.12.2025 12:29:38.809,  1.5
05.12.2025 12:29:42.809,  1.5
05.12.2025 12:29:46.799,  1.5
05.12.2025 12:29:50.909,  1.5
05.12.2025 12:29:54.909,  1.5
05.12.2025 12:29:58.910,  1.5
05.12.2025 12:30:02.910,  1.5
05.12.2025 12:30:06.910,  1.5
05.12.2025 12:30:10.809,  1.5
05.12.2025 12:30:14.809,  1.5
05.12.2025 12:30:18.809,  1.5
05.12.2025 12:30:22.809,  1.5
05.12.2025 12:30:26.809,  1.5
05.12.2025 12:30:30.809,  1.5
05.12.2025 12:30:34.799,  1.5
05.12.2025 12:30:38.909,  1.5
05.12.2025 12:30:42.899,  1.5
05.12.2025 12:30:46.909,  1.5
05.12.2025 12:30:50.899,  1.5
05.12.2025 12:30:54.909,  1.5
05.12.2025 12:30:58.799,  1.5
05.12.2025 12:31:02.809,  1.5
05.12.2025 12:31:06.899,  1.5
05.12.2025 12:31:10.899,  1.5
05.12.2025 12:31:14.899,  1.5
05.12.2025 12:31:18.899,  1.5
05.12.2025 12:31:22.810,  1.5
05.12.2025 12:31:26.799,  1.5
05.12.2025 12:31:30.819,  1.5
05.12.2025 12:31:34.809,  1.5
05.12.2025 12:31:38.809,  1.5
05.12.2025 12:31:42.819,  1.5
05.12.2025 12:31:46.809,  1.5
05.12.2025 12:31:50.819,  1.5
05.12.2025 12:31:54.820,  1.5
05.12.2025 12:31:58.939,  1.5
05.12.2025 12:32:02.979,  1.5
05.12.2025 12:32:06.809,  1.5
05.12.2025 12:32:10.819,  1.5
05.12.2025 12:32:14.809,  1.5
05.12.2025 12:32:18.819,  1.5
05.12.2025 12:32:22.979,  1.5
05.12.2025 12:32:26.899,  1.5
05.12.2025 12:32:30.979,  1.5
05.12.2025 12:32:34.819,  1.5
05.12.2025 12:32:38.819,  1.5
05.12.2025 12:32:42.939,  1.5
05.12.2025 12:32:46.899,  1.5
05.12.2025 12:32:50.899,  1.5
05.12.2025 12:32:54.819,  1.5
05.12.2025 12:32:58.809,  1.5
05.12.2025 12:33:02.899,  1.5
05.12.2025 12:33:06.899,  1.5
05.12.2025 12:33:10.819,  1.5
05.12.2025 12:33:14.819,  1.5
05.12.2025 12:33:18.819,  1.5
05.12.2025 12:33:22.820,  1.5
05.12.2025 12:33:26.819,  1.5
05.12.2025 12:33:30.820,  1.5
05.12.2025 12:33:34.809,  1.5
05.12.2025 12:33:38.899,  1.5
05.12.2025 12:33:42.899,  1.5
05.12.2025 12:33:46.979,  1.5
05.12.2025 12:33:50.914,  1.5
05.12.2025 12:33:54.954,  1.5
05.12.2025 12:33:58.914,  1.5
05.12.2025 12:34:02.834,  1.5
05.12.2025 12:34:06.834,  1.5
05.12.2025 12:34:10.824,  1.5
05.12.2025 12:34:14.834,  1.5
05.12.2025 12:34:18.824,  1.5
05.12.2025 12:34:22.834,  1.5
05.12.2025 12:34:26.835,  1.5
05.12.2025 12:34:30.834,  1.5
05.12.2025 12:34:34.824,  1.5
05.12.2025 12:34:38.994,  1.5
05.12.2025 12:34:42.944,  1.5
05.12.2025 12:34:46.904,  1.5
05.12.2025 12:34:50.954,  1.5
05.12.2025 12:34:54.834,  1.5
05.12.2025 12:34:58.834,  1.5
05.12.2025 12:35:02.824,  1.5
05.12.2025 12:35:06.834,  1.5
05.12.2025 12:35:10.824,  1.5
05.12.2025 12:35:14.984,  1.5
05.12.2025 12:35:18.944,  1.5
05.12.2025 12:35:22.944,  1.5
05.12.2025 12:35:26.904,  1.5
05.12.2025 12:35:31.024,  1.5
05.12.2025 12:35:35.024,  1.5
05.12.2025 12:35:38.834,  1.5
05.12.2025 12:35:42.824,  1.5
05.12.2025 12:35:46.834,  1.5
05.12.2025 12:35:50.824,  1.5
05.12.2025 12:35:54.984,  1.5
05.12.2025 12:35:58.944,  1.5
05.12.2025 12:36:02.944,  1.5
05.12.2025 12:36:06.824,  1.5
05.12.2025 12:36:10.834,  1.5
05.12.2025 12:36:14.944,  1.5
05.12.2025 12:36:18.944,  1.5
05.12.2025 12:36:22.944,  1.5
05.12.2025 12:36:26.944,  1.5
05.12.2025 12:36:30.944,  1.5
05.12.2025 12:36:34.944,  1.5
05.12.2025 12:36:38.944,  1.5
05.12.2025 12:36:42.944,  1.5
05.12.2025 12:36:46.864,  1.5
05.12.2025 12:36:50.854,  1.5
05.12.2025 12:36:54.864,  1.5
05.12.2025 12:36:58.864,  1.5
05.12.2025 12:37:02.864,  1.5
05.12.2025 12:37:06.984,  1.5
05.12.2025 12:37:10.984,  1.5
05.12.2025 12:37:14.984,  1.5
05.12.2025 12:37:18.984,  1.5
05.12.2025 12:37:22.984,  1.5
05.12.2025 12:37:26.984,  1.5
05.12.2025 12:37:30.984,  1.5
05.12.2025 12:37:34.875,  1.5
05.12.2025 12:37:38.984,  1.5
05.12.2025 12:37:42.874,  1.5
05.12.2025 12:37:46.864,  1.5
05.12.2025 12:37:50.864,  1.5
05.12.2025 12:37:54.864,  1.5
05.12.2025 12:37:58.984,  1.5
05.12.2025 12:38:02.984,  1.5
05.12.2025 12:38:06.914,  1.5
05.12.2025 12:38:11.024,  1.5
05.12.2025 12:38:14.984,  1.5
05.12.2025 12:38:18.874,  1.5
05.12.2025 12:38:22.874,  1.5
05.12.2025 12:38:26.984,  1.5
05.12.2025 12:38:30.874,  1.5
05.12.2025 12:38:34.864,  1.5
05.12.2025 12:38:38.984,  1.5
05.12.2025 12:38:42.914,  1.5
05.12.2025 12:38:47.024,  1.5
05.12.2025 12:38:51.004,  1.5
05.12.2025 12:38:54.994,  1.5
05.12.2025 12:38:58.994,  1.5
05.12.2025 12:39:02.994,  1.5
05.12.2025 12:39:06.894,  1.5
05.12.2025 12:39:10.884,  1.5
05.12.2025 12:39:14.884,  1.5
05.12.2025 12:39:18.894,  1.5
05.12.2025 12:39:22.884,  1.5
05.12.2025 12:39:27.004,  1.5
05.12.2025 12:39:30.994,  1.5
05.12.2025 12:39:34.884,  1.5
05.12.2025 12:39:39.004,  1.5
05.12.2025 12:39:42.994,  1.5
05.12.2025 12:39:46.994,  1.5
05.12.2025 12:39:50.994,  1.5
05.12.2025 12:39:54.894,  1.5
05.12.2025 12:39:58.994,  1.5
05.12.2025 12:40:02.894,  1.5
05.12.2025 12:40:06.894,  1.5
05.12.2025 12:40:10.894,  1.5
05.12.2025 12:40:14.904,  1.5
05.12.2025 12:40:18.994,  1.5
05.12.2025 12:40:22.994,  1.5
05.12.2025 12:40:26.994,  1.5
05.12.2025 12:40:30.905,  1.5
05.12.2025 12:40:34.994,  1.5
05.12.2025 12:40:38.904,  1.5
05.12.2025 12:40:42.904,  1.5
05.12.2025 12:40:46.894,  1.5
05.12.2025 12:40:50.904,  1.5
05.12.2025 12:40:54.995,  1.5
05.12.2025 12:40:58.994,  1.5
05.12.2025 12:41:02.994,  1.5
05.12.2025 12:41:06.934,  1.5
05.12.2025 12:41:11.034,  1.5
05.12.2025 12:41:14.994,  1.5
05.12.2025 12:41:18.904,  1.5
05.12.2025 12:41:22.894,  1.5
05.12.2025 12:41:26.894,  1.5
05.12.2025 12:41:30.905,  1.5
05.12.2025 12:41:35.234,  1.5
05.12.2025 12:41:38.894,  1.5
05.12.2025 12:41:42.904,  1.5
05.12.2025 12:41:46.894,  1.5
05.12.2025 12:41:50.994,  1.5
05.12.2025 12:41:54.994,  1.5
05.12.2025 12:41:58.994,  1.5
05.12.2025 12:42:02.914,  1.5
05.12.2025 12:42:06.915,  1.5
05.12.2025 12:42:10.904,  1.5
05.12.2025 12:42:14.914,  1.5
05.12.2025 12:42:18.914,  1.5
05.12.2025 12:42:22.904,  1.5
05.12.2025 12:42:26.914,  1.5
05.12.2025 12:42:30.904,  1.5
05.12.2025 12:42:34.914,  0.2
05.12.2025 12:42:39.034,  0.1
05.12.2025 12:42:43.034,  0.1
05.12.2025 12:42:47.034,  0.1
05.12.2025 12:42:50.984,  0.0
05.12.2025 12:42:55.114,  0.0
05.12.2025 12:42:58.994,  0.0
05.12.2025 12:43:03.114,  0.0
05.12.2025 12:43:06.934,  0.0
05.12.2025 12:43:11.034,  0.0
05.12.2025 12:43:14.904,  0.0
05.12.2025 12:43:19.024,  0.0
05.12.2025 12:43:22.904,  0.0
05.12.2025 12:43:27.024,  0.0
05.12.2025 12:43:30.984,  0.0
05.12.2025 12:43:34.914,  0.0
05.12.2025 12:43:38.904,  0.0
05.12.2025 12:43:43.024,  0.0
05.12.2025 12:43:46.934,  0.0
05.12.2025 12:43:51.030,  0.0
05.12.2025 12:43:55.030,  0.0
05.12.2025 12:43:58.910,  0.0
05.12.2025 12:44:02.920,  0.0
05.12.2025 12:44:07.030,  0.0
05.12.2025 12:44:11.030,  0.0
05.12.2025 12:44:14.920,  0.0
05.12.2025 12:44:18.920,  0.0
05.12.2025 12:44:22.910,  0.0
05.12.2025 12:44:26.920,  0.0
05.12.2025 12:44:30.921,  0.0
05.12.2025 12:44:34.920,  0.0
05.12.2025 12:44:38.910,  0.0
05.12.2025 12:44:43.030,  0.0
05.12.2025 12:44:47.030,  0.0
05.12.2025 12:44:51.030,  0.0
05.12.2025 12:44:54.920,  0.0
05.12.2025 12:44:58.910,  0.0
05.12.2025 12:45:02.910,  0.0
05.12.2025 12:45:06.920,  0.0
05.12.2025 12:45:10.920,  0.0
05.12.2025 12:45:15.030,  0.0
05.12.2025 12:45:19.030,  0.0
05.12.2025 12:45:23.030,  0.0
05.12.2025 12:45:27.030,  0.0
05.12.2025 12:45:31.030,  0.0
05.12.2025 12:45:35.030,  0.0
05.12.2025 12:45:38.910,  0.0
05.12.2025 12:45:43.030,  0.0
05.12.2025 12:45:46.910,  0.0
05.12.2025 12:45:50.920,  0.0
05.12.2025 12:45:55.030,  0.0
05.12.2025 12:45:58.910,  0.1
05.12.2025 12:46:02.910,  0.1
05.12.2025 12:46:07.030,  0.0
05.12.2025 12:46:11.030,  0.0
05.12.2025 12:46:15.030,  0.0
05.12.2025 12:46:19.030,  0.0
05.12.2025 12:46:23.030,  0.0
05.12.2025 12:46:26.940,  0.0
05.12.2025 12:46:31.030,  0.0
05.12.2025 12:46:35.030,  0.0
05.12.2025 12:46:39.030,  0.0
05.12.2025 12:46:43.030,  0.0
05.12.2025 12:46:46.931,  0.0
05.12.2025 12:46:50.920,  0.0
05.12.2025 12:46:55.030,  0.0
05.12.2025 12:46:58.920,  0.0
05.12.2025 12:47:02.920,  0.0
05.12.2025 12:47:06.930,  0.0
05.12.2025 12:47:11.030,  0.0
05.12.2025 12:47:14.940,  0.0
05.12.2025 12:47:19.020,  0.0
05.12.2025 12:47:23.020,  0.0
05.12.2025 12:47:27.030,  0.1
05.12.2025 12:47:31.030,  0.1
05.12.2025 12:47:34.920,  0.1
05.12.2025 12:47:38.930,  0.0
05.12.2025 12:47:42.920,  0.0
05.12.2025 12:47:46.920,  0.0
05.12.2025 12:47:50.930,  0.0
05.12.2025 12:47:55.020,  0.0
05.12.2025 12:47:59.020,  0.0
05.12.2025 12:48:02.930,  0.0
05.12.2025 12:48:06.920,  0.0
05.12.2025 12:48:10.930,  0.0
05.12.2025 12:48:14.920,  0.0
05.12.2025 12:48:18.930,  0.0
05.12.2025 12:48:23.020,  0.0
05.12.2025 12:48:26.920,  0.0
05.12.2025 12:48:31.020,  0.0
05.12.2025 12:48:35.020,  0.0
05.12.2025 12:48:39.020,  0.0
05.12.2025 12:48:43.020,  0.0
05.12.2025 12:48:47.020,  0.0
05.12.2025 12:48:51.945,  2.6
05.12.2025 12:48:55.935,  2.6
05.12.2025 12:49:00.035,  2.6
05.12.2025 12:49:04.035,  2.6
05.12.2025 12:49:08.035,  2.6
05.12.2025 12:49:12.035,  2.6
05.12.2025 12:49:15.945,  2.6
05.12.2025 12:49:20.035,  2.6
05.12.2025 12:49:23.945,  2.6
05.12.2025 12:49:27.946,  2.6
05.12.2025 12:49:31.945,  2.6
05.12.2025 12:49:35.935,  2.6
05.12.2025 12:49:39.995,  2.6
05.12.2025 12:49:44.155,  2.6
05.12.2025 12:49:47.945,  2.6
05.12.2025 12:49:51.946,  2.6
05.12.2025 12:49:55.945,  2.6
05.12.2025 12:49:59.945,  2.6
05.12.2025 12:50:03.995,  2.6
05.12.2025 12:50:07.945,  2.6
05.12.2025 12:50:11.955,  2.6
05.12.2025 12:50:15.945,  2.6
05.12.2025 12:50:19.955,  2.6
05.12.2025 12:50:24.075,  2.6
05.12.2025 12:50:27.955,  2.6
05.12.2025 12:50:32.115,  2.6
05.12.2025 12:50:35.945,  2.6
05.12.2025 12:50:39.955,  2.6
05.12.2025 12:50:43.945,  2.6
05.12.2025 12:50:47.955,  2.6
05.12.2025 12:50:51.965,  2.6
05.12.2025 12:50:55.975,  2.6
05.12.2025 12:50:59.975,  2.6
05.12.2025 12:51:03.975,  2.6
05.12.2025 12:51:07.975,  2.6
05.12.2025 12:51:11.975,  2.6
05.12.2025 12:51:15.965,  2.6
05.12.2025 12:51:19.976,  2.6
05.12.2025 12:51:24.075,  2.6
05.12.2025 12:51:27.965,  2.6
05.12.2025 12:51:31.975,  2.6
05.12.2025 12:51:36.075,  2.6
05.12.2025 12:51:39.965,  2.6
05.12.2025 12:51:43.965,  2.6
05.12.2025 12:51:47.965,  2.6
05.12.2025 12:51:51.965,  2.6
05.12.2025 12:51:55.985,  2.6
05.12.2025 12:51:59.975,  2.6
05.12.2025 12:52:03.975,  2.6
05.12.2025 12:52:07.985,  2.6
05.12.2025 12:52:11.985,  2.6
05.12.2025 12:52:16.105,  2.6
05.12.2025 12:52:20.105,  2.6
05.12.2025 12:52:24.105,  2.6
05.12.2025 12:52:28.185,  2.6
05.12.2025 12:52:32.105,  2.6
05.12.2025 12:52:36.105,  2.6
05.12.2025 12:52:39.995,  2.6
05.12.2025 12:52:43.985,  2.6
05.12.2025 12:52:47.995,  2.6
05.12.2025 12:52:51.985,  2.6
05.12.2025 12:52:56.105,  0.2
05.12.2025 12:53:00.105,  0.2
05.12.2025 12:53:03.995,  0.1
05.12.2025 12:53:07.985,  0.0
05.12.2025 12:53:11.995,  0.0
05.12.2025 12:53:15.985,  0.0
05.12.2025 12:53:20.105,  0.0
05.12.2025 12:53:24.105,  0.0
05.12.2025 12:53:27.985,  0.0
05.12.2025 12:53:32.105,  0.0
05.12.2025 12:53:36.105,  0.0
05.12.2025 12:53:40.105,  0.0
05.12.2025 12:53:44.105,  0.0
05.12.2025 12:53:48.122,  0.0
05.12.2025 12:53:52.122,  0.0
05.12.2025 12:53:56.122,  0.0
05.12.2025 12:54:00.022,  0.0
05.12.2025 12:54:04.022,  0.0
05.12.2025 12:54:08.022,  0.0
05.12.2025 12:54:12.012,  0.0
05.12.2025 12:54:16.022,  0.0
05.12.2025 12:54:20.122,  0.0
05.12.2025 12:54:24.022,  0.0
05.12.2025 12:54:28.023,  0.0
05.12.2025 12:54:32.022,  0.0
05.12.2025 12:54:36.022,  0.0
05.12.2025 12:54:40.122,  0.0
05.12.2025 12:54:44.022,  0.0
05.12.2025 12:54:48.122,  0.0
05.12.2025 12:54:52.022,  0.0
05.12.2025 12:54:56.022,  0.0
05.12.2025 12:55:00.022,  0.0
05.12.2025 12:55:04.122,  0.0
05.12.2025 12:55:08.022,  0.0
05.12.2025 12:55:12.122,  0.0
05.12.2025 12:55:16.122,  0.0
05.12.2025 12:55:20.022,  0.0
05.12.2025 12:55:24.022,  0.0
05.12.2025 12:55:28.012,  0.0
05.12.2025 12:55:32.022,  0.0
05.12.2025 12:55:36.022,  0.0
05.12.2025 12:55:40.022,  0.0
05.12.2025 12:55:44.012,  0.0
05.12.2025 12:55:48.022,  0.0
05.12.2025 12:55:52.112,  0.0
05.12.2025 12:55:56.032,  0.0
05.12.2025 12:56:00.035,  0.0
05.12.2025 12:56:04.052,  0.0
05.12.2025 12:56:08.162,  0.0
05.12.2025 12:56:12.052,  0.0
05.12.2025 12:56:16.052,  0.1
05.12.2025 12:56:20.052,  0.0
05.12.2025 12:56:24.152,  0.0
05.12.2025 12:56:28.052,  0.0
05.12.2025 12:56:32.052,  0.0
05.12.2025 12:56:36.152,  0.0
05.12.2025 12:56:40.062,  0.0
05.12.2025 12:56:44.052,  0.0
05.12.2025 12:56:48.062,  0.0
05.12.2025 12:56:52.052,  0.0
05.12.2025 12:56:56.152,  0.0
05.12.2025 12:57:00.062,  0.0
05.12.2025 12:57:04.062,  0.0
05.12.2025 12:57:08.062,  0.0
05.12.2025 12:57:12.052,  0.0
05.12.2025 12:57:16.052,  0.0
05.12.2025 12:57:20.092,  0.0
05.12.2025 12:57:24.062,  0.0
05.12.2025 12:57:28.052,  0.0
05.12.2025 12:57:32.062,  0.0
05.12.2025 12:57:36.152,  0.0
05.12.2025 12:57:40.052,  0.0
05.12.2025 12:57:44.052,  0.0
05.12.2025 12:57:48.152,  0.0
05.12.2025 12:57:52.062,  0.0
05.12.2025 12:57:56.052,  0.0
05.12.2025 12:58:00.062,  0.0
05.12.2025 12:58:04.152,  0.0
05.12.2025 12:58:08.062,  0.0
05.12.2025 12:58:12.072,  0.0
05.12.2025 12:58:16.072,  0.0
05.12.2025 12:58:20.072,  0.0
05.12.2025 12:58:24.072,  0.0
05.12.2025 12:58:28.272,  0.0
05.12.2025 12:58:32.152,  0.0
05.12.2025 12:58:36.072,  0.0
05.12.2025 12:58:40.062,  0.0
05.12.2025 12:58:44.073,  0.0
05.12.2025 12:58:48.089,  0.0
05.12.2025 12:58:52.209,  0.0
05.12.2025 12:58:56.089,  0.0
05.12.2025 12:59:00.089,  0.0
05.12.2025 12:59:04.169,  0.0
05.12.2025 12:59:08.169,  0.0
05.12.2025 12:59:12.209,  0.0
05.12.2025 12:59:16.169,  0.0
05.12.2025 12:59:20.210,  0.0
05.12.2025 12:59:24.210,  0.0
05.12.2025 12:59:28.079,  0.0
05.12.2025 12:59:32.089,  0.0
05.12.2025 12:59:36.089,  0.0
05.12.2025 12:59:40.089,  0.0
05.12.2025 12:59:44.089,  0.0
05.12.2025 12:59:48.209,  0.0
05.12.2025 12:59:52.089,  0.0
05.12.2025 12:59:56.089,  0.0
05.12.2025 13:00:00.089,  0.0
05.12.2025 13:00:04.079,  0.0
05.12.2025 13:00:08.249,  0.0
05.12.2025 13:00:12.199,  0.0
05.12.2025 13:00:16.109,  0.0
05.12.2025 13:00:20.119,  0.0
05.12.2025 13:00:24.239,  0.0
05.12.2025 13:00:28.189,  0.0
05.12.2025 13:00:32.329,  0.0
05.12.2025 13:00:36.119,  0.0
05.12.2025 13:00:40.129,  0.0
05.12.2025 13:00:44.129,  0.0
05.12.2025 13:00:48.130,  0.0
05.12.2025 13:00:52.129,  0.0
05.12.2025 13:00:56.129,  0.0
05.12.2025 13:01:00.129,  0.0
05.12.2025 13:01:04.119,  0.0
05.12.2025 13:01:08.239,  0.0
05.12.2025 13:01:12.239,  0.0
05.12.2025 13:01:16.119,  0.0
05.12.2025 13:01:20.239,  0.0
05.12.2025 13:01:24.119,  0.0
05.12.2025 13:01:28.129,  0.0
05.12.2025 13:01:32.139,  0.0
05.12.2025 13:01:36.139,  0.0
05.12.2025 13:01:40.239,  0.0
05.12.2025 13:01:44.239,  0.0
05.12.2025 13:01:48.239,  0.0
05.12.2025 13:01:52.139,  0.0
05.12.2025 13:01:57.139,  3.4
05.12.2025 13:02:01.139,  3.4
05.12.2025 13:02:05.129,  3.4
05.12.2025 13:02:09.129,  3.4
05.12.2025 13:02:13.139,  3.4
05.12.2025 13:02:17.239,  3.4
05.12.2025 13:02:21.239,  3.4
05.12.2025 13:02:25.239,  3.4
05.12.2025 13:02:29.139,  3.4
05.12.2025 13:02:33.239,  3.4
05.12.2025 13:02:37.239,  3.4
05.12.2025 13:02:41.239,  3.4
05.12.2025 13:02:45.239,  3.4
05.12.2025 13:02:49.239,  3.4
05.12.2025 13:02:53.139,  3.4
05.12.2025 13:02:57.139,  3.4
05.12.2025 13:03:01.140,  3.4
05.12.2025 13:03:05.129,  3.4
05.12.2025 13:03:09.129,  3.4
05.12.2025 13:03:13.239,  3.4
05.12.2025 13:03:17.139,  3.4
05.12.2025 13:03:21.239,  3.4
05.12.2025 13:03:25.239,  3.4
05.12.2025 13:03:29.239,  3.4
05.12.2025 13:03:33.239,  3.4
05.12.2025 13:03:37.139,  3.4
05.12.2025 13:03:41.139,  3.4
05.12.2025 13:03:45.129,  3.4
05.12.2025 13:03:49.259,  3.4
05.12.2025 13:03:53.159,  3.4
05.12.2025 13:03:57.150,  3.4
05.12.2025 13:04:01.259,  3.4
05.12.2025 13:04:05.249,  3.4
05.12.2025 13:04:09.249,  3.4
05.12.2025 13:04:13.169,  3.4
05.12.2025 13:04:17.249,  3.4
05.12.2025 13:04:21.249,  3.4
05.12.2025 13:04:25.249,  3.4
05.12.2025 13:04:29.259,  3.4
05.12.2025 13:04:33.249,  3.4
05.12.2025 13:04:37.169,  3.4
05.12.2025 13:04:41.249,  3.4
05.12.2025 13:04:45.249,  3.4
05.12.2025 13:04:49.159,  3.4
05.12.2025 13:04:53.159,  3.4
05.12.2025 13:04:57.169,  3.4
05.12.2025 13:05:01.159,  3.4
05.12.2025 13:05:05.169,  3.4
05.12.2025 13:05:09.249,  3.4
05.12.2025 13:05:13.249,  3.4
05.12.2025 13:05:17.249,  3.4
05.12.2025 13:05:21.249,  3.4
05.12.2025 13:05:25.249,  3.4
05.12.2025 13:05:29.170,  3.4
05.12.2025 13:05:33.289,  3.4
05.12.2025 13:05:37.249,  3.4
05.12.2025 13:05:41.249,  3.4
05.12.2025 13:05:45.159,  3.4
05.12.2025 13:05:49.159,  3.4
05.12.2025 13:05:53.169,  3.4
05.12.2025 13:05:57.159,  3.4
05.12.2025 13:06:01.169,  3.4
05.12.2025 13:06:05.169,  3.4
05.12.2025 13:06:09.249,  3.4
05.12.2025 13:06:13.249,  3.4
05.12.2025 13:06:17.249,  3.4
05.12.2025 13:06:21.169,  3.4
05.12.2025 13:06:25.249,  3.4
05.12.2025 13:06:29.169,  3.4
05.12.2025 13:06:33.159,  3.4
05.12.2025 13:06:37.169,  3.4
05.12.2025 13:06:41.159,  3.4
05.12.2025 13:06:45.249,  3.4
05.12.2025 13:06:49.169,  3.4
05.12.2025 13:06:53.169,  3.4
05.12.2025 13:06:57.249,  3.4
05.12.2025 13:07:01.249,  3.4
05.12.2025 13:07:05.169,  3.4
05.12.2025 13:07:09.159,  3.4
05.12.2025 13:07:13.169,  3.4
05.12.2025 13:07:17.170,  3.4
05.12.2025 13:07:21.289,  3.4
05.12.2025 13:07:25.159,  3.4
05.12.2025 13:07:29.159,  3.4
05.12.2025 13:07:33.329,  3.4
05.12.2025 13:07:37.169,  3.4
05.12.2025 13:07:41.169,  3.4
05.12.2025 13:07:45.159,  3.4
05.12.2025 13:07:49.169,  3.4
05.12.2025 13:07:53.289,  3.4
05.12.2025 13:07:57.289,  3.4
05.12.2025 13:08:01.289,  3.4
05.12.2025 13:08:05.169,  3.4
05.12.2025 13:08:09.169,  3.4
05.12.2025 13:08:13.289,  3.4
05.12.2025 13:08:17.279,  3.4
05.12.2025 13:08:21.279,  3.4
05.12.2025 13:08:25.289,  3.4
05.12.2025 13:08:29.279,  3.4
05.12.2025 13:08:33.290,  3.4
05.12.2025 13:08:37.180,  3.4
05.12.2025 13:08:41.179,  3.4
05.12.2025 13:08:45.289,  3.4
05.12.2025 13:08:49.283,  3.4
05.12.2025 13:08:53.183,  3.4
05.12.2025 13:08:57.183,  3.4
05.12.2025 13:09:01.173,  3.4
05.12.2025 13:09:05.183,  3.4
05.12.2025 13:09:09.283,  3.4
05.12.2025 13:09:13.173,  3.4
05.12.2025 13:09:17.184,  3.4
05.12.2025 13:09:21.283,  3.4
05.12.2025 13:09:25.283,  3.4
05.12.2025 13:09:29.283,  3.4
05.12.2025 13:09:33.283,  3.4
05.12.2025 13:09:37.283,  3.4
05.12.2025 13:09:41.283,  3.4
05.12.2025 13:09:45.183,  3.4
05.12.2025 13:09:49.183,  0.2
05.12.2025 13:09:53.283,  0.1
05.12.2025 13:09:57.173,  0.1
05.12.2025 13:10:01.283,  0.1
05.12.2025 13:10:05.173,  0.0
05.12.2025 13:10:09.184,  0.0
05.12.2025 13:10:13.183,  0.0
05.12.2025 13:10:17.183,  0.0
05.12.2025 13:10:21.263,  0.0
05.12.2025 13:10:25.183,  0.0
05.12.2025 13:10:29.183,  0.0
05.12.2025 13:10:33.283,  0.0
05.12.2025 13:10:37.183,  0.0
05.12.2025 13:10:41.173,  0.0
05.12.2025 13:10:45.183,  0.0
05.12.2025 13:10:49.283,  0.0
05.12.2025 13:10:53.283,  0.0
05.12.2025 13:10:57.183,  0.0
05.12.2025 13:11:01.283,  0.0
05.12.2025 13:11:05.173,  0.0
05.12.2025 13:11:09.283,  0.0
05.12.2025 13:11:13.283,  0.0
05.12.2025 13:11:17.283,  0.0
05.12.2025 13:11:21.283,  0.0
05.12.2025 13:11:25.283,  0.0
05.12.2025 13:11:29.283,  0.0
05.12.2025 13:11:33.253,  0.0
05.12.2025 13:11:37.183,  0.0
05.12.2025 13:11:41.173,  0.0
05.12.2025 13:11:45.173,  0.0
05.12.2025 13:11:49.173,  0.0
05.12.2025 13:11:53.283,  0.0
05.12.2025 13:11:57.284,  0.0
05.12.2025 13:12:01.183,  0.0
05.12.2025 13:12:05.283,  0.0
05.12.2025 13:12:09.283,  0.0
05.12.2025 13:12:13.183,  0.0
05.12.2025 13:12:17.183,  0.0
05.12.2025 13:12:21.283,  0.0
05.12.2025 13:12:25.273,  0.0
05.12.2025 13:12:29.173,  0.0
05.12.2025 13:12:33.183,  0.0
05.12.2025 13:12:37.173,  0.0
05.12.2025 13:12:41.183,  0.0
05.12.2025 13:12:45.183,  0.0
05.12.2025 13:12:49.173,  0.0
05.12.2025 13:12:53.273,  0.0
05.12.2025 13:12:57.273,  0.0
05.12.2025 13:13:01.183,  0.0
05.12.2025 13:13:05.183,  0.0
05.12.2025 13:13:09.273,  0.1
05.12.2025 13:13:13.273,  0.0
05.12.2025 13:13:17.173,  0.0
05.12.2025 13:13:21.173,  0.0
05.12.2025 13:13:25.273,  0.0
05.12.2025 13:13:29.173,  0.0
05.12.2025 13:13:33.183,  0.0
05.12.2025 13:13:37.183,  0.0
05.12.2025 13:13:41.263,  0.0
05.12.2025 13:13:45.183,  0.0
05.12.2025 13:13:49.194,  0.0
05.12.2025 13:13:53.204,  0.0
05.12.2025 13:13:57.205,  0.0
05.12.2025 13:14:01.204,  0.0
05.12.2025 13:14:05.204,  0.0
05.12.2025 13:14:09.204,  0.0
05.12.2025 13:14:13.204,  0.0
05.12.2025 13:14:17.205,  0.0
05.12.2025 13:14:21.194,  0.0
05.12.2025 13:14:25.294,  0.0
05.12.2025 13:14:29.204,  0.0
05.12.2025 13:14:33.294,  0.0
05.12.2025 13:14:37.204,  0.0
05.12.2025 13:14:41.294,  0.0
05.12.2025 13:14:45.294,  0.0
05.12.2025 13:14:49.334,  0.0
05.12.2025 13:14:53.334,  0.0
05.12.2025 13:14:57.334,  0.0
05.12.2025 13:15:01.334,  0.1
05.12.2025 13:15:05.334,  0.1
05.12.2025 13:15:09.214,  0.1
05.12.2025 13:15:13.215,  0.1
05.12.2025 13:15:17.334,  0.0
05.12.2025 13:15:21.334,  0.0
05.12.2025 13:15:25.334,  0.0
05.12.2025 13:15:29.334,  0.0
05.12.2025 13:15:33.334,  0.0
05.12.2025 13:15:37.334,  0.0
05.12.2025 13:15:41.234,  0.0
05.12.2025 13:15:45.244,  0.0
05.12.2025 13:15:49.244,  0.0
05.12.2025 13:15:53.234,  0.0
05.12.2025 13:15:57.254,  0.0
05.12.2025 13:16:01.454,  0.0
05.12.2025 13:16:05.575,  0.0
05.12.2025 13:16:09.254,  0.0
05.12.2025 13:16:13.244,  0.0
05.12.2025 13:16:17.254,  0.0
05.12.2025 13:16:21.254,  0.0
05.12.2025 13:16:25.264,  0.0
05.12.2025 13:16:29.264,  0.0
05.12.2025 13:16:33.274,  0.0
05.12.2025 13:16:37.374,  0.0
05.12.2025 13:16:41.364,  0.0
05.12.2025 13:16:45.364,  0.0
05.12.2025 13:16:49.374,  0.0
05.12.2025 13:16:53.374,  0.0
05.12.2025 13:16:57.374,  0.0
05.12.2025 13:17:01.254,  0.0
05.12.2025 13:17:05.264,  0.0
05.12.2025 13:17:09.254,  0.0
05.12.2025 13:17:13.264,  0.0
05.12.2025 13:17:17.365,  0.0
05.12.2025 13:17:21.264,  0.0
05.12.2025 13:17:25.364,  0.0
05.12.2025 13:17:29.374,  0.0
05.12.2025 13:17:33.364,  0.0
05.12.2025 13:17:37.364,  0.0
05.12.2025 13:17:41.364,  0.0
05.12.2025 13:17:45.254,  0.0
05.12.2025 13:17:49.254,  0.0
05.12.2025 13:17:53.266,  0.0
05.12.2025 13:17:57.364,  0.0
05.12.2025 13:18:01.274,  0.0
05.12.2025 13:18:06.274,  1.7
05.12.2025 13:18:10.264,  1.7
05.12.2025 13:18:14.364,  1.7
05.12.2025 13:18:18.364,  1.7
05.12.2025 13:18:22.274,  1.7
05.12.2025 13:18:26.264,  1.7
05.12.2025 13:18:30.274,  1.7
05.12.2025 13:18:34.274,  1.7
05.12.2025 13:18:38.364,  1.7
05.12.2025 13:18:42.364,  1.7
05.12.2025 13:18:46.364,  1.7
05.12.2025 13:18:50.303,  1.7
05.12.2025 13:18:54.383,  1.7
05.12.2025 13:18:58.383,  1.7
05.12.2025 13:19:02.293,  1.7
05.12.2025 13:19:06.383,  1.7
05.12.2025 13:19:10.463,  1.7
05.12.2025 13:19:14.383,  1.7
05.12.2025 13:19:18.423,  1.7
05.12.2025 13:19:22.423,  1.7
05.12.2025 13:19:26.423,  1.7
05.12.2025 13:19:30.423,  1.7
05.12.2025 13:19:34.423,  1.7
05.12.2025 13:19:38.314,  1.7
05.12.2025 13:19:42.303,  1.7
05.12.2025 13:19:46.303,  1.7
05.12.2025 13:19:50.313,  1.7
05.12.2025 13:19:54.313,  1.7
05.12.2025 13:19:58.423,  1.7
05.12.2025 13:20:02.423,  1.7
05.12.2025 13:20:06.323,  1.7
05.12.2025 13:20:10.313,  1.7
05.12.2025 13:20:14.323,  1.7
05.12.2025 13:20:18.323,  1.7
05.12.2025 13:20:22.423,  1.7
05.12.2025 13:20:26.424,  1.7
05.12.2025 13:20:30.423,  1.7
05.12.2025 13:20:34.423,  1.7
05.12.2025 13:20:38.343,  1.7
05.12.2025 13:20:42.323,  1.7
05.12.2025 13:20:46.313,  1.7
05.12.2025 13:20:50.324,  1.7
05.12.2025 13:20:54.313,  1.7
05.12.2025 13:20:58.413,  1.7
05.12.2025 13:21:02.313,  1.7
05.12.2025 13:21:06.323,  1.7
05.12.2025 13:21:10.333,  1.7
05.12.2025 13:21:14.333,  1.7
05.12.2025 13:21:18.413,  1.7
05.12.2025 13:21:22.493,  1.7
05.12.2025 13:21:26.423,  1.7
05.12.2025 13:21:30.323,  1.7
05.12.2025 13:21:34.453,  1.7
05.12.2025 13:21:38.333,  1.7
05.12.2025 13:21:42.343,  1.7
05.12.2025 13:21:46.453,  1.7
05.12.2025 13:21:50.333,  1.7
05.12.2025 13:21:54.343,  1.7
05.12.2025 13:21:58.343,  1.7
05.12.2025 13:22:02.343,  1.7
05.12.2025 13:22:06.534,  1.7
05.12.2025 13:22:10.453,  1.7
05.12.2025 13:22:14.333,  1.7
05.12.2025 13:22:18.343,  1.7
05.12.2025 13:22:22.333,  1.7
05.12.2025 13:22:26.343,  1.7
05.12.2025 13:22:30.343,  1.7
05.12.2025 13:22:34.343,  1.7
05.12.2025 13:22:38.453,  1.7
05.12.2025 13:22:42.453,  1.7
05.12.2025 13:22:46.453,  1.7
05.12.2025 13:22:50.453,  1.7
05.12.2025 13:22:54.453,  1.7
05.12.2025 13:22:58.343,  1.7
05.12.2025 13:23:02.343,  1.7
05.12.2025 13:23:06.343,  1.7
05.12.2025 13:23:10.343,  1.7
05.12.2025 13:23:14.333,  1.7
05.12.2025 13:23:18.453,  1.7
05.12.2025 13:23:22.453,  1.7
05.12.2025 13:23:26.453,  1.7
05.12.2025 13:23:30.453,  1.7
05.12.2025 13:23:34.353,  1.7
05.12.2025 13:23:38.353,  1.7
05.12.2025 13:23:42.353,  1.7
05.12.2025 13:23:46.343,  1.7
05.12.2025 13:23:50.365,  1.7
05.12.2025 13:23:54.465,  1.7
05.12.2025 13:23:58.465,  1.7
05.12.2025 13:24:02.465,  1.7
05.12.2025 13:24:06.465,  1.7
05.12.2025 13:24:10.465,  1.7
05.12.2025 13:24:14.465,  1.7
05.12.2025 13:24:18.355,  1.7
05.12.2025 13:24:22.365,  1.7
05.12.2025 13:24:26.365,  0.2
05.12.2025 13:24:30.365,  0.1
05.12.2025 13:24:34.355,  0.1
05.12.2025 13:24:38.355,  0.1
05.12.2025 13:24:42.365,  0.0
05.12.2025 13:24:46.465,  0.0
05.12.2025 13:24:50.465,  0.0
05.12.2025 13:24:54.355,  0.0
05.12.2025 13:24:58.465,  0.0
05.12.2025 13:25:02.365,  0.0
05.12.2025 13:25:06.365,  0.0
05.12.2025 13:25:10.365,  0.0
05.12.2025 13:25:14.465,  0.0
05.12.2025 13:25:18.365,  0.0
05.12.2025 13:25:22.355,  0.0
05.12.2025 13:25:26.365,  0.0
05.12.2025 13:25:30.355,  0.0
05.12.2025 13:25:34.455,  0.0
05.12.2025 13:25:38.455,  0.0
05.12.2025 13:25:42.375,  0.0
05.12.2025 13:25:46.375,  0.0
05.12.2025 13:25:50.455,  0.0
05.12.2025 13:25:54.435,  0.0
05.12.2025 13:25:58.365,  0.0
05.12.2025 13:26:02.375,  0.0
05.12.2025 13:26:06.455,  0.0
05.12.2025 13:26:10.535,  0.0
05.12.2025 13:26:14.375,  0.0
05.12.2025 13:26:18.495,  0.0
05.12.2025 13:26:22.376,  0.0
05.12.2025 13:26:26.375,  0.0
05.12.2025 13:26:30.375,  0.0
05.12.2025 13:26:34.385,  0.0
05.12.2025 13:26:38.495,  0.0
05.12.2025 13:26:42.495,  0.0
05.12.2025 13:26:46.495,  0.0
05.12.2025 13:26:50.495,  0.0
05.12.2025 13:26:54.495,  0.0
05.12.2025 13:26:58.385,  0.0
05.12.2025 13:27:02.495,  0.0
05.12.2025 13:27:06.495,  0.0
05.12.2025 13:27:10.386,  0.0
05.12.2025 13:27:14.385,  0.0
05.12.2025 13:27:18.375,  0.0
05.12.2025 13:27:22.375,  0.0
05.12.2025 13:27:26.385,  0.0
05.12.2025 13:27:30.495,  0.0
05.12.2025 13:27:34.495,  0.0
05.12.2025 13:27:38.495,  0.0
05.12.2025 13:27:42.495,  0.0
05.12.2025 13:27:46.385,  0.0
05.12.2025 13:27:50.395,  0.0
05.12.2025 13:27:54.395,  0.1
05.12.2025 13:27:58.395,  0.0
05.12.2025 13:28:02.395,  0.0
05.12.2025 13:28:06.395,  0.0
05.12.2025 13:28:10.395,  0.0
05.12.2025 13:28:14.495,  0.0
05.12.2025 13:28:18.395,  0.0
05.12.2025 13:28:22.495,  0.0
05.12.2025 13:28:26.495,  0.0
05.12.2025 13:28:30.395,  0.0
05.12.2025 13:28:34.405,  0.0
05.12.2025 13:28:38.495,  0.0
05.12.2025 13:28:42.405,  0.0
05.12.2025 13:28:46.395,  0.0
05.12.2025 13:28:50.505,  0.0
05.12.2025 13:28:54.505,  0.0
05.12.2025 13:28:58.414,  0.0
05.12.2025 13:29:02.505,  0.0
05.12.2025 13:29:06.504,  0.0
05.12.2025 13:29:10.405,  0.0
05.12.2025 13:29:14.504,  0.0
05.12.2025 13:29:18.424,  0.0
05.12.2025 13:29:22.414,  0.1
05.12.2025 13:29:26.424,  0.1
05.12.2025 13:29:30.425,  0.1
05.12.2025 13:29:34.424,  0.1
05.12.2025 13:29:38.424,  0.1
05.12.2025 13:29:42.424,  0.0
05.12.2025 13:29:46.544,  0.0
05.12.2025 13:29:50.534,  0.0
05.12.2025 13:29:54.444,  0.0
05.12.2025 13:29:58.424,  0.0
05.12.2025 13:30:02.424,  0.0
05.12.2025 13:30:06.414,  0.0
05.12.2025 13:30:10.424,  0.0
05.12.2025 13:30:14.504,  0.0
05.12.2025 13:30:18.534,  0.0
05.12.2025 13:30:22.535,  0.0
05.12.2025 13:30:26.534,  0.0
05.12.2025 13:30:30.444,  0.0
05.12.2025 13:30:34.534,  0.0
05.12.2025 13:30:38.534,  0.0
05.12.2025 13:30:42.424,  0.0
05.12.2025 13:30:46.414,  0.0
05.12.2025 13:30:50.424,  0.0
05.12.2025 13:30:54.414,  0.0
05.12.2025 13:30:58.534,  0.0
05.12.2025 13:31:02.534,  0.0
05.12.2025 13:31:06.444,  0.0
05.12.2025 13:31:10.534,  0.0
05.12.2025 13:31:14.414,  0.0
05.12.2025 13:31:18.424,  0.0
05.12.2025 13:31:22.424,  0.0
05.12.2025 13:31:28.414,  2.7
05.12.2025 13:31:32.424,  2.7
05.12.2025 13:31:36.414,  2.7
05.12.2025 13:31:40.534,  2.7
05.12.2025 13:31:44.425,  2.7
05.12.2025 13:31:48.414,  2.7
05.12.2025 13:31:52.424,  2.7
05.12.2025 13:31:56.414,  2.7
05.12.2025 13:32:00.424,  2.7
05.12.2025 13:32:04.534,  2.7
05.12.2025 13:32:08.534,  2.7
05.12.2025 13:32:12.424,  2.7
05.12.2025 13:32:16.414,  2.7
05.12.2025 13:32:20.424,  2.7
05.12.2025 13:32:24.424,  2.7
05.12.2025 13:32:28.414,  2.7
05.12.2025 13:32:32.534,  2.7
05.12.2025 13:32:36.534,  2.7
05.12.2025 13:32:40.534,  2.7
05.12.2025 13:32:44.534,  2.7
05.12.2025 13:32:48.534,  2.7
05.12.2025 13:32:52.534,  2.7
05.12.2025 13:32:56.534,  2.7
05.12.2025 13:33:00.434,  2.7
05.12.2025 13:33:04.434,  2.7
05.12.2025 13:33:08.534,  2.7
05.12.2025 13:33:12.534,  2.7
05.12.2025 13:33:16.535,  2.7
05.12.2025 13:33:20.534,  2.7
05.12.2025 13:33:24.534,  2.7
05.12.2025 13:33:28.444,  2.7
05.12.2025 13:33:32.424,  2.7
05.12.2025 13:33:36.434,  2.7
05.12.2025 13:33:40.524,  2.7
05.12.2025 13:33:44.434,  2.7
05.12.2025 13:33:48.448,  2.7
05.12.2025 13:33:52.438,  2.7
05.12.2025 13:33:56.448,  2.7
05.12.2025 13:34:00.538,  2.7
05.12.2025 13:34:04.548,  2.7
05.12.2025 13:34:08.538,  2.7
05.12.2025 13:34:12.548,  2.7
05.12.2025 13:34:16.548,  2.7
05.12.2025 13:34:20.438,  2.7
05.12.2025 13:34:24.449,  2.7
05.12.2025 13:34:28.438,  2.7
05.12.2025 13:34:32.438,  2.7
05.12.2025 13:34:36.448,  2.7
05.12.2025 13:34:40.538,  2.7
05.12.2025 13:34:44.538,  2.7
05.12.2025 13:34:48.538,  2.7
05.12.2025 13:34:52.538,  2.7
05.12.2025 13:34:56.538,  2.7
05.12.2025 13:35:00.448,  2.7
05.12.2025 13:35:04.538,  2.7
05.12.2025 13:35:08.538,  2.7
05.12.2025 13:35:12.578,  2.7
05.12.2025 13:35:16.578,  2.7
05.12.2025 13:35:20.469,  2.7
05.12.2025 13:35:24.468,  2.7
05.12.2025 13:35:28.538,  2.7
05.12.2025 13:35:32.618,  2.7
05.12.2025 13:35:36.578,  2.7
05.12.2025 13:35:40.468,  2.7
05.12.2025 13:35:44.468,  2.7
05.12.2025 13:35:48.478,  2.7
05.12.2025 13:35:52.488,  2.7
05.12.2025 13:35:56.478,  2.7
05.12.2025 13:36:00.488,  0.2
05.12.2025 13:36:04.488,  0.2
05.12.2025 13:36:08.498,  0.2
05.12.2025 13:36:12.498,  0.1
05.12.2025 13:36:16.498,  0.1
05.12.2025 13:36:20.498,  0.0
05.12.2025 13:36:24.499,  0.0
05.12.2025 13:36:28.499,  0.0
05.12.2025 13:36:32.508,  0.0
05.12.2025 13:36:36.508,  0.0
05.12.2025 13:36:40.508,  0.0
05.12.2025 13:36:44.618,  0.0
05.12.2025 13:36:48.508,  0.0
05.12.2025 13:36:52.518,  0.0
05.12.2025 13:36:56.518,  0.0
05.12.2025 13:37:00.518,  0.0
05.12.2025 13:37:04.508,  0.0
05.12.2025 13:37:08.618,  0.0
05.12.2025 13:37:12.618,  0.0
05.12.2025 13:37:16.619,  0.0
05.12.2025 13:37:20.618,  0.0
05.12.2025 13:37:24.618,  0.0
05.12.2025 13:37:28.518,  0.0
05.12.2025 13:37:32.618,  0.0
05.12.2025 13:37:36.618,  0.0
05.12.2025 13:37:40.518,  0.0
05.12.2025 13:37:44.508,  0.0
05.12.2025 13:37:48.518,  0.0
05.12.2025 13:37:52.518,  0.0
05.12.2025 13:37:56.608,  0.0
05.12.2025 13:38:00.618,  0.0
05.12.2025 13:38:04.519,  0.0
05.12.2025 13:38:08.618,  0.0
05.12.2025 13:38:12.618,  0.0
05.12.2025 13:38:16.618,  0.0
05.12.2025 13:38:20.618,  0.0
05.12.2025 13:38:24.508,  0.0
05.12.2025 13:38:28.608,  0.0
05.12.2025 13:38:32.519,  0.0
05.12.2025 13:38:36.608,  0.0
05.12.2025 13:38:40.528,  0.0
05.12.2025 13:38:44.518,  0.0
05.12.2025 13:38:48.546,  0.0
05.12.2025 13:38:52.706,  0.0
05.12.2025 13:38:56.627,  0.0
05.12.2025 13:39:00.626,  0.0
05.12.2025 13:39:04.536,  0.0
05.12.2025 13:39:08.556,  0.0
05.12.2025 13:39:12.556,  0.0
05.12.2025 13:39:16.666,  0.0
05.12.2025 13:39:20.546,  0.0
05.12.2025 13:39:24.556,  0.1
05.12.2025 13:39:28.556,  0.1
05.12.2025 13:39:32.546,  0.0
05.12.2025 13:39:36.556,  0.0
05.12.2025 13:39:40.546,  0.0
05.12.2025 13:39:44.666,  0.0
05.12.2025 13:39:48.666,  0.0
05.12.2025 13:39:52.556,  0.0
05.12.2025 13:39:56.666,  0.0
05.12.2025 13:40:00.666,  0.0
05.12.2025 13:40:04.566,  0.0
05.12.2025 13:40:08.566,  0.0
05.12.2025 13:40:12.666,  0.0
05.12.2025 13:40:16.566,  0.0
05.12.2025 13:40:20.566,  0.0
05.12.2025 13:40:24.567,  0.0
05.12.2025 13:40:28.666,  0.0
05.12.2025 13:40:32.568,  0.0
05.12.2025 13:40:36.556,  0.0
05.12.2025 13:40:40.566,  0.0
05.12.2025 13:40:44.567,  0.0
05.12.2025 13:40:48.666,  0.1
05.12.2025 13:40:52.567,  0.1
05.12.2025 13:40:56.566,  0.1
05.12.2025 13:41:00.556,  0.1
05.12.2025 13:41:04.566,  0.1
05.12.2025 13:41:08.566,  0.0
05.12.2025 13:41:12.666,  0.0
05.12.2025 13:41:16.666,  0.0
05.12.2025 13:41:20.666,  0.0
05.12.2025 13:41:24.666,  0.0
05.12.2025 13:41:28.667,  0.0
05.12.2025 13:41:32.566,  0.0
05.12.2025 13:41:36.566,  0.0
05.12.2025 13:41:40.566,  0.0
05.12.2025 13:41:44.566,  0.0
05.12.2025 13:41:48.566,  0.0
05.12.2025 13:41:52.556,  0.0
05.12.2025 13:41:56.566,  0.0
05.12.2025 13:42:00.566,  0.0
05.12.2025 13:42:04.556,  0.0
05.12.2025 13:42:08.566,  0.0
05.12.2025 13:42:14.566,  3.0
05.12.2025 13:42:18.556,  3.0
05.12.2025 13:42:22.566,  3.0
05.12.2025 13:42:26.566,  3.0
05.12.2025 13:42:30.556,  3.0
05.12.2025 13:42:34.566,  3.0
05.12.2025 13:42:38.556,  3.0
05.12.2025 13:42:42.566,  3.0
05.12.2025 13:42:46.556,  3.0
05.12.2025 13:42:50.566,  3.0
05.12.2025 13:42:54.556,  3.0
05.12.2025 13:42:58.566,  3.0
05.12.2025 13:43:02.566,  3.0
05.12.2025 13:43:06.656,  3.0
05.12.2025 13:43:10.656,  3.0
05.12.2025 13:43:14.656,  3.0
05.12.2025 13:43:18.566,  3.0
05.12.2025 13:43:22.566,  3.0
05.12.2025 13:43:26.556,  3.0
05.12.2025 13:43:30.566,  3.0
05.12.2025 13:43:34.566,  3.0
05.12.2025 13:43:38.656,  3.0
05.12.2025 13:43:42.656,  3.0
05.12.2025 13:43:46.656,  3.0
05.12.2025 13:43:50.671,  3.0
05.12.2025 13:43:54.591,  3.0
05.12.2025 13:43:58.751,  3.0
05.12.2025 13:44:02.591,  3.0
05.12.2025 13:44:06.591,  3.0
05.12.2025 13:44:10.601,  3.0
05.12.2025 13:44:14.601,  3.0
05.12.2025 13:44:18.601,  3.0
05.12.2025 13:44:22.591,  3.0
05.12.2025 13:44:26.591,  3.0
05.12.2025 13:44:30.601,  3.0
05.12.2025 13:44:34.601,  3.0
05.12.2025 13:44:38.711,  3.0
05.12.2025 13:44:42.591,  3.0
05.12.2025 13:44:46.601,  3.0
05.12.2025 13:44:50.611,  3.0
05.12.2025 13:44:54.611,  3.0
05.12.2025 13:44:58.601,  3.0
05.12.2025 13:45:02.601,  3.0
05.12.2025 13:45:06.711,  3.0
05.12.2025 13:45:10.612,  3.0
05.12.2025 13:45:14.611,  3.0
05.12.2025 13:45:18.601,  3.0
05.12.2025 13:45:22.611,  3.0
05.12.2025 13:45:26.711,  3.0
05.12.2025 13:45:30.651,  3.0
05.12.2025 13:45:34.751,  3.0
05.12.2025 13:45:38.711,  0.2
05.12.2025 13:45:42.712,  0.2
05.12.2025 13:45:46.611,  0.1
05.12.2025 13:45:50.611,  0.1
05.12.2025 13:45:54.611,  0.0
05.12.2025 13:45:58.612,  0.0
05.12.2025 13:46:02.611,  0.0
05.12.2025 13:46:06.601,  0.0
05.12.2025 13:46:10.711,  0.0
05.12.2025 13:46:14.701,  0.0
05.12.2025 13:46:18.711,  0.0
05.12.2025 13:46:22.611,  0.0
05.12.2025 13:46:26.611,  0.0
05.12.2025 13:46:30.612,  0.0
05.12.2025 13:46:34.621,  0.0
05.12.2025 13:46:38.621,  0.0
05.12.2025 13:46:42.701,  0.0
05.12.2025 13:46:46.701,  0.0
05.12.2025 13:46:50.621,  0.0
05.12.2025 13:46:54.621,  0.0
05.12.2025 13:46:58.621,  0.0
05.12.2025 13:47:02.611,  0.0
05.12.2025 13:47:06.621,  0.0
05.12.2025 13:47:10.621,  0.0
05.12.2025 13:47:14.701,  0.0
05.12.2025 13:47:18.701,  0.0
05.12.2025 13:47:22.611,  0.0
05.12.2025 13:47:26.701,  0.0
05.12.2025 13:47:30.781,  0.0
05.12.2025 13:47:34.651,  0.0
05.12.2025 13:47:38.621,  0.0
05.12.2025 13:47:42.621,  0.0
05.12.2025 13:47:46.621,  0.0
05.12.2025 13:47:50.611,  0.0
05.12.2025 13:47:54.701,  0.0
05.12.2025 13:47:58.701,  0.0
05.12.2025 13:48:02.701,  0.0
05.12.2025 13:48:06.741,  0.0
05.12.2025 13:48:10.701,  0.0
05.12.2025 13:48:14.622,  0.0
05.12.2025 13:48:18.611,  0.0
05.12.2025 13:48:22.621,  0.0
05.12.2025 13:48:26.621,  0.0
05.12.2025 13:48:30.701,  0.0
05.12.2025 13:48:34.622,  0.0
05.12.2025 13:48:38.621,  0.0
05.12.2025 13:48:42.611,  0.0
05.12.2025 13:48:46.621,  0.0
05.12.2025 13:48:50.639,  0.0
05.12.2025 13:48:54.719,  0.0
05.12.2025 13:48:58.839,  0.0
05.12.2025 13:49:02.639,  0.0
05.12.2025 13:49:06.629,  0.0
05.12.2025 13:49:10.639,  0.0
05.12.2025 13:49:14.799,  0.0
05.12.2025 13:49:18.639,  0.0
05.12.2025 13:49:22.719,  0.0
05.12.2025 13:49:26.759,  0.0
05.12.2025 13:49:30.639,  0.0
05.12.2025 13:49:34.719,  0.0
05.12.2025 13:49:38.639,  0.0
05.12.2025 13:49:42.629,  0.0
05.12.2025 13:49:46.629,  0.0
05.12.2025 13:49:50.719,  0.0
05.12.2025 13:49:54.639,  0.0
05.12.2025 13:49:58.839,  0.0
05.12.2025 13:50:02.639,  0.0
05.12.2025 13:50:06.639,  0.0
05.12.2025 13:50:10.639,  0.0
05.12.2025 13:50:14.629,  0.0
05.12.2025 13:50:18.639,  0.0
05.12.2025 13:50:22.639,  0.0
05.12.2025 13:50:26.709,  0.1
05.12.2025 13:50:30.629,  0.1
05.12.2025 13:50:34.629,  0.1
05.12.2025 13:50:38.639,  0.1
05.12.2025 13:50:42.639,  0.1
05.12.2025 13:50:46.640,  0.0
05.12.2025 13:50:50.629,  0.0
05.12.2025 13:50:54.649,  0.0
05.12.2025 13:50:58.639,  0.0
05.12.2025 13:51:02.649,  0.0
05.12.2025 13:51:06.639,  0.0
05.12.2025 13:51:10.759,  0.0
05.12.2025 13:51:14.639,  0.0
05.12.2025 13:51:18.639,  0.0
05.12.2025 13:51:22.649,  0.0
05.12.2025 13:51:26.649,  0.0
05.12.2025 13:51:30.749,  0.0
05.12.2025 13:51:34.749,  0.0
05.12.2025 13:51:38.749,  0.0
05.12.2025 13:51:42.649,  0.0
05.12.2025 13:51:46.639,  0.0
05.12.2025 13:51:52.749,  2.9
05.12.2025 13:51:56.639,  2.9
05.12.2025 13:52:00.749,  2.9
05.12.2025 13:52:04.650,  2.9
05.12.2025 13:52:08.650,  2.9
05.12.2025 13:52:12.749,  2.9
05.12.2025 13:52:16.650,  2.9
05.12.2025 13:52:20.639,  2.9
05.12.2025 13:52:24.649,  2.9
05.12.2025 13:52:28.649,  2.9
05.12.2025 13:52:32.649,  2.9
05.12.2025 13:52:36.649,  2.9
05.12.2025 13:52:40.649,  2.9
05.12.2025 13:52:44.639,  2.9
05.12.2025 13:52:48.639,  2.9
05.12.2025 13:52:52.749,  2.9
05.12.2025 13:52:56.749,  2.9
05.12.2025 13:53:00.749,  2.9
05.12.2025 13:53:04.749,  2.9
05.12.2025 13:53:08.649,  2.9
05.12.2025 13:53:12.649,  2.9
05.12.2025 13:53:16.649,  2.9
05.12.2025 13:53:20.649,  2.9
05.12.2025 13:53:24.749,  2.9
05.12.2025 13:53:28.749,  2.9
05.12.2025 13:53:32.749,  2.9
05.12.2025 13:53:36.749,  2.9
05.12.2025 13:53:40.749,  2.9
05.12.2025 13:53:44.669,  2.9
05.12.2025 13:53:48.803,  2.9
05.12.2025 13:53:52.663,  2.9
05.12.2025 13:53:56.663,  2.9
05.12.2025 13:54:00.653,  2.9
05.12.2025 13:54:04.663,  2.9
05.12.2025 13:54:08.664,  2.9
05.12.2025 13:54:12.653,  2.9
05.12.2025 13:54:16.663,  2.9
05.12.2025 13:54:20.663,  2.9
05.12.2025 13:54:24.673,  2.9
05.12.2025 13:54:28.763,  2.9
05.12.2025 13:54:32.763,  2.9
05.12.2025 13:54:36.753,  2.9
05.12.2025 13:54:40.683,  2.9
05.12.2025 13:54:44.803,  2.9
05.12.2025 13:54:48.763,  2.9
05.12.2025 13:54:52.673,  2.9
05.12.2025 13:54:56.673,  2.9
05.12.2025 13:55:00.663,  2.9
05.12.2025 13:55:04.673,  2.9
05.12.2025 13:55:08.673,  2.9
05.12.2025 13:55:12.763,  2.9
05.12.2025 13:55:16.673,  0.2
05.12.2025 13:55:20.673,  0.2
05.12.2025 13:55:24.673,  0.1
05.12.2025 13:55:28.663,  0.1
05.12.2025 13:55:32.673,  0.0
05.12.2025 13:55:36.663,  0.0
05.12.2025 13:55:40.673,  0.0
05.12.2025 13:55:44.673,  0.0
05.12.2025 13:55:48.673,  0.0
05.12.2025 13:55:52.674,  0.0
05.12.2025 13:55:56.663,  0.0
05.12.2025 13:56:00.663,  0.0
05.12.2025 13:56:04.673,  0.0
05.12.2025 13:56:08.674,  0.0
05.12.2025 13:56:12.793,  0.0
05.12.2025 13:56:16.753,  0.0
05.12.2025 13:56:20.753,  0.0
05.12.2025 13:56:24.793,  0.0
05.12.2025 13:56:28.684,  0.0
05.12.2025 13:56:32.673,  0.0
05.12.2025 13:56:36.673,  0.0
05.12.2025 13:56:40.683,  0.0
05.12.2025 13:56:44.673,  0.0
05.12.2025 13:56:48.793,  0.0
05.12.2025 13:56:52.673,  0.0
05.12.2025 13:56:56.683,  0.0
05.12.2025 13:57:00.683,  0.0
05.12.2025 13:57:04.793,  0.0
05.12.2025 13:57:08.673,  0.0
05.12.2025 13:57:12.673,  0.0
05.12.2025 13:57:16.793,  0.0
05.12.2025 13:57:20.793,  0.0
05.12.2025 13:57:24.793,  0.0
05.12.2025 13:57:28.683,  0.0
05.12.2025 13:57:32.793,  0.0
05.12.2025 13:57:36.793,  0.0
05.12.2025 13:57:40.683,  0.0
05.12.2025 13:57:44.683,  0.0
05.12.2025 13:57:48.793,  0.0
05.12.2025 13:57:52.683,  0.0
05.12.2025 13:57:56.693,  0.0
05.12.2025 13:58:00.683,  0.0
05.12.2025 13:58:04.683,  0.0
05.12.2025 13:58:08.683,  0.0
05.12.2025 13:58:12.693,  0.0
05.12.2025 13:58:16.694,  0.0
05.12.2025 13:58:20.693,  0.0
05.12.2025 13:58:24.693,  0.0
05.12.2025 13:58:28.693,  0.0
05.12.2025 13:58:32.683,  0.0
05.12.2025 13:58:36.693,  0.0
05.12.2025 13:58:40.683,  0.1
05.12.2025 13:58:44.793,  0.0
05.12.2025 13:58:48.702,  0.0
05.12.2025 13:58:52.702,  0.0
05.12.2025 13:58:56.702,  0.0
05.12.2025 13:59:00.792,  0.0
05.12.2025 13:59:04.802,  0.0
05.12.2025 13:59:08.712,  0.0
05.12.2025 13:59:12.702,  0.0
05.12.2025 13:59:16.712,  0.0
05.12.2025 13:59:20.712,  0.0
05.12.2025 13:59:24.702,  0.0
05.12.2025 13:59:28.792,  0.0
05.12.2025 13:59:32.792,  0.0
05.12.2025 13:59:36.702,  0.0
05.12.2025 13:59:40.712,  0.0
05.12.2025 13:59:44.832,  0.0
05.12.2025 13:59:48.832,  0.0
05.12.2025 13:59:52.832,  0.0
05.12.2025 13:59:56.712,  0.0
05.12.2025 14:00:00.792,  0.0
05.12.2025 14:00:04.832,  0.0
05.12.2025 14:00:08.712,  0.1
05.12.2025 14:00:12.712,  0.1
05.12.2025 14:00:16.722,  0.1
05.12.2025 14:00:20.712,  0.1
05.12.2025 14:00:24.722,  0.0
05.12.2025 14:00:28.832,  0.0
05.12.2025 14:00:32.832,  0.0
05.12.2025 14:00:36.832,  0.0
05.12.2025 14:00:40.832,  0.0
05.12.2025 14:00:44.712,  0.0
05.12.2025 14:00:48.832,  0.0
05.12.2025 14:00:52.832,  0.0
05.12.2025 14:00:56.723,  0.0
05.12.2025 14:01:00.723,  0.0
05.12.2025 14:01:04.712,  0.0
05.12.2025 14:01:08.712,  0.0
05.12.2025 14:01:12.722,  0.0
05.12.2025 14:01:16.832,  0.0
05.12.2025 14:01:20.832,  0.0
05.12.2025 14:01:24.832,  0.0
05.12.2025 14:01:28.832,  0.0
05.12.2025 14:01:32.772,  0.0
05.12.2025 14:01:36.872,  0.0
05.12.2025 14:01:40.722,  0.0
05.12.2025 14:01:45.832,  2.8
05.12.2025 14:01:49.722,  2.8
05.12.2025 14:01:53.722,  2.8
05.12.2025 14:01:57.722,  2.8
05.12.2025 14:02:01.832,  2.8
05.12.2025 14:02:05.832,  2.8
05.12.2025 14:02:09.832,  2.8
05.12.2025 14:02:13.832,  2.8
05.12.2025 14:02:17.732,  2.8
05.12.2025 14:02:21.732,  2.8
05.12.2025 14:02:25.832,  2.8
05.12.2025 14:02:29.832,  2.8
05.12.2025 14:02:33.832,  2.8
05.12.2025 14:02:37.833,  2.8
05.12.2025 14:02:41.742,  2.8
05.12.2025 14:02:45.732,  2.8
05.12.2025 14:02:49.742,  2.8
05.12.2025 14:02:53.732,  2.8
05.12.2025 14:02:57.742,  2.8
05.12.2025 14:03:01.832,  2.8
05.12.2025 14:03:05.812,  2.8
05.12.2025 14:03:09.952,  2.8
05.12.2025 14:03:13.872,  2.8
05.12.2025 14:03:17.822,  2.8
05.12.2025 14:03:21.742,  2.8
05.12.2025 14:03:25.732,  2.8
05.12.2025 14:03:29.732,  2.8
05.12.2025 14:03:33.742,  2.8
05.12.2025 14:03:37.822,  2.8
05.12.2025 14:03:41.832,  2.8
05.12.2025 14:03:45.832,  2.8
05.12.2025 14:03:49.760,  2.8
05.12.2025 14:03:53.840,  2.8
05.12.2025 14:03:57.750,  2.8
05.12.2025 14:04:01.750,  2.8
05.12.2025 14:04:05.760,  2.8
05.12.2025 14:04:09.770,  2.8
05.12.2025 14:04:13.770,  2.8
05.12.2025 14:04:17.770,  2.8
05.12.2025 14:04:21.770,  2.8
05.12.2025 14:04:25.770,  2.8
05.12.2025 14:04:29.770,  2.8
05.12.2025 14:04:33.760,  2.8
05.12.2025 14:04:37.880,  2.8
05.12.2025 14:04:41.760,  2.8
05.12.2025 14:04:45.770,  2.8
05.12.2025 14:04:49.770,  2.8
05.12.2025 14:04:53.760,  2.8
05.12.2025 14:04:57.880,  2.8
05.12.2025 14:05:01.880,  2.8
05.12.2025 14:05:05.880,  2.8
05.12.2025 14:05:09.880,  2.8
05.12.2025 14:05:13.830,  2.8
05.12.2025 14:05:17.920,  2.8
05.12.2025 14:05:21.880,  2.8
05.12.2025 14:05:25.880,  0.2
05.12.2025 14:05:29.880,  0.2
05.12.2025 14:05:33.880,  0.1
05.12.2025 14:05:37.880,  0.1
05.12.2025 14:05:41.770,  0.0
05.12.2025 14:05:45.770,  0.0
05.12.2025 14:05:49.770,  0.0
05.12.2025 14:05:53.760,  0.0
05.12.2025 14:05:57.760,  0.0
05.12.2025 14:06:01.880,  0.0
05.12.2025 14:06:05.880,  0.0
05.12.2025 14:06:09.880,  0.0
05.12.2025 14:06:13.880,  0.0
05.12.2025 14:06:17.760,  0.0
05.12.2025 14:06:21.770,  0.0
05.12.2025 14:06:25.770,  0.0
05.12.2025 14:06:29.770,  0.0
05.12.2025 14:06:33.880,  0.0
05.12.2025 14:06:37.880,  0.0
05.12.2025 14:06:41.770,  0.0
05.12.2025 14:06:45.770,  0.0
05.12.2025 14:06:49.880,  0.0
05.12.2025 14:06:53.881,  0.0
05.12.2025 14:06:57.880,  0.0
05.12.2025 14:07:01.780,  0.0
05.12.2025 14:07:05.770,  0.0
05.12.2025 14:07:09.880,  0.0
05.12.2025 14:07:13.780,  0.0
05.12.2025 14:07:17.880,  0.0
05.12.2025 14:07:21.830,  0.0
05.12.2025 14:07:25.770,  0.0
05.12.2025 14:07:29.770,  0.0
05.12.2025 14:07:33.880,  0.0
05.12.2025 14:07:37.770,  0.0
05.12.2025 14:07:41.880,  0.0
05.12.2025 14:07:45.780,  0.0
05.12.2025 14:07:49.770,  0.0
05.12.2025 14:07:53.780,  0.0
05.12.2025 14:07:57.770,  0.0
05.12.2025 14:08:01.780,  0.0
05.12.2025 14:08:05.780,  0.0
05.12.2025 14:08:09.870,  0.0
05.12.2025 14:08:13.770,  0.0
05.12.2025 14:08:17.780,  0.0
05.12.2025 14:08:21.780,  0.0
05.12.2025 14:08:25.870,  0.0
05.12.2025 14:08:29.780,  0.0
05.12.2025 14:08:33.870,  0.0
05.12.2025 14:08:37.870,  0.0
05.12.2025 14:08:41.870,  0.0
05.12.2025 14:08:45.770,  0.0
05.12.2025 14:08:49.781,  0.0
05.12.2025 14:08:53.791,  0.0
05.12.2025 14:08:57.781,  0.0
05.12.2025 14:09:01.881,  0.0
05.12.2025 14:09:05.881,  0.0
05.12.2025 14:09:09.792,  0.0
05.12.2025 14:09:13.881,  0.0
05.12.2025 14:09:17.792,  0.0
05.12.2025 14:09:21.791,  0.0
05.12.2025 14:09:25.881,  0.0
05.12.2025 14:09:29.881,  0.0
05.12.2025 14:09:33.791,  0.0
05.12.2025 14:09:37.791,  0.0
05.12.2025 14:09:41.801,  0.0
05.12.2025 14:09:45.801,  0.0
05.12.2025 14:09:49.921,  0.0
05.12.2025 14:09:53.811,  0.0
05.12.2025 14:09:57.811,  0.0
05.12.2025 14:10:01.811,  0.0
05.12.2025 14:10:05.921,  0.0
05.12.2025 14:10:09.921,  0.0
05.12.2025 14:10:13.921,  0.0
05.12.2025 14:10:17.921,  0.0
05.12.2025 14:10:21.921,  0.1
05.12.2025 14:10:25.801,  0.1
05.12.2025 14:10:29.801,  0.1
05.12.2025 14:10:33.811,  0.1
05.12.2025 14:10:37.811,  0.0
05.12.2025 14:10:41.801,  0.0
05.12.2025 14:10:45.811,  0.0
05.12.2025 14:10:49.801,  0.0
05.12.2025 14:10:53.811,  0.0
05.12.2025 14:10:57.811,  0.0
05.12.2025 14:11:01.921,  0.0
05.12.2025 14:11:05.921,  0.0
05.12.2025 14:11:09.922,  0.0
05.12.2025 14:11:13.921,  0.0
05.12.2025 14:11:17.811,  0.0
05.12.2025 14:11:21.811,  0.0
05.12.2025 14:11:25.921,  0.0
05.12.2025 14:11:29.812,  0.0
05.12.2025 14:11:33.811,  0.0
05.12.2025 14:11:37.801,  0.0
05.12.2025 14:11:41.811,  0.0
05.12.2025 14:11:45.811,  0.0
05.12.2025 14:11:49.811,  0.0
05.12.2025 14:11:55.801,  2.8
05.12.2025 14:11:59.911,  2.8
05.12.2025 14:12:03.911,  2.8
05.12.2025 14:12:07.921,  2.7
05.12.2025 14:12:11.911,  2.7
05.12.2025 14:12:15.911,  2.7
05.12.2025 14:12:19.921,  2.7
05.12.2025 14:12:23.911,  2.7
05.12.2025 14:12:27.911,  2.7
05.12.2025 14:12:31.822,  2.7
05.12.2025 14:12:35.811,  2.7
05.12.2025 14:12:39.821,  2.7
05.12.2025 14:12:43.811,  2.7
05.12.2025 14:12:47.911,  2.8
05.12.2025 14:12:51.911,  2.7
05.12.2025 14:12:55.821,  2.7
05.12.2025 14:12:59.821,  2.7
05.12.2025 14:13:03.821,  2.7
05.12.2025 14:13:07.811,  2.8
05.12.2025 14:13:11.811,  2.7
05.12.2025 14:13:15.911,  2.7
05.12.2025 14:13:19.911,  2.7
05.12.2025 14:13:23.911,  2.7
05.12.2025 14:13:27.811,  2.8
05.12.2025 14:13:31.811,  2.8
05.12.2025 14:13:35.821,  2.8
05.12.2025 14:13:39.811,  2.8
05.12.2025 14:13:43.911,  2.8
05.12.2025 14:13:47.911,  2.7
05.12.2025 14:13:51.931,  2.7
05.12.2025 14:13:55.931,  2.8
05.12.2025 14:13:59.851,  2.8
05.12.2025 14:14:03.841,  2.7
05.12.2025 14:14:07.931,  2.7
05.12.2025 14:14:11.931,  2.8
05.12.2025 14:14:15.852,  2.7
05.12.2025 14:14:19.851,  2.7
05.12.2025 14:14:23.851,  2.7
05.12.2025 14:14:27.841,  2.8
05.12.2025 14:14:31.851,  2.8
05.12.2025 14:14:35.931,  2.7
05.12.2025 14:14:39.841,  2.7
05.12.2025 14:14:43.851,  2.7
05.12.2025 14:14:47.851,  2.7
05.12.2025 14:14:51.851,  2.7
05.12.2025 14:14:55.851,  2.8
05.12.2025 14:14:59.842,  2.8
05.12.2025 14:15:03.971,  2.8
05.12.2025 14:15:07.861,  2.7
05.12.2025 14:15:11.851,  2.7
05.12.2025 14:15:15.861,  2.7
05.12.2025 14:15:19.861,  2.8
05.12.2025 14:15:23.972,  2.8
05.12.2025 14:15:27.861,  2.7
05.12.2025 14:15:31.861,  2.7
05.12.2025 14:15:35.861,  2.8
05.12.2025 14:15:39.871,  2.8
05.12.2025 14:15:43.961,  2.8
05.12.2025 14:15:47.861,  2.8
05.12.2025 14:15:51.871,  2.8
05.12.2025 14:15:55.961,  2.8
05.12.2025 14:15:59.871,  0.2
05.12.2025 14:16:03.861,  0.2
05.12.2025 14:16:07.871,  0.1
05.12.2025 14:16:11.871,  0.1
05.12.2025 14:16:15.961,  0.1
05.12.2025 14:16:19.861,  0.0
05.12.2025 14:16:23.871,  0.0
05.12.2025 14:16:27.871,  0.0
05.12.2025 14:16:31.961,  0.0
05.12.2025 14:16:35.861,  0.0
05.12.2025 14:16:39.961,  0.0
05.12.2025 14:16:43.871,  0.0
05.12.2025 14:16:47.871,  0.0
05.12.2025 14:16:51.871,  0.0
05.12.2025 14:16:55.881,  0.0
05.12.2025 14:17:00.001,  0.0
05.12.2025 14:17:03.961,  0.0
05.12.2025 14:17:07.871,  0.0
05.12.2025 14:17:11.881,  0.0
05.12.2025 14:17:15.871,  0.0
05.12.2025 14:17:19.881,  0.0
05.12.2025 14:17:23.871,  0.0
05.12.2025 14:17:27.871,  0.0
05.12.2025 14:17:31.941,  0.0
05.12.2025 14:17:36.081,  0.0
05.12.2025 14:17:39.871,  0.0
05.12.2025 14:17:43.881,  0.0
05.12.2025 14:17:47.961,  0.0
05.12.2025 14:17:51.881,  0.0
05.12.2025 14:17:55.871,  0.0
05.12.2025 14:17:59.961,  0.0
05.12.2025 14:18:03.881,  0.0
05.12.2025 14:18:08.001,  0.0
05.12.2025 14:18:11.961,  0.0
05.12.2025 14:18:16.041,  0.0
05.12.2025 14:18:19.961,  0.0
05.12.2025 14:18:23.881,  0.0
05.12.2025 14:18:28.041,  0.0
05.12.2025 14:18:31.961,  0.0
05.12.2025 14:18:35.961,  0.0
05.12.2025 14:18:39.881,  0.0
05.12.2025 14:18:43.891,  0.0
05.12.2025 14:18:47.881,  0.0
05.12.2025 14:18:52.011,  0.0
05.12.2025 14:18:55.901,  0.0
05.12.2025 14:19:00.011,  0.0
05.12.2025 14:19:03.891,  0.0
05.12.2025 14:19:07.901,  0.0
05.12.2025 14:19:11.911,  0.0
05.12.2025 14:19:15.901,  0.0
05.12.2025 14:19:19.951,  0.0
05.12.2025 14:19:24.051,  0.0
05.12.2025 14:19:28.011,  0.1
05.12.2025 14:19:32.011,  0.0
05.12.2025 14:19:36.012,  0.0
05.12.2025 14:19:39.901,  0.0
05.12.2025 14:19:43.901,  0.0
05.12.2025 14:19:47.951,  0.0
05.12.2025 14:19:52.051,  0.0
05.12.2025 14:19:55.901,  0.0
05.12.2025 14:20:00.011,  0.0
05.12.2025 14:20:04.011,  0.0
05.12.2025 14:20:08.001,  0.0
05.12.2025 14:20:11.921,  0.0
05.12.2025 14:20:15.952,  0.0
05.12.2025 14:20:20.041,  0.0
05.12.2025 14:20:24.041,  0.0
05.12.2025 14:20:28.041,  0.0
05.12.2025 14:20:31.941,  0.0
05.12.2025 14:20:35.931,  0.0
05.12.2025 14:20:40.051,  0.0
05.12.2025 14:20:43.941,  0.0
05.12.2025 14:20:47.931,  0.0
05.12.2025 14:20:51.942,  0.0
05.12.2025 14:20:56.051,  0.0
05.12.2025 14:21:00.041,  0.0
05.12.2025 14:21:03.951,  0.0
05.12.2025 14:21:07.951,  0.0
05.12.2025 14:21:11.951,  0.0
05.12.2025 14:21:15.941,  0.0
05.12.2025 14:21:20.041,  0.0
05.12.2025 14:21:23.941,  0.0
05.12.2025 14:21:27.951,  0.0
05.12.2025 14:21:32.041,  0.0
05.12.2025 14:21:36.041,  0.0
05.12.2025 14:21:39.941,  0.0
05.12.2025 14:21:43.951,  0.0
05.12.2025 14:21:47.941,  0.0
05.12.2025 14:21:52.041,  0.0
05.12.2025 14:21:55.941,  0.0
05.12.2025 14:21:59.941,  0.0
05.12.2025 14:22:04.041,  0.0
05.12.2025 14:22:07.951,  0.0
05.12.2025 14:22:11.951,  0.0
05.12.2025 14:22:15.941,  0.0
05.12.2025 14:22:20.041,  0.0
05.12.2025 14:22:24.041,  0.0
05.12.2025 14:22:27.951,  0.0
05.12.2025 14:22:31.941,  0.0
05.12.2025 14:22:35.951,  0.0
05.12.2025 14:22:40.041,  0.0
05.12.2025 14:22:43.951,  0.0
05.12.2025 14:22:47.951,  0.0
05.12.2025 14:22:51.941,  0.0
05.12.2025 14:22:56.041,  0.0
05.12.2025 14:22:59.941,  0.0
05.12.2025 14:23:03.951,  0.0
05.12.2025 14:23:08.041,  0.0
05.12.2025 14:23:12.041,  0.0
05.12.2025 14:23:16.041,  0.0
05.12.2025 14:23:19.941,  0.0
05.12.2025 14:23:23.951,  0.0
05.12.2025 14:23:27.951,  0.0
05.12.2025 14:23:31.951,  0.0
05.12.2025 14:23:35.941,  0.0
05.12.2025 14:23:40.041,  0.0
05.12.2025 14:23:43.951,  0.0
05.12.2025 14:23:47.951,  0.0
05.12.2025 14:23:51.966,  0.0
05.12.2025 14:23:55.966,  0.0
05.12.2025 14:23:59.956,  0.0
05.12.2025 14:24:03.956,  0.0
05.12.2025 14:24:08.056,  0.0
05.12.2025 14:24:12.056,  0.0
05.12.2025 14:24:15.976,  0.0
05.12.2025 14:24:20.056,  0.0
05.12.2025 14:24:23.976,  0.0
05.12.2025 14:24:27.976,  0.0
05.12.2025 14:24:31.976,  0.0
05.12.2025 14:24:35.976,  0.0
05.12.2025 14:24:39.976,  0.0
05.12.2025 14:24:43.976,  0.0
05.12.2025 14:24:47.966,  0.0
05.12.2025 14:24:52.126,  0.0
05.12.2025 14:24:55.966,  0.0
05.12.2025 14:24:59.966,  0.0
05.12.2025 14:25:03.966,  0.0
05.12.2025 14:25:07.976,  0.0
05.12.2025 14:25:11.976,  0.0
05.12.2025 14:25:16.086,  0.0
05.12.2025 14:25:20.086,  0.0
05.12.2025 14:25:24.086,  0.0
05.12.2025 14:25:28.086,  0.0
05.12.2025 14:25:32.086,  0.0
05.12.2025 14:25:35.997,  0.0
05.12.2025 14:25:39.996,  0.0
05.12.2025 14:25:43.996,  0.0
05.12.2025 14:25:48.006,  0.0
05.12.2025 14:25:52.006,  0.0
05.12.2025 14:25:56.126,  0.0
05.12.2025 14:26:00.086,  0.0
05.12.2025 14:26:08.086,  0.0
05.12.2025 14:26:11.996,  0.0
05.12.2025 14:26:16.086,  0.0
05.12.2025 14:26:20.006,  0.0
05.12.2025 14:26:24.126,  0.0
05.12.2025 14:26:28.086,  0.0
05.12.2025 14:26:32.046,  0.0
05.12.2025 14:26:36.166,  0.0
05.12.2025 14:26:40.016,  0.0
05.12.2025 14:26:44.126,  0.0
05.12.2025 14:26:48.017,  0.0
05.12.2025 14:26:52.126,  0.0
05.12.2025 14:26:56.126,  0.0
05.12.2025 14:27:00.017,  0.0
05.12.2025 14:27:04.126,  0.0
05.12.2025 14:27:08.006,  0.0
05.12.2025 14:27:12.016,  0.0
05.12.2025 14:27:16.016,  0.0
05.12.2025 14:27:20.016,  0.0
05.12.2025 14:27:24.016,  0.0
05.12.2025 14:27:28.006,  0.0
05.12.2025 14:27:32.016,  0.0
05.12.2025 14:27:36.006,  0.0
05.12.2025 14:27:41.016,  2.3
05.12.2025 14:27:45.126,  2.3
05.12.2025 14:27:49.016,  2.3
05.12.2025 14:27:53.006,  2.3
05.12.2025 14:27:57.016,  2.3
05.12.2025 14:28:01.006,  2.3
05.12.2025 14:28:05.016,  2.3
05.12.2025 14:28:09.006,  2.3
05.12.2025 14:28:13.016,  2.3
05.12.2025 14:28:17.016,  2.3
05.12.2025 14:28:21.026,  2.3
05.12.2025 14:28:25.026,  2.3
05.12.2025 14:28:29.016,  2.3
05.12.2025 14:28:33.016,  2.3
05.12.2025 14:28:37.016,  2.3
05.12.2025 14:28:41.126,  2.3
05.12.2025 14:28:45.027,  2.3
05.12.2025 14:28:49.041,  2.3
05.12.2025 14:28:53.131,  2.3
05.12.2025 14:28:57.141,  2.3
05.12.2025 14:29:01.141,  2.3
05.12.2025 14:29:05.141,  2.3
05.12.2025 14:29:09.031,  2.3
05.12.2025 14:29:13.031,  2.3
05.12.2025 14:29:17.041,  2.3
05.12.2025 14:29:21.041,  2.3
05.12.2025 14:29:25.131,  2.3
05.12.2025 14:29:29.131,  2.3
05.12.2025 14:29:33.041,  2.3
05.12.2025 14:29:37.131,  2.3
05.12.2025 14:29:41.131,  2.3
05.12.2025 14:29:45.131,  2.3
05.12.2025 14:29:49.131,  2.3
05.12.2025 14:29:53.131,  2.3
05.12.2025 14:29:57.131,  2.3
05.12.2025 14:30:01.042,  2.3
05.12.2025 14:30:05.041,  2.3
05.12.2025 14:30:09.031,  2.3
05.12.2025 14:30:13.031,  2.3
05.12.2025 14:30:17.041,  2.3
05.12.2025 14:30:21.131,  2.3
05.12.2025 14:30:25.131,  2.3
05.12.2025 14:30:29.042,  2.3
05.12.2025 14:30:33.131,  2.3
05.12.2025 14:30:37.131,  2.3
05.12.2025 14:30:41.131,  2.3
05.12.2025 14:30:45.041,  2.3
05.12.2025 14:30:49.041,  2.3
05.12.2025 14:30:53.041,  2.3
05.12.2025 14:30:57.041,  2.3
05.12.2025 14:31:01.041,  2.3
05.12.2025 14:31:05.131,  2.3
05.12.2025 14:31:09.251,  2.3
05.12.2025 14:31:13.131,  2.3
05.12.2025 14:31:17.132,  2.3
05.12.2025 14:31:21.041,  2.3
05.12.2025 14:31:25.051,  2.3
05.12.2025 14:31:29.052,  2.3
05.12.2025 14:31:33.131,  2.3
05.12.2025 14:31:37.051,  2.3
05.12.2025 14:31:41.051,  2.3
05.12.2025 14:31:45.041,  2.3
05.12.2025 14:31:49.051,  2.3
05.12.2025 14:31:53.101,  2.3
05.12.2025 14:31:57.041,  2.3
05.12.2025 14:32:01.051,  2.3
05.12.2025 14:32:05.211,  2.3
05.12.2025 14:32:09.131,  2.3
05.12.2025 14:32:13.251,  2.3
05.12.2025 14:32:17.131,  2.3
05.12.2025 14:32:21.051,  2.3
05.12.2025 14:32:25.171,  2.3
05.12.2025 14:32:29.051,  2.3
05.12.2025 14:32:33.041,  2.3
05.12.2025 14:32:37.051,  2.3
05.12.2025 14:32:41.051,  2.3
05.12.2025 14:32:45.041,  2.3
05.12.2025 14:32:49.052,  2.3
05.12.2025 14:32:53.041,  2.3
05.12.2025 14:32:57.171,  2.3
05.12.2025 14:33:01.061,  2.3
05.12.2025 14:33:05.051,  2.3
05.12.2025 14:33:09.061,  2.3
05.12.2025 14:33:13.061,  2.3
05.12.2025 14:33:17.061,  2.3
05.12.2025 14:33:21.171,  2.3
05.12.2025 14:33:25.161,  2.3
05.12.2025 14:33:29.061,  2.3
05.12.2025 14:33:33.061,  2.3
05.12.2025 14:33:37.171,  2.3
05.12.2025 14:33:41.061,  2.3
05.12.2025 14:33:45.061,  2.3
05.12.2025 14:33:49.077,  2.3
05.12.2025 14:33:53.177,  2.3
05.12.2025 14:33:57.177,  2.3
05.12.2025 14:34:01.177,  2.3
05.12.2025 14:34:05.177,  2.3
05.12.2025 14:34:09.177,  2.3
05.12.2025 14:34:13.177,  2.3
05.12.2025 14:34:17.177,  2.3
05.12.2025 14:34:21.067,  2.3
05.12.2025 14:34:25.077,  2.3
05.12.2025 14:34:29.077,  2.3
05.12.2025 14:34:33.077,  2.3
05.12.2025 14:34:37.067,  2.3
05.12.2025 14:34:41.177,  2.3
05.12.2025 14:34:45.078,  2.3
05.12.2025 14:34:49.067,  2.3
05.12.2025 14:34:53.177,  2.3
05.12.2025 14:34:57.067,  2.3
05.12.2025 14:35:01.087,  2.3
05.12.2025 14:35:05.087,  2.3
05.12.2025 14:35:09.077,  2.3
05.12.2025 14:35:13.088,  2.3
05.12.2025 14:35:17.087,  2.3
05.12.2025 14:35:21.087,  2.3
05.12.2025 14:35:25.177,  2.3
05.12.2025 14:35:29.077,  2.3
05.12.2025 14:35:33.087,  2.3
05.12.2025 14:35:37.077,  2.3
05.12.2025 14:35:41.087,  2.3
05.12.2025 14:35:45.087,  2.3
05.12.2025 14:35:49.097,  2.3
05.12.2025 14:35:53.098,  2.3
05.12.2025 14:35:57.097,  2.3
05.12.2025 14:36:01.097,  2.3
05.12.2025 14:36:05.217,  2.3
05.12.2025 14:36:09.097,  2.3
05.12.2025 14:36:13.087,  2.3
05.12.2025 14:36:17.177,  2.3
05.12.2025 14:36:21.177,  2.3
05.12.2025 14:36:25.097,  2.3
05.12.2025 14:36:29.087,  2.3
05.12.2025 14:36:33.097,  2.3
05.12.2025 14:36:37.217,  2.3
05.12.2025 14:36:41.178,  2.3
05.12.2025 14:36:45.097,  2.3
05.12.2025 14:36:49.097,  2.3
05.12.2025 14:36:53.098,  2.3
05.12.2025 14:36:57.097,  2.3
05.12.2025 14:37:01.217,  2.3
05.12.2025 14:37:05.097,  2.3
05.12.2025 14:37:09.087,  2.3
05.12.2025 14:37:13.087,  2.3
05.12.2025 14:37:17.257,  2.3
05.12.2025 14:37:21.087,  2.3
05.12.2025 14:37:25.097,  2.3
05.12.2025 14:37:29.097,  2.3
05.12.2025 14:37:33.097,  2.3
05.12.2025 14:37:37.087,  2.3
05.12.2025 14:37:41.098,  2.3
05.12.2025 14:37:45.297,  2.3
05.12.2025 14:37:49.207,  2.3
05.12.2025 14:37:53.207,  2.3
05.12.2025 14:37:57.098,  2.3
05.12.2025 14:38:01.207,  2.3
05.12.2025 14:38:05.287,  2.3
05.12.2025 14:38:09.097,  2.3
05.12.2025 14:38:13.107,  2.3
05.12.2025 14:38:17.108,  2.3
05.12.2025 14:38:21.107,  2.3
05.12.2025 14:38:25.108,  2.3
05.12.2025 14:38:29.107,  2.3
05.12.2025 14:38:33.207,  2.3
05.12.2025 14:38:37.207,  2.3
05.12.2025 14:38:41.097,  2.3
05.12.2025 14:38:45.207,  2.3
05.12.2025 14:38:49.110,  2.3
05.12.2025 14:38:53.120,  2.3
05.12.2025 14:38:57.220,  2.3
05.12.2025 14:39:01.220,  2.3
05.12.2025 14:39:05.110,  2.3
05.12.2025 14:39:09.110,  2.3
05.12.2025 14:39:13.120,  2.3
05.12.2025 14:39:17.120,  2.3
05.12.2025 14:39:21.220,  2.3
05.12.2025 14:39:25.120,  2.3
05.12.2025 14:39:29.220,  0.2
05.12.2025 14:39:33.120,  0.2
05.12.2025 14:39:37.120,  0.2
05.12.2025 14:39:41.110,  0.1
05.12.2025 14:39:45.110,  0.0
05.12.2025 14:39:49.220,  0.0
05.12.2025 14:39:53.131,  0.0
05.12.2025 14:39:57.220,  0.0
05.12.2025 14:40:01.120,  0.0
05.12.2025 14:40:05.130,  0.0
05.12.2025 14:40:09.130,  0.0
05.12.2025 14:40:13.131,  0.0
05.12.2025 14:40:17.120,  0.0
05.12.2025 14:40:21.130,  0.0
05.12.2025 14:40:25.130,  0.0
05.12.2025 14:40:29.120,  0.0
05.12.2025 14:40:33.130,  0.0
05.12.2025 14:40:37.220,  0.0
05.12.2025 14:40:41.220,  0.0
05.12.2025 14:40:45.130,  0.0
05.12.2025 14:40:49.120,  0.0
05.12.2025 14:40:53.120,  0.0
05.12.2025 14:40:57.140,  0.0
05.12.2025 14:41:01.130,  0.0
05.12.2025 14:41:05.260,  0.0
05.12.2025 14:41:09.141,  0.0
05.12.2025 14:41:13.260,  0.0
05.12.2025 14:41:17.220,  0.0
05.12.2025 14:41:21.210,  0.0
05.12.2025 14:41:25.330,  0.0
05.12.2025 14:41:29.340,  0.0
05.12.2025 14:41:33.260,  0.0
05.12.2025 14:41:37.150,  0.0
05.12.2025 14:41:41.140,  0.0
05.12.2025 14:41:45.260,  0.0
05.12.2025 14:41:49.150,  0.0
05.12.2025 14:41:53.250,  0.0
05.12.2025 14:41:57.260,  0.0
05.12.2025 14:42:01.250,  0.0
05.12.2025 14:42:05.150,  0.0
05.12.2025 14:42:09.250,  0.0
05.12.2025 14:42:13.150,  0.0
05.12.2025 14:42:17.250,  0.0
05.12.2025 14:42:21.161,  0.0
05.12.2025 14:42:25.250,  0.0
05.12.2025 14:42:29.250,  0.0
05.12.2025 14:42:33.150,  0.0
05.12.2025 14:42:37.250,  0.0
05.12.2025 14:42:41.160,  0.0
05.12.2025 14:42:45.250,  0.0
05.12.2025 14:42:49.150,  0.0
05.12.2025 14:42:53.220,  0.0
05.12.2025 14:42:57.370,  0.1
05.12.2025 14:43:01.290,  0.0
05.12.2025 14:43:05.250,  0.0
05.12.2025 14:43:09.250,  0.0
05.12.2025 14:43:13.160,  0.0
05.12.2025 14:43:17.250,  0.0
05.12.2025 14:43:21.150,  0.0
05.12.2025 14:43:25.160,  0.0
05.12.2025 14:43:29.250,  0.0
05.12.2025 14:43:33.250,  0.0
05.12.2025 14:43:37.160,  0.0
05.12.2025 14:43:41.161,  0.0
05.12.2025 14:43:45.161,  0.0
05.12.2025 14:43:49.170,  0.0
05.12.2025 14:43:53.270,  0.0
05.12.2025 14:43:57.270,  0.0
05.12.2025 14:44:01.270,  0.0
05.12.2025 14:44:05.270,  0.0
05.12.2025 14:44:09.270,  0.0
05.12.2025 14:44:13.270,  0.0
05.12.2025 14:44:17.170,  0.0
05.12.2025 14:44:21.270,  0.0
05.12.2025 14:44:25.170,  0.0
05.12.2025 14:44:29.180,  0.0
05.12.2025 14:44:33.180,  0.0
05.12.2025 14:44:37.170,  0.0
05.12.2025 14:44:41.270,  0.0
05.12.2025 14:44:45.170,  0.0
05.12.2025 14:44:49.180,  0.0
05.12.2025 14:44:53.240,  0.0
05.12.2025 14:44:57.390,  0.0
05.12.2025 14:45:01.310,  0.0
05.12.2025 14:45:05.271,  0.0
05.12.2025 14:45:09.510,  0.0
05.12.2025 14:45:13.270,  0.0
05.12.2025 14:45:17.270,  0.0
05.12.2025 14:45:21.240,  0.0
05.12.2025 14:45:25.180,  0.0
05.12.2025 14:45:29.180,  0.0
05.12.2025 14:45:33.270,  0.0
05.12.2025 14:45:37.260,  0.0
05.12.2025 14:45:41.260,  0.0
05.12.2025 14:45:45.270,  0.0
05.12.2025 14:45:49.240,  0.0
05.12.2025 14:45:53.390,  0.0
05.12.2025 14:45:57.300,  0.0
05.12.2025 14:46:01.260,  0.0
05.12.2025 14:46:05.270,  0.0
05.12.2025 14:46:09.260,  0.0
05.12.2025 14:46:13.260,  0.0
05.12.2025 14:46:17.230,  0.0
05.12.2025 14:46:21.380,  0.0
05.12.2025 14:46:25.310,  0.0
05.12.2025 14:46:29.260,  0.0
05.12.2025 14:46:33.340,  0.0
05.12.2025 14:46:37.260,  0.0
05.12.2025 14:46:41.260,  0.0
05.12.2025 14:46:45.230,  0.0
05.12.2025 14:46:49.380,  0.0
05.12.2025 14:46:53.300,  0.0
05.12.2025 14:46:57.260,  0.0
05.12.2025 14:47:01.170,  0.0
05.12.2025 14:47:05.180,  0.0
05.12.2025 14:47:09.170,  0.0
05.12.2025 14:47:13.180,  0.0
05.12.2025 14:47:17.170,  0.0
05.12.2025 14:47:21.260,  0.0
05.12.2025 14:47:25.260,  0.0
05.12.2025 14:47:29.260,  0.0
05.12.2025 14:47:33.340,  0.0
05.12.2025 14:47:37.260,  0.0
05.12.2025 14:47:41.240,  0.0
05.12.2025 14:47:45.340,  0.0
05.12.2025 14:47:49.170,  0.0
05.12.2025 14:47:53.170,  0.0
05.12.2025 14:47:57.170,  0.0
05.12.2025 14:48:01.170,  0.0
05.12.2025 14:48:05.180,  0.0
05.12.2025 14:48:09.190,  0.0
05.12.2025 14:48:13.180,  0.0
05.12.2025 14:48:17.191,  0.0
05.12.2025 14:48:21.300,  0.0
05.12.2025 14:48:25.200,  0.0
05.12.2025 14:48:29.300,  0.0
05.12.2025 14:48:33.190,  0.0
05.12.2025 14:48:37.200,  0.0
05.12.2025 14:48:41.201,  0.0
05.12.2025 14:48:45.200,  0.0
05.12.2025 14:48:49.206,  0.0
05.12.2025 14:48:53.206,  0.0
05.12.2025 14:48:57.216,  0.0
05.12.2025 14:49:01.216,  0.0
05.12.2025 14:49:05.256,  0.0
05.12.2025 14:49:09.356,  0.0
05.12.2025 14:49:13.316,  0.0
05.12.2025 14:49:17.206,  0.0
05.12.2025 14:49:21.206,  0.0
05.12.2025 14:49:25.316,  0.0
05.12.2025 14:49:29.317,  0.0
05.12.2025 14:49:33.216,  0.0
05.12.2025 14:49:37.316,  0.0
05.12.2025 14:49:41.316,  0.0
05.12.2025 14:49:45.226,  0.0
05.12.2025 14:49:49.436,  0.0
05.12.2025 14:49:53.316,  0.0
05.12.2025 14:49:57.226,  0.0
05.12.2025 14:50:01.237,  0.0
05.12.2025 14:50:05.236,  0.0
05.12.2025 14:50:09.356,  0.0
05.12.2025 14:50:13.346,  0.0
05.12.2025 14:50:17.226,  0.0
05.12.2025 14:50:21.237,  0.0
05.12.2025 14:50:25.236,  0.0
05.12.2025 14:50:29.236,  0.0
05.12.2025 14:50:33.237,  0.0
05.12.2025 14:50:37.226,  0.0
05.12.2025 14:50:41.236,  0.0
05.12.2025 14:50:45.346,  0.0
05.12.2025 14:50:49.346,  0.0
05.12.2025 14:50:53.256,  0.0
05.12.2025 14:50:57.246,  0.0
05.12.2025 14:51:01.256,  0.0
05.12.2025 14:51:05.256,  0.0
05.12.2025 14:51:10.346,  2.6
05.12.2025 14:51:14.256,  2.6
05.12.2025 14:51:18.256,  2.6
05.12.2025 14:51:22.246,  2.6
05.12.2025 14:51:26.246,  2.6
05.12.2025 14:51:30.256,  2.6
05.12.2025 14:51:34.246,  2.6
05.12.2025 14:51:38.346,  2.6
05.12.2025 14:51:42.257,  2.6
05.12.2025 14:51:46.256,  2.6
05.12.2025 14:51:50.246,  2.6
05.12.2025 14:51:54.256,  2.6
05.12.2025 14:51:58.246,  2.6
05.12.2025 14:52:02.346,  2.6
05.12.2025 14:52:06.346,  2.6
05.12.2025 14:52:10.346,  2.6
05.12.2025 14:52:14.346,  2.6
05.12.2025 14:52:18.346,  2.6
05.12.2025 14:52:22.346,  2.6
05.12.2025 14:52:26.346,  2.6
05.12.2025 14:52:30.346,  2.6
05.12.2025 14:52:34.256,  2.6
05.12.2025 14:52:38.246,  2.6
05.12.2025 14:52:42.346,  2.6
05.12.2025 14:52:46.346,  2.6
05.12.2025 14:52:50.346,  2.6
05.12.2025 14:52:54.346,  2.6
05.12.2025 14:52:58.266,  2.6
05.12.2025 14:53:02.266,  2.6
05.12.2025 14:53:06.266,  2.6
05.12.2025 14:53:10.267,  2.6
05.12.2025 14:53:14.267,  2.6
05.12.2025 14:53:18.386,  2.6
05.12.2025 14:53:22.256,  2.6
05.12.2025 14:53:26.267,  2.6
05.12.2025 14:53:30.267,  2.6
05.12.2025 14:53:34.267,  2.6
05.12.2025 14:53:38.256,  2.6
05.12.2025 14:53:42.266,  2.6
05.12.2025 14:53:46.267,  2.6
05.12.2025 14:53:50.266,  2.6
05.12.2025 14:53:54.306,  2.6
05.12.2025 14:53:58.276,  2.6
05.12.2025 14:54:02.266,  2.6
05.12.2025 14:54:06.276,  2.6
05.12.2025 14:54:10.266,  2.6
05.12.2025 14:54:14.266,  2.6
05.12.2025 14:54:18.276,  2.6
05.12.2025 14:54:22.266,  2.6
05.12.2025 14:54:26.276,  2.6
05.12.2025 14:54:30.476,  2.6
05.12.2025 14:54:34.266,  2.6
05.12.2025 14:54:38.276,  2.6
05.12.2025 14:54:42.266,  2.6
05.12.2025 14:54:46.266,  2.6
05.12.2025 14:54:50.276,  2.6
05.12.2025 14:54:54.266,  2.6
05.12.2025 14:54:58.276,  2.6
05.12.2025 14:55:02.386,  2.6
05.12.2025 14:55:06.266,  2.6
05.12.2025 14:55:10.266,  2.6
05.12.2025 14:55:14.386,  2.6
05.12.2025 14:55:18.266,  2.6
05.12.2025 14:55:22.276,  2.6
05.12.2025 14:55:26.266,  2.6
05.12.2025 14:55:30.276,  2.6
05.12.2025 14:55:34.266,  2.6
05.12.2025 14:55:38.266,  2.6
05.12.2025 14:55:42.266,  2.6
05.12.2025 14:55:46.266,  2.6
05.12.2025 14:55:50.276,  2.6
05.12.2025 14:55:54.266,  2.6
05.12.2025 14:55:58.276,  2.6
05.12.2025 14:56:02.386,  2.6
05.12.2025 14:56:06.387,  2.6
05.12.2025 14:56:10.386,  2.6
05.12.2025 14:56:14.386,  2.6
05.12.2025 14:56:18.386,  2.6
05.12.2025 14:56:22.266,  2.6
05.12.2025 14:56:26.266,  2.6
05.12.2025 14:56:30.276,  2.6
05.12.2025 14:56:34.277,  2.6
05.12.2025 14:56:38.276,  2.6
05.12.2025 14:56:42.386,  2.6
05.12.2025 14:56:46.386,  2.6
05.12.2025 14:56:50.386,  2.6
05.12.2025 14:56:54.386,  2.6
05.12.2025 14:56:58.277,  2.6
05.12.2025 14:57:02.266,  2.6
05.12.2025 14:57:06.276,  2.6
05.12.2025 14:57:10.266,  2.6
05.12.2025 14:57:14.386,  2.6
05.12.2025 14:57:18.386,  2.6
05.12.2025 14:57:22.266,  2.6
05.12.2025 14:57:26.276,  2.6
05.12.2025 14:57:30.386,  2.6
05.12.2025 14:57:34.386,  2.6
05.12.2025 14:57:38.266,  2.6
05.12.2025 14:57:42.276,  2.6
05.12.2025 14:57:46.266,  2.6
05.12.2025 14:57:50.276,  2.6
05.12.2025 14:57:54.387,  2.6
05.12.2025 14:57:58.386,  2.6
05.12.2025 14:58:02.266,  2.6
05.12.2025 14:58:06.376,  2.6
05.12.2025 14:58:10.386,  2.6
05.12.2025 14:58:14.376,  2.6
05.12.2025 14:58:18.376,  2.6
05.12.2025 14:58:22.386,  2.6
05.12.2025 14:58:26.376,  2.6
05.12.2025 14:58:30.386,  2.6
05.12.2025 14:58:34.386,  2.6
05.12.2025 14:58:38.386,  2.6
05.12.2025 14:58:42.306,  2.6
05.12.2025 14:58:46.426,  2.6
05.12.2025 14:58:50.400,  2.6
05.12.2025 14:58:54.291,  2.6
05.12.2025 14:58:58.280,  2.6
05.12.2025 14:59:02.290,  2.6
05.12.2025 14:59:06.291,  2.6
05.12.2025 14:59:10.390,  2.6
05.12.2025 14:59:14.390,  2.6
05.12.2025 14:59:18.390,  2.6
05.12.2025 14:59:22.320,  2.6
05.12.2025 14:59:26.430,  2.6
05.12.2025 14:59:30.390,  2.6
05.12.2025 14:59:34.390,  2.6
05.12.2025 14:59:38.390,  2.6
05.12.2025 14:59:42.390,  2.6
05.12.2025 14:59:46.390,  2.6
05.12.2025 14:59:50.390,  2.6
05.12.2025 14:59:54.390,  2.6
05.12.2025 14:59:58.390,  2.6
05.12.2025 15:00:02.390,  2.6
05.12.2025 15:00:06.280,  2.6
05.12.2025 15:00:10.280,  2.6
05.12.2025 15:00:14.280,  2.6
05.12.2025 15:00:18.290,  2.6
05.12.2025 15:00:22.280,  2.6
05.12.2025 15:00:26.290,  2.6
05.12.2025 15:00:30.390,  2.6
05.12.2025 15:00:34.320,  2.6
05.12.2025 15:00:38.430,  2.6
05.12.2025 15:00:42.390,  2.6
05.12.2025 15:00:46.390,  2.6
05.12.2025 15:00:50.290,  2.6
05.12.2025 15:00:54.290,  2.6
05.12.2025 15:00:58.290,  2.6
05.12.2025 15:01:02.280,  2.6
05.12.2025 15:01:06.290,  2.6
05.12.2025 15:01:10.390,  2.6
05.12.2025 15:01:14.290,  2.6
05.12.2025 15:01:18.280,  2.6
05.12.2025 15:01:22.290,  2.6
05.12.2025 15:01:26.280,  2.6
05.12.2025 15:01:30.290,  2.6
05.12.2025 15:01:34.280,  2.6
05.12.2025 15:01:38.390,  2.6
05.12.2025 15:01:42.390,  2.6
05.12.2025 15:01:46.390,  2.6
05.12.2025 15:01:50.290,  2.6
05.12.2025 15:01:54.391,  2.6
05.12.2025 15:01:58.391,  2.6
05.12.2025 15:02:02.390,  2.6
05.12.2025 15:02:06.300,  2.6
05.12.2025 15:02:10.391,  2.6
05.12.2025 15:02:14.290,  2.6
05.12.2025 15:02:18.300,  2.6
05.12.2025 15:02:22.290,  2.6
05.12.2025 15:02:26.290,  2.6
05.12.2025 15:02:30.390,  2.6
05.12.2025 15:02:34.380,  2.6
05.12.2025 15:02:38.300,  0.2
05.12.2025 15:02:42.300,  0.2
05.12.2025 15:02:46.290,  0.2
05.12.2025 15:02:50.390,  0.2
05.12.2025 15:02:54.300,  0.1
05.12.2025 15:02:58.310,  0.0
05.12.2025 15:03:02.300,  0.0
05.12.2025 15:03:06.310,  0.0
05.12.2025 15:03:10.300,  0.0
05.12.2025 15:03:14.420,  0.0
05.12.2025 15:03:18.381,  0.0
05.12.2025 15:03:22.420,  0.0
05.12.2025 15:03:26.300,  0.0
05.12.2025 15:03:30.310,  0.0
05.12.2025 15:03:34.311,  0.0
05.12.2025 15:03:38.310,  0.0
05.12.2025 15:03:42.320,  0.0
05.12.2025 15:03:46.420,  0.0
05.12.2025 15:03:50.345,  0.0
05.12.2025 15:03:54.354,  0.0
05.12.2025 15:03:58.364,  0.0
05.12.2025 15:04:02.384,  0.0
05.12.2025 15:04:06.474,  0.0
05.12.2025 15:04:10.474,  0.0
05.12.2025 15:04:14.384,  0.0
05.12.2025 15:04:18.384,  0.0
05.12.2025 15:04:22.374,  0.0
05.12.2025 15:04:26.474,  0.0
05.12.2025 15:04:30.474,  0.0
05.12.2025 15:04:34.474,  0.0
05.12.2025 15:04:38.374,  0.0
05.12.2025 15:04:42.384,  0.0
05.12.2025 15:04:46.474,  0.0
05.12.2025 15:04:50.594,  0.0
05.12.2025 15:04:54.594,  0.0
05.12.2025 15:04:58.394,  0.0
05.12.2025 15:05:02.404,  0.0
05.12.2025 15:05:06.414,  0.0
05.12.2025 15:05:10.514,  0.0
05.12.2025 15:05:14.515,  0.0
05.12.2025 15:05:18.514,  0.0
05.12.2025 15:05:22.514,  0.0
05.12.2025 15:05:26.424,  0.0
05.12.2025 15:05:30.444,  0.0
05.12.2025 15:05:34.434,  0.0
05.12.2025 15:05:38.554,  0.0
05.12.2025 15:05:42.434,  0.0
05.12.2025 15:05:46.434,  0.0
05.12.2025 15:05:50.554,  0.0
05.12.2025 15:05:54.434,  0.0
05.12.2025 15:05:58.554,  0.1
05.12.2025 15:06:02.554,  0.1
05.12.2025 15:06:06.434,  0.0
05.12.2025 15:06:10.554,  0.0
05.12.2025 15:06:14.554,  0.0
05.12.2025 15:06:18.494,  0.0
05.12.2025 15:06:22.444,  0.0
05.12.2025 15:06:26.554,  0.0
05.12.2025 15:06:30.554,  0.0
05.12.2025 15:06:34.544,  0.0
05.12.2025 15:06:38.444,  0.0
05.12.2025 15:06:42.444,  0.0
05.12.2025 15:06:46.434,  0.0
05.12.2025 15:06:50.444,  0.0
05.12.2025 15:06:54.434,  0.0
05.12.2025 15:06:58.434,  0.0
05.12.2025 15:07:02.554,  0.0
05.12.2025 15:07:06.434,  0.0
05.12.2025 15:07:10.544,  0.0
05.12.2025 15:07:14.444,  0.0
05.12.2025 15:07:18.434,  0.0
05.12.2025 15:07:22.444,  0.0
05.12.2025 15:07:26.544,  0.0
05.12.2025 15:07:30.444,  0.1
05.12.2025 15:07:34.444,  0.1
05.12.2025 15:07:38.444,  0.1
05.12.2025 15:07:42.544,  0.1
05.12.2025 15:07:46.544,  0.1
05.12.2025 15:07:50.444,  0.1
05.12.2025 15:07:54.444,  0.1
05.12.2025 15:07:58.444,  0.0
05.12.2025 15:08:02.454,  0.0
05.12.2025 15:08:06.454,  0.0
05.12.2025 15:08:10.544,  0.0
05.12.2025 15:08:14.544,  0.0
05.12.2025 15:08:18.454,  0.0
05.12.2025 15:08:22.544,  0.0
05.12.2025 15:08:26.465,  0.0
05.12.2025 15:08:30.464,  0.0
05.12.2025 15:08:34.454,  0.0
05.12.2025 15:08:38.464,  0.0
05.12.2025 15:08:42.464,  0.0
05.12.2025 15:08:46.474,  0.0
05.12.2025 15:08:50.478,  0.0
05.12.2025 15:08:55.488,  2.4
05.12.2025 15:08:59.478,  2.4
05.12.2025 15:09:03.488,  2.4
05.12.2025 15:09:07.488,  2.4
05.12.2025 15:09:11.598,  2.4
05.12.2025 15:09:15.598,  2.4
05.12.2025 15:09:19.598,  2.4
05.12.2025 15:09:23.598,  2.4
05.12.2025 15:09:27.598,  2.4
05.12.2025 15:09:31.548,  2.4
05.12.2025 15:09:35.638,  2.4
05.12.2025 15:09:39.598,  2.4
05.12.2025 15:09:43.598,  2.4
05.12.2025 15:09:47.598,  2.4
05.12.2025 15:09:51.498,  2.4
05.12.2025 15:09:55.488,  2.4
05.12.2025 15:09:59.498,  2.4
05.12.2025 15:10:03.498,  2.4
05.12.2025 15:10:07.488,  2.4
05.12.2025 15:10:11.599,  2.4
05.12.2025 15:10:15.488,  2.4
05.12.2025 15:10:19.498,  2.4
05.12.2025 15:10:23.598,  2.4
05.12.2025 15:10:27.598,  2.4
05.12.2025 15:10:31.498,  2.4
05.12.2025 15:10:35.488,  2.4
05.12.2025 15:10:39.498,  2.4
05.12.2025 15:10:43.498,  2.4
05.12.2025 15:10:47.488,  2.4
05.12.2025 15:10:51.588,  2.4
05.12.2025 15:10:55.498,  2.4
05.12.2025 15:10:59.588,  2.4
05.12.2025 15:11:03.588,  2.4
05.12.2025 15:11:07.588,  2.4
05.12.2025 15:11:11.488,  2.4
05.12.2025 15:11:15.498,  2.4
05.12.2025 15:11:19.498,  2.4
05.12.2025 15:11:23.488,  2.4
05.12.2025 15:11:27.588,  2.4
05.12.2025 15:11:31.598,  2.4
05.12.2025 15:11:35.488,  2.4
05.12.2025 15:11:39.598,  2.4
05.12.2025 15:11:43.588,  2.4
05.12.2025 15:11:47.488,  2.4
05.12.2025 15:11:51.488,  2.4
05.12.2025 15:11:55.499,  2.4
05.12.2025 15:11:59.498,  2.4
05.12.2025 15:12:03.588,  2.4
05.12.2025 15:12:07.588,  2.4
05.12.2025 15:12:11.588,  2.4
05.12.2025 15:12:15.588,  2.4
05.12.2025 15:12:19.508,  0.2
05.12.2025 15:12:23.508,  0.1
05.12.2025 15:12:27.498,  0.1
05.12.2025 15:12:31.508,  0.0
05.12.2025 15:12:35.508,  0.0
05.12.2025 15:12:39.508,  0.0
05.12.2025 15:12:43.498,  0.0
05.12.2025 15:12:47.498,  0.0
05.12.2025 15:12:51.508,  0.0
05.12.2025 15:12:55.498,  0.0
05.12.2025 15:12:59.588,  0.0
05.12.2025 15:13:03.498,  0.0
05.12.2025 15:13:07.498,  0.0
05.12.2025 15:13:11.508,  0.0
05.12.2025 15:13:15.508,  0.0
05.12.2025 15:13:19.628,  0.0
05.12.2025 15:13:23.588,  0.0
05.12.2025 15:13:27.508,  0.0
05.12.2025 15:13:31.508,  0.0
05.12.2025 15:13:35.588,  0.0
05.12.2025 15:13:39.548,  0.0
05.12.2025 15:13:43.628,  0.0
05.12.2025 15:13:47.588,  0.0
05.12.2025 15:13:51.612,  0.0
05.12.2025 15:13:55.532,  0.0
05.12.2025 15:13:59.612,  0.0
05.12.2025 15:14:03.612,  0.0
05.12.2025 15:14:07.522,  0.0
05.12.2025 15:14:11.522,  0.0
05.12.2025 15:14:15.532,  0.0
05.12.2025 15:14:19.522,  0.0
05.12.2025 15:14:23.732,  0.0
05.12.2025 15:14:27.522,  0.0
05.12.2025 15:14:31.522,  0.0
05.12.2025 15:14:35.532,  0.0
05.12.2025 15:14:39.732,  0.0
05.12.2025 15:14:43.532,  0.0
05.12.2025 15:14:47.612,  0.0
05.12.2025 15:14:51.642,  0.0
05.12.2025 15:14:55.732,  0.0
05.12.2025 15:14:59.602,  0.0
05.12.2025 15:15:03.522,  0.0
05.12.2025 15:15:07.692,  0.0
05.12.2025 15:15:11.532,  0.0
05.12.2025 15:15:15.652,  0.0
05.12.2025 15:15:19.522,  0.0
05.12.2025 15:15:23.682,  0.0
05.12.2025 15:15:27.522,  0.0
05.12.2025 15:15:31.532,  0.0
05.12.2025 15:15:35.522,  0.0
05.12.2025 15:15:39.602,  0.1
05.12.2025 15:15:43.642,  0.1
05.12.2025 15:15:47.602,  0.1
05.12.2025 15:15:51.522,  0.0
05.12.2025 15:15:55.572,  0.0
05.12.2025 15:15:59.682,  0.0
05.12.2025 15:16:03.642,  0.0
05.12.2025 15:16:07.642,  0.0
05.12.2025 15:16:11.532,  0.0
05.12.2025 15:16:15.522,  0.0
05.12.2025 15:16:19.532,  0.0
05.12.2025 15:16:23.532,  0.0
05.12.2025 15:16:27.642,  0.0
05.12.2025 15:16:31.642,  0.0
05.12.2025 15:16:35.532,  0.0
05.12.2025 15:16:39.532,  0.0
05.12.2025 15:16:43.642,  0.0
05.12.2025 15:16:47.532,  0.0
05.12.2025 15:16:51.522,  0.0
05.12.2025 15:16:55.532,  0.0
05.12.2025 15:16:59.522,  0.0
05.12.2025 15:17:03.522,  0.0
05.12.2025 15:17:07.532,  0.0
05.12.2025 15:17:11.522,  0.0
05.12.2025 15:17:15.642,  0.0
05.12.2025 15:17:19.532,  0.0
05.12.2025 15:17:23.522,  0.0
05.12.2025 15:17:27.522,  0.0
05.12.2025 15:17:31.532,  0.0
05.12.2025 15:17:35.642,  0.0
05.12.2025 15:17:39.522,  0.0
05.12.2025 15:17:43.642,  0.0
05.12.2025 15:17:47.572,  0.0
05.12.2025 15:17:51.682,  0.0
05.12.2025 15:17:55.533,  0.0
05.12.2025 15:17:59.532,  0.0
05.12.2025 15:18:03.642,  0.0
05.12.2025 15:18:07.542,  0.0
05.12.2025 15:18:11.642,  0.0
05.12.2025 15:18:15.532,  0.0
05.12.2025 15:18:19.542,  0.0
05.12.2025 15:18:23.532,  0.0
05.12.2025 15:18:27.542,  0.0
05.12.2025 15:18:31.542,  0.0
05.12.2025 15:18:35.542,  0.0
05.12.2025 15:18:39.532,  0.0
05.12.2025 15:18:43.542,  0.0
05.12.2025 15:18:47.543,  0.0
05.12.2025 15:18:51.543,  0.0
05.12.2025 15:18:55.543,  0.0
05.12.2025 15:18:59.553,  0.0
05.12.2025 15:19:03.543,  0.0
05.12.2025 15:19:07.553,  0.0
05.12.2025 15:19:11.553,  0.0
05.12.2025 15:19:15.543,  0.0
05.12.2025 15:19:19.653,  0.0
05.12.2025 15:19:23.643,  0.0
05.12.2025 15:19:27.653,  0.0
05.12.2025 15:19:31.643,  0.0
05.12.2025 15:19:35.643,  0.0
05.12.2025 15:19:39.583,  0.0
05.12.2025 15:19:43.693,  0.0
05.12.2025 15:19:47.643,  0.0
05.12.2025 15:19:51.763,  0.0
05.12.2025 15:19:55.693,  0.0
05.12.2025 15:19:59.583,  0.0
05.12.2025 15:20:03.583,  0.0
05.12.2025 15:20:07.593,  0.0
05.12.2025 15:20:11.683,  0.0
05.12.2025 15:20:15.583,  0.0
05.12.2025 15:20:19.683,  0.0
05.12.2025 15:20:23.593,  0.0
05.12.2025 15:20:27.683,  0.0
05.12.2025 15:20:31.683,  0.0
05.12.2025 15:20:35.603,  0.0
05.12.2025 15:20:39.604,  0.0
05.12.2025 15:20:43.593,  0.0
05.12.2025 15:20:47.603,  0.0
05.12.2025 15:20:51.593,  0.0
05.12.2025 15:20:55.603,  0.0
05.12.2025 15:20:59.603,  0.0
05.12.2025 15:21:03.683,  0.0
05.12.2025 15:21:07.683,  0.0
05.12.2025 15:21:11.603,  0.0
05.12.2025 15:21:15.604,  0.0
05.12.2025 15:21:19.683,  0.0
05.12.2025 15:21:23.603,  0.0
05.12.2025 15:21:27.603,  0.0
05.12.2025 15:21:31.763,  0.0
05.12.2025 15:21:35.683,  0.0
05.12.2025 15:21:39.603,  0.0
05.12.2025 15:21:43.663,  0.0
05.12.2025 15:21:47.803,  0.0
05.12.2025 15:21:51.723,  0.0
05.12.2025 15:21:55.603,  0.0
05.12.2025 15:21:59.603,  0.0
05.12.2025 15:22:03.683,  0.0
05.12.2025 15:22:07.604,  0.0
05.12.2025 15:22:11.593,  0.0
05.12.2025 15:22:15.723,  0.0
05.12.2025 15:22:19.683,  0.0
05.12.2025 15:22:23.803,  0.0
05.12.2025 15:22:27.683,  0.0
05.12.2025 15:22:31.604,  0.0
05.12.2025 15:22:35.603,  0.0
05.12.2025 15:22:39.603,  0.0
05.12.2025 15:22:43.683,  0.0
05.12.2025 15:22:47.683,  0.0
05.12.2025 15:22:51.683,  0.0
05.12.2025 15:22:55.603,  0.0
05.12.2025 15:22:59.604,  0.0
05.12.2025 15:23:03.603,  0.0
05.12.2025 15:23:07.804,  0.0
05.12.2025 15:23:11.593,  0.0
05.12.2025 15:23:15.603,  0.0
05.12.2025 15:23:19.683,  0.0
05.12.2025 15:23:23.683,  0.0
05.12.2025 15:23:27.603,  0.0
05.12.2025 15:23:31.603,  0.0
05.12.2025 15:23:35.603,  0.0
05.12.2025 15:23:39.723,  0.0
05.12.2025 15:23:43.713,  0.0
05.12.2025 15:23:47.603,  0.0
05.12.2025 15:23:51.737,  0.0
05.12.2025 15:23:56.627,  3.5
05.12.2025 15:24:00.617,  3.5
05.12.2025 15:24:04.627,  3.5
05.12.2025 15:24:08.737,  3.5
05.12.2025 15:24:12.617,  3.5
05.12.2025 15:24:16.627,  3.5
05.12.2025 15:24:20.627,  3.5
05.12.2025 15:24:24.627,  3.5
05.12.2025 15:24:28.617,  3.5
05.12.2025 15:24:32.617,  3.5
05.12.2025 15:24:36.727,  3.5
05.12.2025 15:24:40.727,  3.5
05.12.2025 15:24:44.617,  3.5
05.12.2025 15:24:48.627,  3.5
05.12.2025 15:24:52.727,  3.5
05.12.2025 15:24:56.727,  3.5
05.12.2025 15:25:00.727,  3.5
05.12.2025 15:25:04.617,  3.5
05.12.2025 15:25:08.627,  3.5
05.12.2025 15:25:12.637,  3.5
05.12.2025 15:25:16.627,  3.5
05.12.2025 15:25:20.637,  3.5
05.12.2025 15:25:24.727,  3.5
05.12.2025 15:25:28.728,  3.5
05.12.2025 15:25:32.727,  3.5
05.12.2025 15:25:36.638,  3.5
05.12.2025 15:25:40.637,  3.5
05.12.2025 15:25:44.627,  3.5
05.12.2025 15:25:48.637,  3.5
05.12.2025 15:25:52.627,  3.5
05.12.2025 15:25:56.627,  3.5
05.12.2025 15:26:00.727,  3.5
05.12.2025 15:26:04.727,  3.5
05.12.2025 15:26:08.727,  3.5
05.12.2025 15:26:12.717,  3.5
05.12.2025 15:26:16.847,  3.5
05.12.2025 15:26:20.767,  3.5
05.12.2025 15:26:24.727,  3.5
05.12.2025 15:26:28.647,  3.5
05.12.2025 15:26:32.647,  3.5
05.12.2025 15:26:36.647,  3.5
05.12.2025 15:26:40.637,  3.5
05.12.2025 15:26:44.647,  3.5
05.12.2025 15:26:48.647,  3.5
05.12.2025 15:26:52.727,  3.5
05.12.2025 15:26:56.727,  3.5
05.12.2025 15:27:00.727,  3.5
05.12.2025 15:27:04.637,  3.5
05.12.2025 15:27:08.647,  3.5
05.12.2025 15:27:12.807,  3.5
05.12.2025 15:27:16.727,  3.5
05.12.2025 15:27:20.848,  3.5
05.12.2025 15:27:24.647,  3.5
05.12.2025 15:27:28.647,  3.5
05.12.2025 15:27:32.647,  3.5
05.12.2025 15:27:36.647,  3.5
05.12.2025 15:27:40.647,  3.5
05.12.2025 15:27:44.767,  3.5
05.12.2025 15:27:48.647,  3.5
05.12.2025 15:27:52.647,  3.5
05.12.2025 15:27:56.637,  3.5
05.12.2025 15:28:00.767,  3.5
05.12.2025 15:28:04.637,  3.5
05.12.2025 15:28:08.647,  3.5
05.12.2025 15:28:12.757,  3.5
05.12.2025 15:28:16.647,  3.5
05.12.2025 15:28:20.637,  3.5
05.12.2025 15:28:24.797,  3.5
05.12.2025 15:28:28.757,  3.5
05.12.2025 15:28:32.767,  3.5
05.12.2025 15:28:36.837,  3.5
05.12.2025 15:28:40.757,  3.5
05.12.2025 15:28:44.757,  3.5
05.12.2025 15:28:48.661,  3.5
05.12.2025 15:28:52.661,  3.5
05.12.2025 15:28:56.662,  3.5
05.12.2025 15:29:00.661,  3.5
05.12.2025 15:29:04.662,  3.5
05.12.2025 15:29:08.661,  3.5
05.12.2025 15:29:12.661,  3.5
05.12.2025 15:29:16.662,  3.5
05.12.2025 15:29:20.661,  3.5
05.12.2025 15:29:24.661,  3.5
05.12.2025 15:29:28.771,  3.5
05.12.2025 15:29:33.011,  3.5
05.12.2025 15:29:36.661,  3.5
05.12.2025 15:29:40.651,  3.5
05.12.2025 15:29:44.661,  3.5
05.12.2025 15:29:48.771,  3.5
05.12.2025 15:29:52.651,  3.5
05.12.2025 15:29:56.661,  3.5
05.12.2025 15:30:00.771,  3.5
05.12.2025 15:30:04.671,  3.5
05.12.2025 15:30:08.771,  3.5
05.12.2025 15:30:12.671,  3.5
05.12.2025 15:30:16.672,  3.5
05.12.2025 15:30:20.771,  3.5
05.12.2025 15:30:24.771,  3.5
05.12.2025 15:30:28.671,  3.5
05.12.2025 15:30:32.671,  3.5
05.12.2025 15:30:36.661,  3.5
05.12.2025 15:30:40.671,  3.5
05.12.2025 15:30:44.771,  3.5
05.12.2025 15:30:48.671,  3.5
05.12.2025 15:30:52.661,  3.5
05.12.2025 15:30:56.771,  3.5
05.12.2025 15:31:00.671,  3.5
05.12.2025 15:31:04.671,  3.5
05.12.2025 15:31:08.671,  3.5
05.12.2025 15:31:12.771,  3.5
05.12.2025 15:31:16.771,  3.5
05.12.2025 15:31:20.771,  3.5
05.12.2025 15:31:24.771,  3.5
05.12.2025 15:31:28.671,  3.5
05.12.2025 15:31:32.661,  3.5
05.12.2025 15:31:36.671,  3.5
05.12.2025 15:31:40.661,  3.5
05.12.2025 15:31:44.771,  3.5
05.12.2025 15:31:48.771,  3.5
05.12.2025 15:31:52.731,  3.5
05.12.2025 15:31:56.881,  3.5
05.12.2025 15:32:00.801,  3.5
05.12.2025 15:32:04.771,  3.5
05.12.2025 15:32:08.661,  3.5
05.12.2025 15:32:12.672,  3.5
05.12.2025 15:32:16.671,  3.5
05.12.2025 15:32:20.661,  3.5
05.12.2025 15:32:24.761,  3.5
05.12.2025 15:32:28.771,  3.5
05.12.2025 15:32:32.771,  3.5
05.12.2025 15:32:36.671,  3.5
05.12.2025 15:32:40.661,  3.5
05.12.2025 15:32:44.671,  3.5
05.12.2025 15:32:48.671,  3.5
05.12.2025 15:32:52.661,  3.5
05.12.2025 15:32:56.761,  3.5
05.12.2025 15:33:00.671,  3.5
05.12.2025 15:33:04.661,  3.5
05.12.2025 15:33:08.674,  3.5
05.12.2025 15:33:12.672,  3.5
05.12.2025 15:33:16.761,  3.5
05.12.2025 15:33:20.761,  3.5
05.12.2025 15:33:24.761,  3.5
05.12.2025 15:33:28.761,  3.5
05.12.2025 15:33:32.761,  3.5
05.12.2025 15:33:36.761,  3.5
05.12.2025 15:33:40.731,  3.5
05.12.2025 15:33:44.881,  3.5
05.12.2025 15:33:48.819,  3.5
05.12.2025 15:33:52.779,  3.5
05.12.2025 15:33:56.779,  3.5
05.12.2025 15:34:00.779,  3.5
05.12.2025 15:34:04.779,  3.5
05.12.2025 15:34:08.779,  3.5
05.12.2025 15:34:12.779,  3.5
05.12.2025 15:34:16.819,  3.5
05.12.2025 15:34:20.710,  3.5
05.12.2025 15:34:24.720,  3.5
05.12.2025 15:34:28.819,  3.5
05.12.2025 15:34:32.729,  3.5
05.12.2025 15:34:36.819,  3.5
05.12.2025 15:34:40.940,  3.5
05.12.2025 15:34:44.819,  3.5
05.12.2025 15:34:48.859,  3.5
05.12.2025 15:34:52.819,  3.5
05.12.2025 15:34:56.859,  3.5
05.12.2025 15:35:00.819,  3.5
05.12.2025 15:35:04.859,  3.5
05.12.2025 15:35:08.939,  3.5
05.12.2025 15:35:12.859,  3.5
05.12.2025 15:35:16.859,  3.5
05.12.2025 15:35:20.819,  3.5
05.12.2025 15:35:24.739,  3.5
05.12.2025 15:35:28.739,  3.5
05.12.2025 15:35:32.739,  3.5
05.12.2025 15:35:36.740,  3.5
05.12.2025 15:35:40.739,  3.5
05.12.2025 15:35:43.739,  3.5
05.12.2025 15:35:47.729,  0.2
05.12.2025 15:35:51.729,  0.2
05.12.2025 15:35:55.739,  0.1
05.12.2025 15:35:59.809,  0.1
05.12.2025 15:36:03.859,  0.1
05.12.2025 15:36:07.819,  0.1
05.12.2025 15:36:11.849,  0.0
05.12.2025 15:36:15.739,  0.0
05.12.2025 15:36:19.929,  0.0
05.12.2025 15:36:23.729,  0.0
05.12.2025 15:36:27.739,  0.0
05.12.2025 15:36:31.739,  0.0
05.12.2025 15:36:35.739,  0.0
05.12.2025 15:36:39.849,  0.0
05.12.2025 15:36:43.749,  0.0
05.12.2025 15:36:47.739,  0.0
05.12.2025 15:36:51.749,  0.0
05.12.2025 15:36:55.749,  0.0
05.12.2025 15:36:59.739,  0.0
05.12.2025 15:37:03.849,  0.0
05.12.2025 15:37:07.849,  0.0
05.12.2025 15:37:11.859,  0.0
05.12.2025 15:37:15.749,  0.0
05.12.2025 15:37:19.849,  0.0
05.12.2025 15:37:23.749,  0.0
05.12.2025 15:37:27.739,  0.0
05.12.2025 15:37:31.749,  0.0
05.12.2025 15:37:35.849,  0.0
05.12.2025 15:37:39.749,  0.0
05.12.2025 15:37:43.749,  0.0
05.12.2025 15:37:47.739,  0.0
05.12.2025 15:37:51.849,  0.0
05.12.2025 15:37:55.849,  0.0
05.12.2025 15:37:59.849,  0.0
05.12.2025 15:38:03.749,  0.0
05.12.2025 15:38:07.739,  0.0
05.12.2025 15:38:11.749,  0.0
05.12.2025 15:38:15.749,  0.0
05.12.2025 15:38:19.849,  0.0
05.12.2025 15:38:23.750,  0.0
05.12.2025 15:38:27.749,  0.0
05.12.2025 15:38:31.849,  0.0
05.12.2025 15:38:35.849,  0.0
05.12.2025 15:38:39.849,  0.0
05.12.2025 15:38:43.739,  0.0
05.12.2025 15:38:47.749,  0.0
05.12.2025 15:38:51.760,  0.0
05.12.2025 15:38:55.800,  0.0
05.12.2025 15:38:59.900,  0.0
05.12.2025 15:39:03.760,  0.0
05.12.2025 15:39:07.761,  0.0
05.12.2025 15:39:11.760,  0.1
05.12.2025 15:39:15.860,  0.1
05.12.2025 15:39:19.860,  0.0
05.12.2025 15:39:23.771,  0.0
05.12.2025 15:39:27.760,  0.0
05.12.2025 15:39:31.760,  0.0
05.12.2025 15:39:35.771,  0.0
05.12.2025 15:39:39.760,  0.0
05.12.2025 15:39:43.860,  0.0
05.12.2025 15:39:47.770,  0.0
05.12.2025 15:39:51.860,  0.0
05.12.2025 15:39:55.861,  0.0
05.12.2025 15:39:59.770,  0.0
05.12.2025 15:40:03.770,  0.0
05.12.2025 15:40:07.860,  0.0
05.12.2025 15:40:11.851,  0.0
05.12.2025 15:40:15.850,  0.0
05.12.2025 15:40:19.760,  0.0
05.12.2025 15:40:23.760,  0.0
05.12.2025 15:40:27.860,  0.0
05.12.2025 15:40:31.770,  0.0
05.12.2025 15:40:35.850,  0.0
05.12.2025 15:40:39.770,  0.0
05.12.2025 15:40:43.760,  0.0
05.12.2025 15:40:47.770,  0.0
05.12.2025 15:40:51.860,  0.0
05.12.2025 15:40:55.770,  0.0
05.12.2025 15:40:59.760,  0.0
05.12.2025 15:41:03.770,  0.0
05.12.2025 15:41:07.770,  0.0
05.12.2025 15:41:11.770,  0.0
05.12.2025 15:41:15.890,  0.0
05.12.2025 15:41:19.770,  0.0
05.12.2025 15:41:23.780,  0.0
05.12.2025 15:41:27.850,  0.0
05.12.2025 15:41:31.890,  0.0
05.12.2025 15:41:35.890,  0.0
05.12.2025 15:41:39.970,  0.0
05.12.2025 15:41:43.890,  0.0
05.12.2025 15:41:47.890,  0.0
05.12.2025 15:41:51.770,  0.0
05.12.2025 15:41:55.780,  0.1
05.12.2025 15:41:59.780,  0.1
05.12.2025 15:42:03.780,  0.1
05.12.2025 15:42:07.770,  0.1
05.12.2025 15:42:11.890,  0.1
05.12.2025 15:42:15.890,  0.1
05.12.2025 15:42:19.780,  0.1
05.12.2025 15:42:23.890,  0.0
05.12.2025 15:42:27.781,  0.0
05.12.2025 15:42:31.770,  0.0
05.12.2025 15:42:35.770,  0.0
05.12.2025 15:42:39.890,  0.0
05.12.2025 15:42:43.890,  0.0
05.12.2025 15:42:47.800,  0.0
05.12.2025 15:42:51.890,  0.0
05.12.2025 15:42:55.890,  0.0
05.12.2025 15:42:59.890,  0.0
05.12.2025 15:43:03.890,  0.0
05.12.2025 15:43:07.890,  0.0
05.12.2025 15:43:11.781,  0.0
05.12.2025 15:43:15.770,  0.0
05.12.2025 15:43:19.780,  0.0
05.12.2025 15:43:23.780,  0.0
05.12.2025 15:43:27.890,  0.0
05.12.2025 15:43:31.890,  0.0
05.12.2025 15:43:35.890,  0.0
05.12.2025 15:43:39.800,  0.0
05.12.2025 15:43:43.890,  0.0
05.12.2025 15:43:47.780,  0.0
05.12.2025 15:43:51.800,  0.0
05.12.2025 15:43:55.800,  0.0
05.12.2025 15:43:59.810,  0.0
05.12.2025 15:44:03.910,  0.0
05.12.2025 15:44:07.910,  0.0
05.12.2025 15:44:11.911,  0.0
05.12.2025 15:44:15.911,  0.0
05.12.2025 15:44:19.910,  0.0
05.12.2025 15:44:23.810,  0.0
05.12.2025 15:44:27.810,  0.0
05.12.2025 15:44:31.820,  0.0
05.12.2025 15:44:35.820,  0.0
05.12.2025 15:44:39.820,  0.0
05.12.2025 15:44:43.900,  0.0
05.12.2025 15:44:47.910,  0.0
05.12.2025 15:44:51.900,  0.0
05.12.2025 15:44:55.900,  0.0
05.12.2025 15:44:59.900,  0.0
05.12.2025 15:45:03.900,  0.0
05.12.2025 15:45:07.820,  0.0
05.12.2025 15:45:11.820,  0.0
05.12.2025 15:45:15.820,  0.0
05.12.2025 15:45:19.820,  0.0
05.12.2025 15:45:23.810,  0.0
05.12.2025 15:45:27.820,  0.0
05.12.2025 15:45:31.910,  0.0
05.12.2025 15:45:35.820,  0.0
05.12.2025 15:45:39.820,  0.0
05.12.2025 15:45:43.820,  0.0
05.12.2025 15:45:47.821,  0.0
05.12.2025 15:45:51.810,  0.0
05.12.2025 15:45:55.821,  0.0
05.12.2025 15:45:59.830,  0.0
05.12.2025 15:46:03.830,  0.0
05.12.2025 15:46:07.940,  0.0
05.12.2025 15:46:11.900,  0.0
05.12.2025 15:46:16.060,  0.0
05.12.2025 15:46:19.830,  0.0
05.12.2025 15:46:23.830,  0.0
05.12.2025 15:46:27.820,  0.0
05.12.2025 15:46:31.830,  0.0
05.12.2025 15:46:36.180,  0.0
05.12.2025 15:46:39.831,  0.0
05.12.2025 15:46:43.820,  0.0
05.12.2025 15:46:47.830,  0.0
05.12.2025 15:46:51.940,  0.0
05.12.2025 15:46:55.940,  0.0
05.12.2025 15:46:59.940,  0.0
05.12.2025 15:47:03.940,  0.0
05.12.2025 15:47:07.830,  0.0
05.12.2025 15:47:11.830,  0.0
05.12.2025 15:47:15.940,  0.0
05.12.2025 15:47:19.940,  0.0
05.12.2025 15:47:25.820,  2.5
05.12.2025 15:47:29.820,  2.5
05.12.2025 15:47:33.830,  2.5
05.12.2025 15:47:37.940,  2.5
05.12.2025 15:47:41.940,  2.5
05.12.2025 15:47:45.831,  2.4
05.12.2025 15:47:49.820,  2.4
05.12.2025 15:47:53.820,  2.4
05.12.2025 15:47:57.830,  2.4
05.12.2025 15:48:01.820,  2.4
05.12.2025 15:48:05.830,  2.4
05.12.2025 15:48:09.940,  2.4
05.12.2025 15:48:13.831,  2.4
05.12.2025 15:48:17.830,  2.4
05.12.2025 15:48:21.821,  2.4
05.12.2025 15:48:25.840,  2.4
05.12.2025 15:48:29.841,  2.4
05.12.2025 15:48:33.940,  2.4
05.12.2025 15:48:37.840,  2.4
05.12.2025 15:48:41.850,  2.4
05.12.2025 15:48:45.840,  2.4
05.12.2025 15:48:49.863,  2.4
05.12.2025 15:48:53.913,  2.4
05.12.2025 15:48:57.853,  2.4
05.12.2025 15:49:01.863,  2.4
05.12.2025 15:49:05.864,  2.4
05.12.2025 15:49:09.853,  2.4
05.12.2025 15:49:13.993,  2.4
05.12.2025 15:49:17.943,  2.4
05.12.2025 15:49:21.873,  2.4
05.12.2025 15:49:25.993,  2.4
05.12.2025 15:49:30.063,  2.4
05.12.2025 15:49:33.943,  2.5
05.12.2025 15:49:37.943,  2.5
05.12.2025 15:49:41.873,  2.5
05.12.2025 15:49:45.873,  2.4
05.12.2025 15:49:49.863,  2.4
05.12.2025 15:49:54.063,  2.4
05.12.2025 15:49:57.883,  2.4
05.12.2025 15:50:01.883,  2.4
05.12.2025 15:50:05.983,  2.4
05.12.2025 15:50:09.983,  2.4
05.12.2025 15:50:13.883,  2.4
05.12.2025 15:50:17.983,  2.4
05.12.2025 15:50:21.983,  2.4
05.12.2025 15:50:25.983,  2.4
05.12.2025 15:50:29.983,  2.4
05.12.2025 15:50:33.893,  2.4
05.12.2025 15:50:37.883,  2.4
05.12.2025 15:50:41.893,  2.4
05.12.2025 15:50:45.914,  2.4
05.12.2025 15:50:49.913,  2.4
05.12.2025 15:50:53.923,  2.4
05.12.2025 15:50:57.913,  2.4
05.12.2025 15:51:01.923,  2.4
05.12.2025 15:51:05.923,  2.4
05.12.2025 15:51:10.023,  2.4
05.12.2025 15:51:13.923,  2.4
05.12.2025 15:51:17.923,  2.4
05.12.2025 15:51:21.913,  2.4
05.12.2025 15:51:25.923,  2.4
05.12.2025 15:51:30.023,  2.4
05.12.2025 15:51:33.913,  2.4
05.12.2025 15:51:37.923,  2.4
05.12.2025 15:51:42.023,  2.4
05.12.2025 15:51:45.923,  2.4
05.12.2025 15:51:49.923,  2.4
05.12.2025 15:51:53.923,  2.4
05.12.2025 15:51:57.923,  2.4
05.12.2025 15:52:02.023,  2.4
05.12.2025 15:52:06.023,  2.4
05.12.2025 15:52:10.023,  2.4
05.12.2025 15:52:13.923,  2.4
05.12.2025 15:52:17.913,  2.4
05.12.2025 15:52:21.913,  2.4
05.12.2025 15:52:25.923,  2.4
05.12.2025 15:52:29.923,  2.4
05.12.2025 15:52:34.023,  2.4
05.12.2025 15:52:38.023,  2.4
05.12.2025 15:52:42.024,  2.4
05.12.2025 15:52:46.023,  2.4
05.12.2025 15:52:49.923,  2.4
05.12.2025 15:52:53.923,  2.4
05.12.2025 15:52:58.003,  2.4
05.12.2025 15:53:01.923,  2.4
05.12.2025 15:53:05.913,  2.4
05.12.2025 15:53:10.023,  2.4
05.12.2025 15:53:14.013,  2.4
05.12.2025 15:53:18.013,  2.4
05.12.2025 15:53:22.023,  2.4
05.12.2025 15:53:26.013,  2.4
05.12.2025 15:53:30.023,  2.4
05.12.2025 15:53:34.023,  2.4
05.12.2025 15:53:38.013,  2.4
05.12.2025 15:53:41.993,  2.4
05.12.2025 15:53:46.133,  2.4
05.12.2025 15:53:50.064,  2.4
05.12.2025 15:53:54.034,  2.4
05.12.2025 15:53:58.024,  2.4
05.12.2025 15:54:02.034,  2.4
05.12.2025 15:54:05.944,  2.4
05.12.2025 15:54:09.944,  2.4
05.12.2025 15:54:14.024,  2.4
05.12.2025 15:54:17.944,  2.4
05.12.2025 15:54:21.934,  2.4
05.12.2025 15:54:25.944,  2.4
05.12.2025 15:54:29.944,  2.4
05.12.2025 15:54:33.934,  2.4
05.12.2025 15:54:37.944,  2.4
05.12.2025 15:54:41.944,  2.4
05.12.2025 15:54:45.944,  2.4
05.12.2025 15:54:49.934,  2.4
05.12.2025 15:54:54.024,  2.4
05.12.2025 15:54:57.944,  2.4
05.12.2025 15:55:01.944,  2.4
05.12.2025 15:55:05.954,  2.4
05.12.2025 15:55:09.955,  2.4
05.12.2025 15:55:13.954,  2.4
05.12.2025 15:55:17.944,  2.4
05.12.2025 15:55:22.064,  2.4
05.12.2025 15:55:26.064,  2.4
05.12.2025 15:55:29.954,  2.4
05.12.2025 15:55:33.954,  2.4
05.12.2025 15:55:37.954,  2.4
05.12.2025 15:55:41.954,  2.4
05.12.2025 15:55:45.954,  2.4
05.12.2025 15:55:49.954,  2.4
05.12.2025 15:55:54.064,  2.4
05.12.2025 15:55:57.944,  2.4
05.12.2025 15:56:02.064,  2.4
05.12.2025 15:56:05.944,  2.4
05.12.2025 15:56:09.954,  2.4
05.12.2025 15:56:13.954,  2.4
05.12.2025 15:56:17.964,  2.4
05.12.2025 15:56:22.064,  2.4
05.12.2025 15:56:26.064,  2.4
05.12.2025 15:56:30.064,  2.4
05.12.2025 15:56:33.974,  2.4
05.12.2025 15:56:37.974,  2.4
05.12.2025 15:56:41.974,  2.4
05.12.2025 15:56:45.964,  2.4
05.12.2025 15:56:49.974,  2.4
05.12.2025 15:56:53.975,  2.4
05.12.2025 15:56:57.974,  2.4
05.12.2025 15:57:01.964,  2.4
05.12.2025 15:57:05.964,  2.4
05.12.2025 15:57:09.974,  2.4
05.12.2025 15:57:14.054,  2.4
05.12.2025 15:57:18.064,  2.4
05.12.2025 15:57:22.054,  2.4
05.12.2025 15:57:25.974,  2.4
05.12.2025 15:57:29.974,  2.4
05.12.2025 15:57:33.975,  2.4
05.12.2025 15:57:37.964,  2.4
05.12.2025 15:57:41.974,  2.4
05.12.2025 15:57:45.964,  2.4
05.12.2025 15:57:50.064,  2.4
05.12.2025 15:57:54.054,  2.4
05.12.2025 15:57:58.064,  2.4
05.12.2025 15:58:02.054,  2.4
05.12.2025 15:58:06.054,  2.4
05.12.2025 15:58:10.054,  2.4
05.12.2025 15:58:14.054,  2.4
05.12.2025 15:58:17.974,  2.4
05.12.2025 15:58:21.964,  2.4
05.12.2025 15:58:25.974,  2.4
05.12.2025 15:58:29.964,  2.4
05.12.2025 15:58:33.974,  2.4
05.12.2025 15:58:37.974,  2.4
05.12.2025 15:58:41.975,  2.4
05.12.2025 15:58:45.974,  2.4
05.12.2025 15:58:49.977,  2.4
05.12.2025 15:58:54.067,  0.2
05.12.2025 15:58:58.067,  0.2
05.12.2025 15:59:02.069,  0.1
05.12.2025 15:59:06.067,  0.1
05.12.2025 15:59:10.067,  0.0
05.12.2025 15:59:14.147,  0.0
05.12.2025 15:59:18.067,  0.0
05.12.2025 15:59:22.018,  0.0
05.12.2025 15:59:25.977,  0.0
05.12.2025 15:59:29.977,  0.0
05.12.2025 15:59:33.987,  0.0
05.12.2025 15:59:37.997,  0.0
05.12.2025 15:59:42.107,  0.0
05.12.2025 15:59:46.107,  0.0
05.12.2025 15:59:50.107,  0.0
05.12.2025 15:59:53.997,  0.0
05.12.2025 15:59:58.107,  0.0
05.12.2025 16:00:01.997,  0.0
05.12.2025 16:00:06.107,  0.0
05.12.2025 16:00:09.987,  0.0
05.12.2025 16:00:14.107,  0.0
05.12.2025 16:00:17.997,  0.0
05.12.2025 16:00:21.997,  0.0
05.12.2025 16:00:26.107,  0.0
05.12.2025 16:00:29.987,  0.0
05.12.2025 16:00:33.997,  0.0
05.12.2025 16:00:37.997,  0.0
05.12.2025 16:00:41.987,  0.0
05.12.2025 16:00:46.107,  0.0
05.12.2025 16:00:50.107,  0.0
05.12.2025 16:00:53.987,  0.0
05.12.2025 16:00:58.107,  0.0
05.12.2025 16:01:02.107,  0.0
05.12.2025 16:01:05.997,  0.0
05.12.2025 16:01:09.987,  0.0
05.12.2025 16:01:13.997,  0.0
05.12.2025 16:01:17.987,  0.0
05.12.2025 16:01:21.997,  0.0
05.12.2025 16:01:26.027,  0.0
05.12.2025 16:01:30.107,  0.0
05.12.2025 16:01:33.987,  0.0
05.12.2025 16:01:38.107,  0.0
05.12.2025 16:01:41.987,  0.0
05.12.2025 16:01:45.997,  0.0
05.12.2025 16:01:49.997,  0.0
05.12.2025 16:01:54.097,  0.0
05.12.2025 16:01:57.997,  0.0
05.12.2025 16:02:01.997,  0.0
05.12.2025 16:02:05.997,  0.0
05.12.2025 16:02:10.027,  0.0
05.12.2025 16:02:13.987,  0.0
05.12.2025 16:02:17.997,  0.0
05.12.2025 16:02:21.997,  0.1
05.12.2025 16:02:26.107,  0.1
05.12.2025 16:02:30.097,  0.0
05.12.2025 16:02:33.987,  0.0
05.12.2025 16:02:37.987,  0.0
05.12.2025 16:02:41.997,  0.0
05.12.2025 16:02:46.097,  0.0
05.12.2025 16:02:50.097,  0.0
05.12.2025 16:02:53.987,  0.0
05.12.2025 16:02:57.987,  0.0
05.12.2025 16:03:02.097,  0.0
05.12.2025 16:03:05.997,  0.0
05.12.2025 16:03:10.097,  0.0
05.12.2025 16:03:13.997,  0.0
05.12.2025 16:03:17.987,  0.0
05.12.2025 16:03:22.097,  0.0
05.12.2025 16:03:26.097,  0.0
05.12.2025 16:03:30.007,  0.0
05.12.2025 16:03:34.097,  0.0
05.12.2025 16:03:38.007,  0.0
05.12.2025 16:03:41.997,  0.0
05.12.2025 16:03:46.097,  0.0
05.12.2025 16:03:50.109,  0.0
05.12.2025 16:03:54.019,  0.0
05.12.2025 16:03:58.019,  0.0
05.12.2025 16:04:02.109,  0.0
05.12.2025 16:04:06.009,  0.0
05.12.2025 16:04:10.019,  0.0
05.12.2025 16:04:14.019,  0.0
05.12.2025 16:04:18.029,  0.0
05.12.2025 16:04:22.029,  0.0
05.12.2025 16:04:26.149,  0.0
05.12.2025 16:04:30.149,  0.0
05.12.2025 16:04:34.149,  0.0
05.12.2025 16:04:38.049,  0.0
05.12.2025 16:04:42.059,  0.0
05.12.2025 16:04:46.059,  0.0
05.12.2025 16:04:50.069,  0.0
05.12.2025 16:04:54.229,  0.0
05.12.2025 16:04:58.079,  0.0
05.12.2025 16:05:02.090,  0.0
05.12.2025 16:05:06.119,  0.0
05.12.2025 16:05:10.079,  0.0
05.12.2025 16:05:14.090,  0.0
05.12.2025 16:05:18.089,  0.0
05.12.2025 16:05:22.089,  0.1
05.12.2025 16:05:26.079,  0.1
05.12.2025 16:05:30.089,  0.1
05.12.2025 16:05:34.089,  0.1
05.12.2025 16:05:38.079,  0.1
05.12.2025 16:05:42.190,  0.1
05.12.2025 16:05:46.189,  0.1
05.12.2025 16:05:50.119,  0.1
05.12.2025 16:05:54.229,  0.1
05.12.2025 16:05:58.189,  0.1
05.12.2025 16:06:02.189,  0.1
05.12.2025 16:06:06.189,  0.1
05.12.2025 16:06:10.189,  0.0
05.12.2025 16:06:14.099,  0.0
05.12.2025 16:06:18.099,  0.0
05.12.2025 16:06:22.099,  0.0
05.12.2025 16:06:26.099,  0.0
05.12.2025 16:06:30.089,  0.0
05.12.2025 16:06:34.099,  0.0
05.12.2025 16:06:38.119,  0.0
05.12.2025 16:06:42.219,  0.0
05.12.2025 16:06:46.179,  0.0
05.12.2025 16:06:50.189,  0.0
05.12.2025 16:06:54.179,  0.0
05.12.2025 16:06:58.099,  0.0
05.12.2025 16:07:02.179,  0.0
05.12.2025 16:07:06.179,  0.0
05.12.2025 16:07:10.179,  0.0
05.12.2025 16:07:14.179,  0.0
05.12.2025 16:07:18.179,  0.0
05.12.2025 16:07:22.089,  0.0
05.12.2025 16:07:26.089,  0.0
05.12.2025 16:07:31.159,  0.0
05.12.2025 16:07:35.089,  2.8
05.12.2025 16:07:39.100,  2.8
05.12.2025 16:07:43.099,  2.8
05.12.2025 16:07:47.179,  2.8
05.12.2025 16:07:51.109,  2.8
05.12.2025 16:07:55.109,  2.8
05.12.2025 16:07:59.109,  2.8
05.12.2025 16:08:03.099,  2.8
05.12.2025 16:08:07.110,  2.7
05.12.2025 16:08:11.219,  2.8
05.12.2025 16:08:15.219,  2.8
05.12.2025 16:08:19.219,  2.8
05.12.2025 16:08:23.099,  2.8
05.12.2025 16:08:27.219,  2.8
05.12.2025 16:08:31.219,  2.8
05.12.2025 16:08:35.220,  2.7
05.12.2025 16:08:39.219,  2.8
05.12.2025 16:08:43.099,  2.8
05.12.2025 16:08:47.109,  2.8
05.12.2025 16:08:51.178,  2.7
05.12.2025 16:08:55.128,  2.7
05.12.2025 16:08:59.128,  2.8
05.12.2025 16:09:03.238,  2.8
05.12.2025 16:09:07.238,  2.8
05.12.2025 16:09:11.238,  2.8
05.12.2025 16:09:15.238,  2.8
05.12.2025 16:09:19.118,  2.8
05.12.2025 16:09:23.128,  2.7
05.12.2025 16:09:27.128,  2.7
05.12.2025 16:09:31.118,  2.7
05.12.2025 16:09:35.129,  2.7
05.12.2025 16:09:39.138,  2.7
05.12.2025 16:09:43.139,  2.8
05.12.2025 16:09:47.238,  2.7
05.12.2025 16:09:51.138,  2.8
05.12.2025 16:09:55.138,  2.8
05.12.2025 16:09:59.128,  2.7
05.12.2025 16:10:03.138,  2.7
05.12.2025 16:10:07.128,  2.8
05.12.2025 16:10:11.128,  2.8
05.12.2025 16:10:15.128,  2.8
05.12.2025 16:10:19.138,  2.7
05.12.2025 16:10:23.128,  2.7
05.12.2025 16:10:27.228,  2.7
05.12.2025 16:10:31.128,  2.8
05.12.2025 16:10:35.138,  2.8
05.12.2025 16:10:39.139,  2.8
05.12.2025 16:10:43.138,  2.8
05.12.2025 16:10:47.128,  2.8
05.12.2025 16:10:51.128,  2.8
05.12.2025 16:10:55.138,  2.8
05.12.2025 16:10:59.138,  2.7
05.12.2025 16:11:03.138,  2.8
05.12.2025 16:11:07.178,  2.7
05.12.2025 16:11:11.148,  2.8
05.12.2025 16:11:15.308,  2.8
05.12.2025 16:11:19.149,  2.8
05.12.2025 16:11:23.308,  2.8
05.12.2025 16:11:27.268,  2.8
05.12.2025 16:11:31.269,  2.8
05.12.2025 16:11:35.178,  2.8
05.12.2025 16:11:39.268,  2.8
05.12.2025 16:11:43.268,  2.7
05.12.2025 16:11:47.168,  2.8
05.12.2025 16:11:51.158,  2.7
05.12.2025 16:11:55.168,  2.7
05.12.2025 16:11:59.168,  2.7
05.12.2025 16:12:03.259,  2.7
05.12.2025 16:12:07.178,  2.8
05.12.2025 16:12:11.179,  2.8
05.12.2025 16:12:15.268,  2.8
05.12.2025 16:12:19.178,  2.8
05.12.2025 16:12:23.178,  2.8
05.12.2025 16:12:27.268,  2.8
05.12.2025 16:12:31.258,  2.7
05.12.2025 16:12:35.388,  2.7
05.12.2025 16:12:39.178,  2.8
05.12.2025 16:12:43.178,  2.7
05.12.2025 16:12:47.268,  0.2
05.12.2025 16:12:51.268,  0.1
05.12.2025 16:12:55.178,  0.1
05.12.2025 16:12:59.178,  0.1
05.12.2025 16:13:03.178,  0.1
05.12.2025 16:13:07.268,  0.1
05.12.2025 16:13:11.178,  0.1
05.12.2025 16:13:15.178,  0.1
05.12.2025 16:13:19.168,  0.1
05.12.2025 16:13:23.178,  0.0
05.12.2025 16:13:27.268,  0.0
05.12.2025 16:13:31.178,  0.0
05.12.2025 16:13:35.168,  0.0
05.12.2025 16:13:39.268,  0.0
05.12.2025 16:13:43.268,  0.0
05.12.2025 16:13:47.268,  0.0
05.12.2025 16:13:51.284,  0.0
05.12.2025 16:13:55.284,  0.0
05.12.2025 16:13:59.186,  0.0
05.12.2025 16:14:03.204,  0.0
05.12.2025 16:14:07.325,  0.0
05.12.2025 16:14:11.224,  0.0
05.12.2025 16:14:15.325,  0.0
05.12.2025 16:14:19.234,  0.0
05.12.2025 16:14:23.254,  0.0
05.12.2025 16:14:27.274,  0.0
05.12.2025 16:14:31.365,  0.0
05.12.2025 16:14:35.244,  0.0
05.12.2025 16:14:39.254,  0.0
05.12.2025 16:14:43.354,  0.0
05.12.2025 16:14:47.264,  0.0
05.12.2025 16:14:51.364,  0.0
05.12.2025 16:14:55.264,  0.0
05.12.2025 16:14:59.274,  0.0
05.12.2025 16:15:03.354,  0.0
05.12.2025 16:15:07.354,  0.0
05.12.2025 16:15:11.364,  0.0
05.12.2025 16:15:15.364,  0.0
05.12.2025 16:15:19.354,  0.0
05.12.2025 16:15:23.274,  0.0
05.12.2025 16:15:27.274,  0.0
05.12.2025 16:15:31.264,  0.0
05.12.2025 16:15:35.274,  0.0
05.12.2025 16:15:39.264,  0.0
05.12.2025 16:15:43.274,  0.0
05.12.2025 16:15:47.354,  0.0
05.12.2025 16:15:51.284,  0.0
05.12.2025 16:15:55.394,  0.0
05.12.2025 16:15:59.284,  0.0
05.12.2025 16:16:03.285,  0.0
05.12.2025 16:16:07.284,  0.0
05.12.2025 16:16:11.274,  0.0
05.12.2025 16:16:15.394,  0.0
05.12.2025 16:16:19.285,  0.0
05.12.2025 16:16:23.274,  0.0
05.12.2025 16:16:27.394,  0.0
05.12.2025 16:16:31.284,  0.0
05.12.2025 16:16:35.274,  0.0
05.12.2025 16:16:39.274,  0.0
05.12.2025 16:16:43.394,  0.0
05.12.2025 16:16:47.394,  0.0
05.12.2025 16:16:51.394,  0.0
05.12.2025 16:16:55.274,  0.0
05.12.2025 16:16:59.394,  0.0
05.12.2025 16:17:03.284,  0.0
05.12.2025 16:17:07.394,  0.0
05.12.2025 16:17:11.284,  0.0
05.12.2025 16:17:15.274,  0.0
05.12.2025 16:17:19.274,  0.0
05.12.2025 16:17:23.284,  0.0
05.12.2025 16:17:27.274,  0.0
05.12.2025 16:17:31.274,  0.0
05.12.2025 16:17:35.274,  0.0
05.12.2025 16:17:39.394,  0.0
05.12.2025 16:17:43.284,  0.0
05.12.2025 16:17:47.394,  0.0
05.12.2025 16:17:51.274,  0.0
05.12.2025 16:17:55.394,  0.0
05.12.2025 16:17:59.274,  0.0
05.12.2025 16:18:03.284,  0.0
05.12.2025 16:18:07.394,  0.0
05.12.2025 16:18:11.284,  0.0
05.12.2025 16:18:15.284,  0.0
05.12.2025 16:18:19.284,  0.0
05.12.2025 16:18:23.395,  0.0
05.12.2025 16:18:27.385,  0.0
05.12.2025 16:18:31.394,  0.0
05.12.2025 16:18:35.394,  0.0
05.12.2025 16:18:39.394,  0.0
05.12.2025 16:18:43.284,  0.0
05.12.2025 16:18:47.284,  0.0
05.12.2025 16:18:51.298,  0.0
05.12.2025 16:18:55.408,  0.0
05.12.2025 16:18:59.298,  0.0
05.12.2025 16:19:03.398,  0.0
05.12.2025 16:19:07.408,  0.0
05.12.2025 16:19:11.288,  0.0
05.12.2025 16:19:15.288,  0.0
05.12.2025 16:19:19.398,  0.0
05.12.2025 16:19:23.398,  0.0
05.12.2025 16:19:27.298,  0.0
05.12.2025 16:19:31.398,  0.0
05.12.2025 16:19:35.398,  0.0
05.12.2025 16:19:39.398,  0.0
05.12.2025 16:19:43.288,  0.0
05.12.2025 16:19:47.398,  0.0
05.12.2025 16:19:51.398,  0.0
05.12.2025 16:19:55.298,  0.0
05.12.2025 16:19:59.398,  0.0
05.12.2025 16:20:03.298,  0.0
05.12.2025 16:20:07.368,  0.0
05.12.2025 16:20:11.518,  0.0
05.12.2025 16:20:15.298,  0.0
05.12.2025 16:20:19.398,  0.0
05.12.2025 16:20:23.398,  0.0
05.12.2025 16:20:27.398,  0.0
05.12.2025 16:20:31.309,  0.0
05.12.2025 16:20:35.398,  0.0
05.12.2025 16:20:39.398,  0.0
05.12.2025 16:20:43.298,  0.0
05.12.2025 16:20:47.398,  0.0
05.12.2025 16:20:51.308,  0.0
05.12.2025 16:20:55.398,  0.0
05.12.2025 16:20:59.398,  0.0
05.12.2025 16:21:03.298,  0.0
05.12.2025 16:21:07.308,  0.0
05.12.2025 16:21:11.398,  0.0
05.12.2025 16:21:15.298,  0.0
05.12.2025 16:21:19.308,  0.0
05.12.2025 16:21:23.398,  0.0
05.12.2025 16:21:27.398,  0.0
05.12.2025 16:21:31.398,  0.0
05.12.2025 16:21:35.398,  0.0
05.12.2025 16:21:39.308,  0.0
05.12.2025 16:21:43.318,  0.0
05.12.2025 16:21:47.518,  0.0
05.12.2025 16:21:51.398,  0.0
05.12.2025 16:21:55.319,  0.0
05.12.2025 16:21:59.308,  0.0
05.12.2025 16:22:03.438,  0.0
05.12.2025 16:22:07.318,  0.0
05.12.2025 16:22:11.438,  0.0
05.12.2025 16:22:15.438,  0.0
05.12.2025 16:22:19.438,  0.0
05.12.2025 16:22:23.438,  0.0
05.12.2025 16:22:27.438,  0.0
05.12.2025 16:22:31.439,  0.0
05.12.2025 16:22:35.318,  0.0
05.12.2025 16:22:39.328,  0.0
05.12.2025 16:22:43.329,  0.0
05.12.2025 16:22:47.328,  0.0
05.12.2025 16:22:51.438,  0.0
05.12.2025 16:22:55.428,  0.0
05.12.2025 16:22:59.328,  0.0
05.12.2025 16:23:03.428,  0.0
05.12.2025 16:23:07.328,  0.0
05.12.2025 16:23:11.328,  0.0
05.12.2025 16:23:15.328,  0.0
05.12.2025 16:23:19.318,  0.0
05.12.2025 16:23:23.328,  0.0
05.12.2025 16:23:27.328,  0.0
05.12.2025 16:23:31.328,  0.0
05.12.2025 16:23:35.428,  0.0
05.12.2025 16:23:39.328,  0.0
05.12.2025 16:23:43.318,  0.0
05.12.2025 16:23:47.428,  0.0
05.12.2025 16:23:51.331,  0.0
05.12.2025 16:23:55.331,  0.0
05.12.2025 16:23:59.341,  0.0
05.12.2025 16:24:03.341,  0.0
05.12.2025 16:24:07.441,  0.0
05.12.2025 16:24:11.441,  0.0
05.12.2025 16:24:15.331,  0.0
05.12.2025 16:24:19.342,  0.0
05.12.2025 16:24:23.331,  0.0
05.12.2025 16:24:27.441,  0.0
05.12.2025 16:24:31.341,  0.0
05.12.2025 16:24:35.341,  0.0
05.12.2025 16:24:39.331,  0.0
05.12.2025 16:24:43.331,  0.0
05.12.2025 16:24:47.441,  0.0
05.12.2025 16:24:51.341,  0.0
05.12.2025 16:24:55.331,  0.0
05.12.2025 16:24:59.341,  0.0
05.12.2025 16:25:03.441,  0.0
05.12.2025 16:25:07.441,  0.0
05.12.2025 16:25:11.341,  0.0
05.12.2025 16:25:15.341,  0.0
05.12.2025 16:25:19.341,  0.0
05.12.2025 16:25:23.331,  0.0
05.12.2025 16:25:27.441,  0.0
05.12.2025 16:25:31.341,  0.0
05.12.2025 16:25:35.441,  0.0
05.12.2025 16:25:39.441,  0.0
05.12.2025 16:25:43.351,  0.0
05.12.2025 16:25:47.341,  0.0
05.12.2025 16:25:51.351,  0.0
05.12.2025 16:25:55.351,  0.0
05.12.2025 16:25:59.441,  0.0
05.12.2025 16:26:03.351,  0.0
05.12.2025 16:26:07.481,  0.0
05.12.2025 16:26:11.441,  0.0
05.12.2025 16:26:15.441,  0.0
05.12.2025 16:26:19.481,  0.0
05.12.2025 16:26:23.441,  0.0
05.12.2025 16:26:27.381,  0.0
05.12.2025 16:26:31.441,  0.0
05.12.2025 16:26:35.561,  0.0
05.12.2025 16:26:39.441,  0.0
05.12.2025 16:26:43.481,  2.8
05.12.2025 16:26:47.441,  2.8
05.12.2025 16:26:51.482,  2.7
05.12.2025 16:26:55.361,  2.7
05.12.2025 16:26:59.362,  2.7
05.12.2025 16:27:03.441,  2.7
05.12.2025 16:27:07.361,  2.7
05.12.2025 16:27:11.351,  2.7
05.12.2025 16:27:15.521,  2.7
05.12.2025 16:27:19.381,  2.7
05.12.2025 16:27:23.351,  2.7
05.12.2025 16:27:27.351,  2.7
05.12.2025 16:27:31.471,  2.7
05.12.2025 16:27:35.361,  2.7
05.12.2025 16:27:39.371,  2.7
05.12.2025 16:27:43.471,  2.7
05.12.2025 16:27:47.481,  2.7
05.12.2025 16:27:51.471,  2.7
05.12.2025 16:27:55.381,  2.7
05.12.2025 16:27:59.381,  2.7
05.12.2025 16:28:03.481,  2.7
05.12.2025 16:28:07.391,  2.7
05.12.2025 16:28:11.391,  2.7
05.12.2025 16:28:15.381,  2.7
05.12.2025 16:28:19.391,  2.7
05.12.2025 16:28:23.391,  2.7
05.12.2025 16:28:27.471,  2.7
05.12.2025 16:28:31.471,  2.7
05.12.2025 16:28:35.471,  2.7
05.12.2025 16:28:39.471,  2.7
05.12.2025 16:28:43.471,  2.7
05.12.2025 16:28:47.471,  2.7
05.12.2025 16:28:51.483,  2.7
05.12.2025 16:28:55.393,  2.7
05.12.2025 16:28:59.403,  2.7
05.12.2025 16:29:03.403,  2.7
05.12.2025 16:29:07.403,  2.7
05.12.2025 16:29:11.393,  2.7
05.12.2025 16:29:15.393,  2.7
05.12.2025 16:29:19.403,  2.7
05.12.2025 16:29:23.483,  2.7
05.12.2025 16:29:27.393,  2.7
05.12.2025 16:29:31.403,  2.7
05.12.2025 16:29:35.523,  2.7
05.12.2025 16:29:39.483,  2.7
05.12.2025 16:29:43.523,  2.7
05.12.2025 16:29:47.483,  2.7
05.12.2025 16:29:51.403,  2.7
05.12.2025 16:29:55.403,  2.7
05.12.2025 16:29:59.473,  2.8
05.12.2025 16:30:03.393,  2.8
05.12.2025 16:30:07.403,  2.8
05.12.2025 16:30:11.483,  2.8
05.12.2025 16:30:15.403,  2.8
05.12.2025 16:30:19.404,  2.8
05.12.2025 16:30:23.403,  2.8
05.12.2025 16:30:27.403,  2.7
05.12.2025 16:30:31.523,  2.7
05.12.2025 16:30:35.483,  2.8
05.12.2025 16:30:39.483,  2.7
05.12.2025 16:30:43.483,  2.7
05.12.2025 16:30:47.483,  2.7
05.12.2025 16:30:51.403,  2.7
05.12.2025 16:30:55.403,  2.7
05.12.2025 16:30:59.393,  2.7
05.12.2025 16:31:03.403,  2.7
05.12.2025 16:31:07.393,  2.7
05.12.2025 16:31:11.483,  2.7
05.12.2025 16:31:15.523,  2.7
05.12.2025 16:31:19.483,  2.7
05.12.2025 16:31:23.523,  2.7
05.12.2025 16:31:27.523,  2.7
05.12.2025 16:31:31.524,  2.7
05.12.2025 16:31:35.524,  2.7
05.12.2025 16:31:39.523,  2.7
05.12.2025 16:31:43.523,  2.7
05.12.2025 16:31:47.473,  2.7
05.12.2025 16:31:51.553,  2.7
05.12.2025 16:31:55.513,  2.7
05.12.2025 16:31:59.523,  2.7
05.12.2025 16:32:03.513,  2.7
05.12.2025 16:32:07.513,  2.7
05.12.2025 16:32:11.523,  2.7
05.12.2025 16:32:15.403,  2.7
05.12.2025 16:32:19.513,  2.7
05.12.2025 16:32:23.413,  2.7
05.12.2025 16:32:27.413,  2.7
05.12.2025 16:32:31.403,  2.7
05.12.2025 16:32:35.513,  2.7
05.12.2025 16:32:39.413,  2.7
05.12.2025 16:32:43.523,  2.7
05.12.2025 16:32:47.414,  2.7
05.12.2025 16:32:51.403,  2.7
05.12.2025 16:32:55.413,  2.7
05.12.2025 16:32:59.413,  2.7
05.12.2025 16:33:03.403,  2.7
05.12.2025 16:33:07.413,  2.7
05.12.2025 16:33:11.414,  2.7
05.12.2025 16:33:15.413,  2.7
05.12.2025 16:33:19.513,  2.7
05.12.2025 16:33:23.513,  2.7
05.12.2025 16:33:27.513,  2.7
05.12.2025 16:33:31.413,  2.7
05.12.2025 16:33:35.403,  2.7
05.12.2025 16:33:39.513,  2.7
05.12.2025 16:33:43.403,  2.7
05.12.2025 16:33:47.413,  2.7
05.12.2025 16:33:51.429,  2.7
05.12.2025 16:33:55.429,  0.3
05.12.2025 16:33:59.429,  0.2
05.12.2025 16:34:03.429,  0.2
05.12.2025 16:34:07.429,  0.1
05.12.2025 16:34:11.529,  0.1
05.12.2025 16:34:15.439,  0.1
05.12.2025 16:34:19.439,  0.1
05.12.2025 16:34:23.440,  0.1
05.12.2025 16:34:27.529,  0.1
05.12.2025 16:34:31.439,  0.1
05.12.2025 16:34:35.439,  0.1
05.12.2025 16:34:39.429,  0.1
05.12.2025 16:34:43.439,  0.1
05.12.2025 16:34:47.429,  0.1
05.12.2025 16:34:51.429,  0.0
05.12.2025 16:34:55.439,  0.0
05.12.2025 16:34:59.429,  0.0
05.12.2025 16:35:03.529,  0.0
05.12.2025 16:35:07.529,  0.0
05.12.2025 16:35:11.489,  0.0
05.12.2025 16:35:15.649,  0.0
05.12.2025 16:35:19.569,  0.0
05.12.2025 16:35:23.439,  0.0
05.12.2025 16:35:27.449,  0.0
05.12.2025 16:35:31.529,  0.0
05.12.2025 16:35:35.569,  0.0
05.12.2025 16:35:39.569,  0.0
05.12.2025 16:35:43.449,  0.0
05.12.2025 16:35:47.461,  0.0
05.12.2025 16:35:51.460,  0.0
05.12.2025 16:35:55.449,  0.0
05.12.2025 16:35:59.569,  0.0
05.12.2025 16:36:03.489,  0.0
05.12.2025 16:36:07.609,  0.0
05.12.2025 16:36:11.449,  0.0
05.12.2025 16:36:15.459,  0.0
05.12.2025 16:36:19.459,  0.0
05.12.2025 16:36:23.449,  0.0
05.12.2025 16:36:27.559,  0.0
05.12.2025 16:36:31.559,  0.0
05.12.2025 16:36:35.449,  0.0
05.12.2025 16:36:39.449,  0.0
05.12.2025 16:36:43.459,  0.0
05.12.2025 16:36:47.459,  0.0
05.12.2025 16:36:51.469,  0.0
05.12.2025 16:36:55.459,  0.0
05.12.2025 16:36:59.459,  0.0
05.12.2025 16:37:03.799,  0.0
05.12.2025 16:37:07.469,  0.0
05.12.2025 16:37:11.469,  0.0
05.12.2025 16:37:15.559,  0.0
05.12.2025 16:37:19.559,  0.0
05.12.2025 16:37:23.559,  0.0
05.12.2025 16:37:27.559,  0.0
05.12.2025 16:37:31.559,  0.0
05.12.2025 16:37:35.489,  0.0
05.12.2025 16:37:39.599,  0.0
05.12.2025 16:37:43.559,  0.0
05.12.2025 16:37:47.559,  0.0
05.12.2025 16:37:51.559,  0.0
05.12.2025 16:37:55.559,  0.0
05.12.2025 16:37:59.559,  0.0
05.12.2025 16:38:03.559,  0.0
05.12.2025 16:38:07.559,  0.0
05.12.2025 16:38:11.559,  0.0
05.12.2025 16:38:15.489,  0.0
05.12.2025 16:38:19.599,  0.0
05.12.2025 16:38:23.479,  0.0
05.12.2025 16:38:27.469,  0.0
05.12.2025 16:38:31.479,  0.0
05.12.2025 16:38:35.469,  0.0
05.12.2025 16:38:39.559,  0.0
05.12.2025 16:38:43.639,  0.0
05.12.2025 16:38:47.559,  0.0
05.12.2025 16:38:51.498,  0.0
05.12.2025 16:38:55.488,  0.0
05.12.2025 16:38:59.498,  0.0
05.12.2025 16:39:03.498,  0.0
05.12.2025 16:39:07.498,  0.0
05.12.2025 16:39:11.488,  0.0
05.12.2025 16:39:15.498,  0.0
05.12.2025 16:39:19.498,  0.0
05.12.2025 16:39:23.488,  0.0
05.12.2025 16:39:27.579,  0.0
05.12.2025 16:39:31.488,  0.0
05.12.2025 16:39:35.498,  0.0
05.12.2025 16:39:39.488,  0.0
05.12.2025 16:39:43.498,  0.0
05.12.2025 16:39:47.498,  0.0
05.12.2025 16:39:51.488,  0.0
05.12.2025 16:39:55.619,  0.0
05.12.2025 16:39:59.579,  0.0
05.12.2025 16:40:03.618,  0.0
05.12.2025 16:40:07.618,  0.0
05.12.2025 16:40:11.578,  2.8
05.12.2025 16:40:15.618,  2.8
05.12.2025 16:40:19.498,  2.7
05.12.2025 16:40:23.618,  2.8
05.12.2025 16:40:27.608,  2.8
05.12.2025 16:40:31.498,  2.8
05.12.2025 16:40:35.498,  2.7
05.12.2025 16:40:39.488,  2.7
05.12.2025 16:40:43.488,  2.7
05.12.2025 16:40:47.698,  2.7
05.12.2025 16:40:51.498,  2.7
05.12.2025 16:40:55.488,  2.7
05.12.2025 16:40:59.498,  2.7
05.12.2025 16:41:03.498,  2.7
05.12.2025 16:41:07.488,  2.7
05.12.2025 16:41:11.648,  2.7
05.12.2025 16:41:15.488,  2.7
05.12.2025 16:41:19.508,  2.7
05.12.2025 16:41:23.498,  2.7
05.12.2025 16:41:27.508,  2.8
05.12.2025 16:41:31.608,  2.7
05.12.2025 16:41:35.508,  2.7
05.12.2025 16:41:39.518,  2.7
05.12.2025 16:41:43.518,  2.7
05.12.2025 16:41:47.508,  2.7
05.12.2025 16:41:51.508,  2.7
05.12.2025 16:41:55.608,  2.7
05.12.2025 16:41:59.608,  2.8
05.12.2025 16:42:03.508,  2.7
05.12.2025 16:42:07.508,  2.7
05.12.2025 16:42:11.508,  2.7
05.12.2025 16:42:15.518,  2.7
05.12.2025 16:42:19.608,  2.7
05.12.2025 16:42:23.608,  2.7
05.12.2025 16:42:27.608,  2.7
05.12.2025 16:42:31.518,  2.7
05.12.2025 16:42:35.518,  2.7
05.12.2025 16:42:39.518,  2.7
05.12.2025 16:42:43.518,  2.7
05.12.2025 16:42:47.528,  2.7
05.12.2025 16:42:51.518,  2.7
05.12.2025 16:42:55.529,  2.7
05.12.2025 16:42:59.518,  2.7
05.12.2025 16:43:03.528,  2.7
05.12.2025 16:43:07.608,  2.7
05.12.2025 16:43:11.528,  2.7
05.12.2025 16:43:15.528,  2.7
05.12.2025 16:43:19.528,  2.7
05.12.2025 16:43:23.518,  2.7
05.12.2025 16:43:27.528,  2.7
05.12.2025 16:43:31.648,  2.7
05.12.2025 16:43:35.608,  2.7
05.12.2025 16:43:39.608,  2.7
05.12.2025 16:43:43.648,  2.7
05.12.2025 16:43:47.608,  2.7
05.12.2025 16:43:51.659,  2.7
05.12.2025 16:43:55.529,  2.7
05.12.2025 16:43:59.539,  2.7
05.12.2025 16:44:03.529,  2.7
05.12.2025 16:44:07.539,  2.7
05.12.2025 16:44:11.619,  2.7
05.12.2025 16:44:15.540,  2.7
05.12.2025 16:44:19.539,  2.7
05.12.2025 16:44:23.659,  2.7
05.12.2025 16:44:27.529,  2.7
05.12.2025 16:44:31.529,  2.7
05.12.2025 16:44:35.539,  2.7
05.12.2025 16:44:39.529,  2.7
05.12.2025 16:44:43.659,  2.7
05.12.2025 16:44:47.649,  2.7
05.12.2025 16:44:51.659,  2.7
05.12.2025 16:44:55.649,  2.7
05.12.2025 16:44:59.649,  2.7
05.12.2025 16:45:03.539,  2.7
05.12.2025 16:45:07.539,  2.7
05.12.2025 16:45:11.539,  2.7
05.12.2025 16:45:15.549,  2.7
05.12.2025 16:45:19.549,  2.7
05.12.2025 16:45:23.539,  2.7
05.12.2025 16:45:27.649,  2.7
05.12.2025 16:45:31.649,  2.7
05.12.2025 16:45:35.649,  2.7
05.12.2025 16:45:39.649,  2.7
05.12.2025 16:45:43.649,  2.7
05.12.2025 16:45:47.649,  2.7
05.12.2025 16:45:51.599,  2.7
05.12.2025 16:45:55.689,  2.7
05.12.2025 16:45:59.649,  2.7
05.12.2025 16:46:03.549,  2.7
05.12.2025 16:46:07.549,  2.7
05.12.2025 16:46:11.549,  2.7
05.12.2025 16:46:15.559,  2.7
05.12.2025 16:46:19.649,  2.7
05.12.2025 16:46:23.549,  2.7
05.12.2025 16:46:27.549,  2.7
05.12.2025 16:46:31.549,  2.7
05.12.2025 16:46:35.549,  2.7
05.12.2025 16:46:39.649,  2.7
05.12.2025 16:46:43.549,  2.7
05.12.2025 16:46:47.649,  2.7
05.12.2025 16:46:51.559,  2.7
05.12.2025 16:46:55.560,  2.7
05.12.2025 16:46:59.649,  2.7
05.12.2025 16:47:03.559,  2.7
05.12.2025 16:47:07.549,  2.7
05.12.2025 16:47:11.559,  2.7
05.12.2025 16:47:15.549,  2.7
05.12.2025 16:47:19.559,  2.7
05.12.2025 16:47:23.560,  2.7
05.12.2025 16:47:27.549,  2.7
05.12.2025 16:47:31.559,  2.7
05.12.2025 16:47:35.559,  2.7
05.12.2025 16:47:39.649,  2.7
05.12.2025 16:47:43.649,  2.7
05.12.2025 16:47:47.649,  2.7
05.12.2025 16:47:51.649,  2.7
05.12.2025 16:47:55.649,  2.7
05.12.2025 16:47:59.549,  2.7
05.12.2025 16:48:03.559,  2.7
05.12.2025 16:48:07.549,  2.7
05.12.2025 16:48:11.549,  2.7
05.12.2025 16:48:15.549,  2.7
05.12.2025 16:48:19.559,  2.7
05.12.2025 16:48:23.549,  2.7
05.12.2025 16:48:27.549,  2.7
05.12.2025 16:48:31.559,  2.8
05.12.2025 16:48:35.559,  2.8
05.12.2025 16:48:39.549,  2.8
05.12.2025 16:48:43.649,  0.2
05.12.2025 16:48:47.649,  0.2
05.12.2025 16:48:51.614,  0.1
05.12.2025 16:48:55.694,  0.1
05.12.2025 16:48:59.654,  0.1
05.12.2025 16:49:03.664,  0.1
05.12.2025 16:49:07.654,  0.1
05.12.2025 16:49:11.574,  0.1
05.12.2025 16:49:15.574,  0.1
05.12.2025 16:49:19.654,  0.1
05.12.2025 16:49:23.574,  0.0
05.12.2025 16:49:27.574,  0.0
05.12.2025 16:49:31.574,  0.0
05.12.2025 16:49:35.734,  0.0
05.12.2025 16:49:39.664,  0.0
05.12.2025 16:49:43.654,  0.0
05.12.2025 16:49:47.575,  0.0
05.12.2025 16:49:51.574,  0.0
05.12.2025 16:49:55.574,  0.0
05.12.2025 16:49:59.574,  0.0
05.12.2025 16:50:03.694,  0.0
05.12.2025 16:50:07.694,  0.0
05.12.2025 16:50:11.604,  0.0
05.12.2025 16:50:15.594,  0.0
05.12.2025 16:50:19.694,  0.0
05.12.2025 16:50:23.604,  0.0
05.12.2025 16:50:27.814,  0.0
05.12.2025 16:50:31.614,  0.0
05.12.2025 16:50:35.734,  0.0
05.12.2025 16:50:39.734,  0.0
05.12.2025 16:50:43.734,  0.0
05.12.2025 16:50:47.644,  0.0
05.12.2025 16:50:51.734,  0.0
05.12.2025 16:50:55.644,  0.0
05.12.2025 16:50:59.734,  0.0
05.12.2025 16:51:03.645,  0.0
05.12.2025 16:51:07.734,  0.0
05.12.2025 16:51:11.734,  0.0
05.12.2025 16:51:15.734,  0.0
05.12.2025 16:51:19.734,  0.0
05.12.2025 16:51:23.644,  0.0
05.12.2025 16:51:27.644,  0.0
05.12.2025 16:51:31.644,  0.0
05.12.2025 16:51:35.644,  0.0
05.12.2025 16:51:39.634,  0.0
05.12.2025 16:51:43.734,  0.0
05.12.2025 16:51:47.734,  0.0
05.12.2025 16:51:51.734,  0.0
05.12.2025 16:51:55.644,  0.0
05.12.2025 16:51:59.734,  0.0
05.12.2025 16:52:03.734,  0.0
05.12.2025 16:52:07.694,  0.0
05.12.2025 16:52:11.634,  0.0
05.12.2025 16:52:15.634,  0.0
05.12.2025 16:52:19.734,  0.0
05.12.2025 16:52:23.634,  0.0
05.12.2025 16:52:27.634,  0.0
05.12.2025 16:52:31.644,  0.0
05.12.2025 16:52:35.644,  0.0
05.12.2025 16:52:39.734,  0.0
05.12.2025 16:52:43.734,  0.0
05.12.2025 16:52:47.634,  0.0
05.12.2025 16:52:51.724,  0.0
05.12.2025 16:52:55.654,  0.0
05.12.2025 16:52:59.664,  0.0
05.12.2025 16:53:03.774,  0.0
05.12.2025 16:53:07.654,  0.0
05.12.2025 16:53:11.694,  0.0
05.12.2025 16:53:15.664,  0.0
05.12.2025 16:53:19.774,  0.0
05.12.2025 16:53:23.654,  0.0
05.12.2025 16:53:27.654,  0.0
05.12.2025 16:53:31.774,  0.0
05.12.2025 16:53:35.664,  0.0
05.12.2025 16:53:39.664,  0.0
05.12.2025 16:53:43.664,  0.0
05.12.2025 16:53:47.664,  0.0
05.12.2025 16:53:51.674,  0.0
05.12.2025 16:53:55.674,  0.0
05.12.2025 16:53:59.684,  0.0
05.12.2025 16:54:03.714,  0.0
05.12.2025 16:54:07.684,  0.0
05.12.2025 16:54:11.784,  0.0
05.12.2025 16:54:15.784,  0.0
05.12.2025 16:54:19.686,  0.0
05.12.2025 16:54:23.674,  0.0
05.12.2025 16:54:27.784,  0.0
05.12.2025 16:54:31.684,  0.0
05.12.2025 16:54:35.784,  0.0
05.12.2025 16:54:39.674,  0.0
05.12.2025 16:54:43.784,  0.0
05.12.2025 16:54:47.684,  0.0
05.12.2025 16:54:51.674,  0.0
05.12.2025 16:54:55.684,  0.0
05.12.2025 16:54:59.784,  0.0
05.12.2025 16:55:03.684,  0.0
05.12.2025 16:55:07.674,  0.0
05.12.2025 16:55:11.674,  0.0
05.12.2025 16:55:15.684,  0.0
05.12.2025 16:55:19.684,  0.0
05.12.2025 16:55:23.784,  0.0
05.12.2025 16:55:27.684,  0.0
05.12.2025 16:55:31.784,  0.0
05.12.2025 16:55:35.684,  0.0
05.12.2025 16:55:39.684,  0.0
05.12.2025 16:55:43.684,  0.0
05.12.2025 16:55:47.674,  0.0
05.12.2025 16:55:51.684,  0.0
05.12.2025 16:55:55.674,  0.0
05.12.2025 16:55:59.784,  0.0
05.12.2025 16:56:03.784,  0.0
05.12.2025 16:56:07.684,  0.0
05.12.2025 16:56:11.684,  0.0
05.12.2025 16:56:15.684,  0.0
05.12.2025 16:56:19.695,  0.0
05.12.2025 16:56:23.694,  0.0
05.12.2025 16:56:27.694,  0.0
05.12.2025 16:56:31.784,  0.0
05.12.2025 16:56:35.784,  0.0
05.12.2025 16:56:39.694,  0.0
05.12.2025 16:56:43.684,  0.0
05.12.2025 16:56:47.785,  0.0
05.12.2025 16:56:51.684,  0.0
05.12.2025 16:56:55.686,  0.0
05.12.2025 16:56:59.704,  0.0
05.12.2025 16:57:03.784,  0.0
05.12.2025 16:57:07.704,  0.0
05.12.2025 16:57:11.704,  0.0
05.12.2025 16:57:15.784,  0.0
05.12.2025 16:57:19.704,  0.0
05.12.2025 16:57:23.904,  0.0
05.12.2025 16:57:27.704,  0.0
05.12.2025 16:57:31.774,  0.0
05.12.2025 16:57:35.774,  0.0
05.12.2025 16:57:39.704,  0.0
05.12.2025 16:57:43.705,  0.0
05.12.2025 16:57:48.704,  0.0
05.12.2025 16:57:52.704,  0.0
05.12.2025 16:57:56.694,  0.0
05.12.2025 16:58:00.704,  0.0
05.12.2025 16:58:04.694,  0.0
05.12.2025 16:58:08.704,  2.5
05.12.2025 16:58:12.704,  2.5
05.12.2025 16:58:16.814,  2.5
05.12.2025 16:58:20.714,  2.5
05.12.2025 16:58:24.714,  2.5
05.12.2025 16:58:28.714,  2.5
05.12.2025 16:58:32.714,  2.5
05.12.2025 16:58:36.704,  2.5
05.12.2025 16:58:40.814,  2.5
05.12.2025 16:58:44.814,  2.5
05.12.2025 16:58:48.825,  2.5
05.12.2025 16:58:52.745,  2.5
05.12.2025 16:58:56.745,  2.5
05.12.2025 16:59:00.755,  2.5
05.12.2025 16:59:04.745,  2.5
05.12.2025 16:59:08.865,  2.5
05.12.2025 16:59:12.756,  2.5
05.12.2025 16:59:16.755,  2.5
05.12.2025 16:59:20.756,  2.5
05.12.2025 16:59:24.765,  2.5
05.12.2025 16:59:28.765,  2.5
05.12.2025 16:59:32.865,  2.5
05.12.2025 16:59:36.865,  2.5
05.12.2025 16:59:40.865,  2.5
05.12.2025 16:59:44.865,  2.5
05.12.2025 16:59:48.766,  2.5
05.12.2025 16:59:52.765,  2.5
05.12.2025 16:59:56.755,  2.5
05.12.2025 17:00:00.765,  2.5
05.12.2025 17:00:04.766,  2.5
05.12.2025 17:00:08.865,  2.5
05.12.2025 17:00:12.865,  2.5
05.12.2025 17:00:16.766,  2.5
05.12.2025 17:00:20.765,  2.5
05.12.2025 17:00:24.755,  2.5
05.12.2025 17:00:28.755,  2.5
05.12.2025 17:00:32.765,  2.5
05.12.2025 17:00:36.755,  2.5
05.12.2025 17:00:40.765,  2.5
05.12.2025 17:00:44.765,  2.5
05.12.2025 17:00:48.755,  2.5
05.12.2025 17:00:52.865,  2.5
05.12.2025 17:00:56.765,  2.5
05.12.2025 17:01:00.765,  2.5
05.12.2025 17:01:04.755,  2.5
05.12.2025 17:01:08.765,  2.5
05.12.2025 17:01:12.865,  2.5
05.12.2025 17:01:16.755,  2.5
05.12.2025 17:01:20.765,  2.5
05.12.2025 17:01:24.766,  2.5
05.12.2025 17:01:28.765,  2.5
05.12.2025 17:01:32.755,  2.5
05.12.2025 17:01:36.855,  2.5
05.12.2025 17:01:40.855,  2.5
05.12.2025 17:01:44.855,  2.5
05.12.2025 17:01:48.755,  2.5
05.12.2025 17:01:52.765,  2.5
05.12.2025 17:01:56.755,  2.5
05.12.2025 17:02:00.755,  2.5
05.12.2025 17:02:04.865,  2.5
05.12.2025 17:02:08.855,  2.5
05.12.2025 17:02:12.755,  2.5
05.12.2025 17:02:16.855,  2.5
05.12.2025 17:02:20.855,  2.5
05.12.2025 17:02:24.855,  2.5
05.12.2025 17:02:28.855,  2.5
05.12.2025 17:02:32.765,  2.5
05.12.2025 17:02:36.766,  2.5
05.12.2025 17:02:40.765,  2.5
05.12.2025 17:02:44.765,  2.5
05.12.2025 17:02:48.765,  2.5
05.12.2025 17:02:52.765,  2.5
05.12.2025 17:02:56.755,  2.5
05.12.2025 17:03:00.765,  2.5
05.12.2025 17:03:04.766,  2.5
05.12.2025 17:03:08.855,  2.5
05.12.2025 17:03:12.935,  2.5
05.12.2025 17:03:16.765,  2.5
05.12.2025 17:03:20.775,  2.5
05.12.2025 17:03:24.855,  2.5
05.12.2025 17:03:28.935,  2.5
05.12.2025 17:03:32.855,  2.5
05.12.2025 17:03:36.975,  2.5
05.12.2025 17:03:40.775,  2.5
05.12.2025 17:03:44.785,  2.5
05.12.2025 17:03:48.795,  2.5
05.12.2025 17:03:52.805,  2.5
05.12.2025 17:03:56.795,  2.5
05.12.2025 17:04:00.915,  2.5
05.12.2025 17:04:04.916,  2.5
05.12.2025 17:04:08.915,  2.5
05.12.2025 17:04:12.915,  2.5
05.12.2025 17:04:16.915,  2.5
05.12.2025 17:04:20.915,  2.5
05.12.2025 17:04:24.915,  2.5
05.12.2025 17:04:28.915,  2.5
05.12.2025 17:04:32.805,  2.5
05.12.2025 17:04:36.805,  2.5
05.12.2025 17:04:40.915,  2.5
05.12.2025 17:04:44.795,  2.5
05.12.2025 17:04:48.805,  2.5
05.12.2025 17:04:52.816,  2.5
05.12.2025 17:04:56.815,  2.5
05.12.2025 17:05:00.805,  2.5
05.12.2025 17:05:04.815,  2.5
05.12.2025 17:05:08.815,  2.5
05.12.2025 17:05:12.916,  2.5
05.12.2025 17:05:16.915,  2.5
05.12.2025 17:05:20.915,  2.5
05.12.2025 17:05:24.815,  2.5
05.12.2025 17:05:28.815,  2.5
05.12.2025 17:05:32.805,  2.5
05.12.2025 17:05:36.815,  2.5
05.12.2025 17:05:40.815,  2.5
05.12.2025 17:05:44.915,  2.5
05.12.2025 17:05:48.905,  2.5
05.12.2025 17:05:52.815,  2.5
05.12.2025 17:05:56.815,  2.5
05.12.2025 17:06:00.815,  2.5
05.12.2025 17:06:04.815,  2.5
05.12.2025 17:06:08.905,  2.5
05.12.2025 17:06:12.905,  2.5
05.12.2025 17:06:16.805,  2.5
05.12.2025 17:06:20.815,  2.5
05.12.2025 17:06:24.816,  2.5
05.12.2025 17:06:28.815,  2.5
05.12.2025 17:06:32.905,  2.5
05.12.2025 17:06:36.805,  2.5
05.12.2025 17:06:40.805,  2.5
05.12.2025 17:06:44.905,  2.5
05.12.2025 17:06:48.905,  2.5
05.12.2025 17:06:52.905,  2.5
05.12.2025 17:06:56.805,  2.5
05.12.2025 17:07:00.815,  2.5
05.12.2025 17:07:04.805,  2.5
05.12.2025 17:07:08.815,  2.5
05.12.2025 17:07:12.905,  2.5
05.12.2025 17:07:16.805,  2.5
05.12.2025 17:07:20.805,  2.5
05.12.2025 17:07:24.805,  2.5
05.12.2025 17:07:28.815,  2.5
05.12.2025 17:07:32.815,  2.5
05.12.2025 17:07:36.905,  2.5
05.12.2025 17:07:40.905,  2.5
05.12.2025 17:07:44.805,  2.5
05.12.2025 17:07:48.815,  2.5
05.12.2025 17:07:52.816,  2.5
05.12.2025 17:07:56.805,  2.5
05.12.2025 17:08:00.905,  2.5
05.12.2025 17:08:04.905,  2.5
05.12.2025 17:08:08.865,  2.5
05.12.2025 17:08:12.805,  2.5
05.12.2025 17:08:16.805,  2.5
05.12.2025 17:08:20.815,  2.5
05.12.2025 17:08:24.805,  2.5
05.12.2025 17:08:28.805,  2.5
05.12.2025 17:08:32.805,  2.5
05.12.2025 17:08:36.815,  2.5
05.12.2025 17:08:40.805,  2.4
05.12.2025 17:08:44.905,  2.4
05.12.2025 17:08:48.912,  2.4
05.12.2025 17:08:52.912,  2.4
05.12.2025 17:08:56.912,  2.4
05.12.2025 17:09:00.822,  2.4
05.12.2025 17:09:04.912,  2.4
05.12.2025 17:09:08.832,  2.4
05.12.2025 17:09:12.833,  2.4
05.12.2025 17:09:16.822,  2.4
05.12.2025 17:09:20.832,  2.4
05.12.2025 17:09:24.913,  2.4
05.12.2025 17:09:28.832,  2.4
05.12.2025 17:09:32.822,  2.4
05.12.2025 17:09:36.833,  2.4
05.12.2025 17:09:40.822,  2.4
05.12.2025 17:09:44.993,  2.4
05.12.2025 17:09:48.913,  2.4
05.12.2025 17:09:52.832,  2.4
05.12.2025 17:09:56.822,  2.4
05.12.2025 17:10:00.832,  2.4
05.12.2025 17:10:04.822,  2.4
05.12.2025 17:10:08.832,  2.4
05.12.2025 17:10:12.822,  2.4
05.12.2025 17:10:16.832,  2.4
05.12.2025 17:10:20.822,  2.4
05.12.2025 17:10:24.832,  2.4
05.12.2025 17:10:28.822,  2.4
05.12.2025 17:10:32.943,  2.4
05.12.2025 17:10:36.902,  2.4
05.12.2025 17:10:40.822,  2.4
05.12.2025 17:10:44.832,  2.4
05.12.2025 17:10:48.822,  2.4
05.12.2025 17:10:52.832,  2.4
05.12.2025 17:10:56.832,  2.4
05.12.2025 17:11:00.942,  2.4
05.12.2025 17:11:03.822,  2.4
05.12.2025 17:11:07.832,  0.2
05.12.2025 17:11:11.832,  0.2
05.12.2025 17:11:15.942,  0.1
05.12.2025 17:11:19.942,  0.1
05.12.2025 17:11:23.822,  0.1
05.12.2025 17:11:27.822,  0.1
05.12.2025 17:11:31.832,  0.1
05.12.2025 17:11:35.822,  0.1
05.12.2025 17:11:39.832,  0.1
05.12.2025 17:11:43.833,  0.1
05.12.2025 17:11:47.942,  0.1
05.12.2025 17:11:51.942,  0.1
05.12.2025 17:11:55.942,  0.1
05.12.2025 17:11:59.942,  0.0
05.12.2025 17:12:03.942,  0.0
05.12.2025 17:12:07.942,  0.0
05.12.2025 17:12:11.942,  0.0
05.12.2025 17:12:15.942,  0.0
05.12.2025 17:12:19.942,  0.0
05.12.2025 17:12:23.832,  0.0
05.12.2025 17:12:27.832,  0.0
05.12.2025 17:12:31.822,  0.0
05.12.2025 17:12:35.832,  0.0
05.12.2025 17:12:39.832,  0.0
05.12.2025 17:12:43.942,  0.0
05.12.2025 17:12:47.942,  0.0
05.12.2025 17:12:51.942,  0.0
05.12.2025 17:12:55.942,  0.0
05.12.2025 17:12:59.942,  0.0
05.12.2025 17:13:03.832,  0.0
05.12.2025 17:13:07.832,  0.0
05.12.2025 17:13:11.832,  0.0
05.12.2025 17:13:15.822,  0.0
05.12.2025 17:13:19.822,  0.0
05.12.2025 17:13:23.942,  0.0
05.12.2025 17:13:27.942,  0.0
05.12.2025 17:13:31.942,  0.0
05.12.2025 17:13:35.942,  0.0
05.12.2025 17:13:39.842,  0.0
05.12.2025 17:13:43.942,  0.0
05.12.2025 17:13:47.842,  0.0
05.12.2025 17:13:51.861,  0.0
05.12.2025 17:13:55.850,  0.0
05.12.2025 17:13:59.860,  0.0
05.12.2025 17:14:03.850,  0.0
05.12.2025 17:14:07.930,  0.0
05.12.2025 17:14:11.870,  0.0
05.12.2025 17:14:16.000,  0.0
05.12.2025 17:14:19.861,  0.0
05.12.2025 17:14:23.860,  0.0
05.12.2025 17:14:27.960,  0.0
05.12.2025 17:14:31.860,  0.0
05.12.2025 17:14:35.850,  0.0
05.12.2025 17:14:39.960,  0.0
05.12.2025 17:14:43.950,  0.0
05.12.2025 17:14:47.950,  0.0
05.12.2025 17:14:51.860,  0.0
05.12.2025 17:14:55.850,  0.0
05.12.2025 17:14:59.930,  0.0
05.12.2025 17:15:03.860,  0.0
05.12.2025 17:15:07.860,  0.0
05.12.2025 17:15:11.860,  0.0
05.12.2025 17:15:15.860,  0.0
05.12.2025 17:15:19.850,  0.0
05.12.2025 17:15:23.860,  0.0
05.12.2025 17:15:27.950,  0.0
05.12.2025 17:15:31.860,  0.0
05.12.2025 17:15:35.950,  0.0
05.12.2025 17:15:39.950,  0.0
05.12.2025 17:15:43.950,  0.0
05.12.2025 17:15:47.950,  0.0
05.12.2025 17:15:51.860,  0.0
05.12.2025 17:15:55.860,  0.0
05.12.2025 17:15:59.860,  0.0
05.12.2025 17:16:03.860,  0.0
05.12.2025 17:16:07.950,  0.0
05.12.2025 17:16:11.860,  0.0
05.12.2025 17:16:15.871,  0.0
05.12.2025 17:16:19.871,  0.0
05.12.2025 17:16:23.860,  0.0
05.12.2025 17:16:27.950,  0.0
05.12.2025 17:16:31.950,  0.0
05.12.2025 17:16:35.870,  0.0
05.12.2025 17:16:39.950,  0.0
05.12.2025 17:16:43.860,  0.0
05.12.2025 17:16:47.870,  0.0
05.12.2025 17:16:51.870,  0.0
05.12.2025 17:16:55.870,  0.0
05.12.2025 17:17:00.190,  0.0
05.12.2025 17:17:03.870,  0.0
05.12.2025 17:17:07.860,  0.0
05.12.2025 17:17:11.870,  0.0
05.12.2025 17:17:15.950,  0.0
05.12.2025 17:17:19.870,  0.0
05.12.2025 17:17:23.860,  0.0
05.12.2025 17:17:27.870,  0.0
05.12.2025 17:17:31.990,  0.0
05.12.2025 17:17:35.860,  0.0
05.12.2025 17:17:39.950,  0.0
05.12.2025 17:17:43.870,  0.0
05.12.2025 17:17:47.950,  0.0
05.12.2025 17:17:51.860,  0.0
05.12.2025 17:17:55.870,  0.0
05.12.2025 17:17:59.870,  0.0
05.12.2025 17:18:03.860,  0.0
05.12.2025 17:18:07.930,  0.0
05.12.2025 17:18:11.870,  0.0
05.12.2025 17:18:15.950,  0.0
05.12.2025 17:18:19.870,  0.0
05.12.2025 17:18:23.871,  0.0
05.12.2025 17:18:27.860,  0.0
05.12.2025 17:18:31.990,  0.0
05.12.2025 17:18:35.940,  0.0
05.12.2025 17:18:39.870,  0.0
05.12.2025 17:18:43.950,  0.1
05.12.2025 17:18:47.860,  0.1
05.12.2025 17:18:51.890,  0.1
05.12.2025 17:18:55.890,  0.1
05.12.2025 17:18:59.880,  0.1
05.12.2025 17:19:03.880,  0.1
05.12.2025 17:19:08.010,  0.1
05.12.2025 17:19:11.960,  0.1
05.12.2025 17:19:16.120,  0.1
05.12.2025 17:19:20.040,  0.1
05.12.2025 17:19:23.890,  0.1
05.12.2025 17:19:27.890,  0.1
05.12.2025 17:19:31.880,  0.1
05.12.2025 17:19:35.890,  0.1
05.12.2025 17:19:40.000,  0.1
05.12.2025 17:19:43.950,  0.1
05.12.2025 17:19:48.040,  0.1
05.12.2025 17:19:51.910,  0.1
05.12.2025 17:19:55.920,  0.1
05.12.2025 17:19:59.910,  0.1
05.12.2025 17:20:03.920,  0.1
05.12.2025 17:20:07.920,  0.1
05.12.2025 17:20:11.930,  0.1
05.12.2025 17:20:15.930,  0.1
05.12.2025 17:20:19.930,  0.1
05.12.2025 17:20:23.920,  0.1
05.12.2025 17:20:27.930,  0.1
05.12.2025 17:20:31.930,  0.1
05.12.2025 17:20:35.930,  0.1
05.12.2025 17:20:39.930,  0.1
05.12.2025 17:20:44.040,  0.1
05.12.2025 17:20:47.920,  0.1
05.12.2025 17:20:52.040,  0.1
05.12.2025 17:20:56.040,  0.1
05.12.2025 17:20:59.920,  0.1
05.12.2025 17:21:03.930,  0.1
05.12.2025 17:21:07.930,  0.1
05.12.2025 17:21:11.931,  0.1
05.12.2025 17:21:15.930,  0.1
05.12.2025 17:21:19.920,  0.0
05.12.2025 17:21:23.930,  0.0
05.12.2025 17:21:27.920,  0.0
05.12.2025 17:21:31.920,  0.0
05.12.2025 17:21:36.040,  0.0
05.12.2025 17:21:40.040,  0.0
05.12.2025 17:21:44.040,  0.0
05.12.2025 17:21:48.040,  0.0
05.12.2025 17:21:51.960,  0.0
05.12.2025 17:21:55.920,  0.0
05.12.2025 17:21:59.930,  0.0
05.12.2025 17:22:03.930,  0.0
05.12.2025 17:22:07.930,  0.0
05.12.2025 17:22:11.930,  0.0
05.12.2025 17:22:15.930,  0.0
05.12.2025 17:22:19.920,  0.0
05.12.2025 17:22:23.920,  0.0
05.12.2025 17:22:27.930,  0.0
05.12.2025 17:22:32.041,  0.0
05.12.2025 17:22:36.040,  0.0
05.12.2025 17:22:40.040,  0.0
05.12.2025 17:22:44.040,  0.0
05.12.2025 17:22:47.920,  0.0
05.12.2025 17:22:51.930,  0.0
05.12.2025 17:22:55.940,  0.0
05.12.2025 17:22:59.940,  0.0
05.12.2025 17:23:03.940,  0.0
05.12.2025 17:23:08.030,  0.0
05.12.2025 17:23:12.030,  0.0
05.12.2025 17:23:15.940,  0.0
05.12.2025 17:23:19.941,  0.0
05.12.2025 17:23:23.940,  0.0
05.12.2025 17:23:27.930,  0.0
05.12.2025 17:23:32.030,  0.0
05.12.2025 17:23:36.040,  0.0
05.12.2025 17:23:40.040,  0.0
05.12.2025 17:23:43.940,  0.0
05.12.2025 17:23:47.940,  0.0
05.12.2025 17:23:51.953,  0.0
05.12.2025 17:23:55.954,  0.0
05.12.2025 17:23:59.943,  0.0
05.12.2025 17:24:04.043,  0.0
05.12.2025 17:24:07.953,  0.0
05.12.2025 17:24:11.953,  0.0
05.12.2025 17:24:15.943,  0.0
05.12.2025 17:24:19.953,  0.0
05.12.2025 17:24:23.943,  0.0
05.12.2025 17:24:27.943,  0.0
05.12.2025 17:24:31.943,  0.0
05.12.2025 17:24:35.953,  0.0
05.12.2025 17:24:40.043,  0.0
05.12.2025 17:24:44.043,  0.0
05.12.2025 17:24:47.943,  0.0
05.12.2025 17:24:51.953,  0.0
05.12.2025 17:24:55.953,  0.0
05.12.2025 17:24:59.953,  0.0
05.12.2025 17:25:03.954,  0.0
05.12.2025 17:25:08.043,  0.0
05.12.2025 17:25:12.043,  0.0
05.12.2025 17:25:16.043,  0.0
05.12.2025 17:25:20.043,  0.0
05.12.2025 17:25:24.043,  0.0
05.12.2025 17:25:28.043,  0.0
05.12.2025 17:25:32.043,  0.0
05.12.2025 17:25:35.953,  0.0
05.12.2025 17:25:39.964,  0.0
05.12.2025 17:25:44.163,  0.0
05.12.2025 17:25:48.043,  0.0
05.12.2025 17:25:52.163,  0.0
05.12.2025 17:25:56.043,  0.0
05.12.2025 17:25:59.963,  0.0
05.12.2025 17:26:03.964,  0.0
05.12.2025 17:26:07.963,  0.0
05.12.2025 17:26:11.963,  0.0
05.12.2025 17:26:16.083,  0.0
05.12.2025 17:26:20.083,  0.0
05.12.2025 17:26:23.963,  0.0
05.12.2025 17:26:27.963,  0.0
05.12.2025 17:26:32.083,  0.0
05.12.2025 17:26:36.043,  0.0
05.12.2025 17:26:40.043,  0.0
05.12.2025 17:26:44.084,  0.0
05.12.2025 17:26:48.043,  0.0
05.12.2025 17:26:52.163,  0.0
05.12.2025 17:26:56.083,  0.0
05.12.2025 17:27:00.043,  0.0
05.12.2025 17:27:04.123,  0.0
05.12.2025 17:27:07.964,  0.0
05.12.2025 17:27:11.953,  0.0
05.12.2025 17:27:15.953,  0.0
05.12.2025 17:27:19.963,  0.0
05.12.2025 17:27:24.043,  0.0
05.12.2025 17:27:27.964,  0.0
05.12.2025 17:27:31.963,  0.0
05.12.2025 17:27:36.163,  0.0
05.12.2025 17:27:39.963,  0.0
05.12.2025 17:27:43.963,  0.0
05.12.2025 17:27:47.953,  0.0
05.12.2025 17:27:51.953,  0.0
05.12.2025 17:27:56.073,  0.0
05.12.2025 17:28:00.033,  0.0
05.12.2025 17:28:04.073,  0.0
05.12.2025 17:28:08.033,  0.0
05.12.2025 17:28:12.033,  0.0
05.12.2025 17:28:16.073,  0.0
05.12.2025 17:28:20.073,  0.0
05.12.2025 17:28:24.073,  0.0
05.12.2025 17:28:27.963,  0.0
05.12.2025 17:28:31.953,  0.0
05.12.2025 17:28:36.073,  0.0
05.12.2025 17:28:40.073,  0.0
05.12.2025 17:28:44.073,  0.0
05.12.2025 17:28:48.313,  0.0
05.12.2025 17:28:52.083,  0.0
05.12.2025 17:28:56.083,  0.0
05.12.2025 17:28:59.973,  0.0
05.12.2025 17:29:03.974,  0.0
05.12.2025 17:29:07.963,  0.0
05.12.2025 17:29:11.973,  0.0
05.12.2025 17:29:15.974,  0.0
05.12.2025 17:29:20.083,  0.0
05.12.2025 17:29:24.083,  0.0
05.12.2025 17:29:28.083,  0.0
05.12.2025 17:29:32.083,  0.0
05.12.2025 17:29:35.983,  0.0
05.12.2025 17:29:39.983,  0.0
05.12.2025 17:29:43.983,  0.0
05.12.2025 17:29:47.983,  0.0
05.12.2025 17:29:51.983,  0.0
05.12.2025 17:29:56.083,  0.0
05.12.2025 17:30:00.083,  0.0
05.12.2025 17:30:03.983,  0.0
05.12.2025 17:30:07.993,  0.0
05.12.2025 17:30:11.983,  0.0
05.12.2025 17:30:15.993,  0.0
05.12.2025 17:30:19.993,  0.0
05.12.2025 17:30:24.083,  0.0
05.12.2025 17:30:27.993,  0.0
05.12.2025 17:30:31.993,  0.0
05.12.2025 17:30:35.993,  0.0
05.12.2025 17:30:39.994,  0.0
05.12.2025 17:30:44.063,  0.0
05.12.2025 17:30:48.203,  0.0
05.12.2025 17:30:52.123,  0.0
05.12.2025 17:30:56.083,  0.0
05.12.2025 17:31:00.084,  0.0
05.12.2025 17:31:03.983,  0.0
05.12.2025 17:31:07.994,  0.0
05.12.2025 17:31:11.993,  0.0
05.12.2025 17:31:15.993,  0.0
05.12.2025 17:31:19.983,  0.0
05.12.2025 17:31:24.073,  0.0
05.12.2025 17:31:28.083,  0.0
05.12.2025 17:31:32.073,  0.0
05.12.2025 17:31:36.083,  0.0
05.12.2025 17:31:40.053,  0.0
05.12.2025 17:31:44.193,  0.0
05.12.2025 17:31:47.983,  0.0
05.12.2025 17:31:51.983,  0.0
05.12.2025 17:31:55.993,  0.0
05.12.2025 17:31:59.993,  0.0
05.12.2025 17:32:03.983,  0.0
05.12.2025 17:32:07.993,  0.0
05.12.2025 17:32:11.993,  0.0
05.12.2025 17:32:15.993,  0.0
05.12.2025 17:32:19.993,  0.0
05.12.2025 17:32:24.073,  0.0
05.12.2025 17:32:28.073,  0.0
05.12.2025 17:32:31.983,  0.0
05.12.2025 17:32:35.993,  0.0
05.12.2025 17:32:39.993,  0.0
05.12.2025 17:32:43.993,  0.0
05.12.2025 17:32:47.983,  0.0
05.12.2025 17:32:52.113,  0.0
05.12.2025 17:32:56.113,  0.0
05.12.2025 17:33:00.113,  0.0
05.12.2025 17:33:04.063,  0.0
05.12.2025 17:33:08.003,  0.0
05.12.2025 17:33:12.003,  0.0
05.12.2025 17:33:16.003,  0.0
05.12.2025 17:33:20.003,  0.0
05.12.2025 17:33:24.113,  0.0
05.12.2025 17:33:28.113,  0.0
05.12.2025 17:33:32.063,  0.0
05.12.2025 17:33:36.003,  0.0
05.12.2025 17:33:40.003,  0.0
05.12.2025 17:33:44.013,  0.0
05.12.2025 17:33:48.013,  0.0
05.12.2025 17:33:52.127,  0.0
05.12.2025 17:33:56.127,  0.0
05.12.2025 17:34:00.027,  0.0
05.12.2025 17:34:04.127,  0.0
05.12.2025 17:34:08.127,  0.0
05.12.2025 17:34:12.127,  0.0
05.12.2025 17:34:16.027,  0.0
05.12.2025 17:34:20.027,  0.0
05.12.2025 17:34:24.037,  0.0
05.12.2025 17:34:28.037,  0.0
05.12.2025 17:34:32.047,  0.0
05.12.2025 17:34:36.167,  0.0
05.12.2025 17:34:40.057,  0.0
05.12.2025 17:34:44.057,  0.0
05.12.2025 17:34:48.047,  0.0
05.12.2025 17:34:52.047,  0.0
05.12.2025 17:34:56.058,  0.0
05.12.2025 17:35:00.167,  0.0
05.12.2025 17:35:04.167,  0.0
05.12.2025 17:35:08.167,  0.0
05.12.2025 17:35:12.167,  0.0
05.12.2025 17:35:16.067,  0.0
05.12.2025 17:35:20.067,  0.0
05.12.2025 17:35:24.057,  0.0
05.12.2025 17:35:28.067,  0.0
05.12.2025 17:35:32.067,  0.0
05.12.2025 17:35:36.057,  0.0
05.12.2025 17:35:40.077,  0.0
05.12.2025 17:35:44.167,  0.0
05.12.2025 17:35:48.168,  0.0
05.12.2025 17:35:52.067,  0.0
05.12.2025 17:35:56.077,  0.0
05.12.2025 17:36:00.077,  0.0
05.12.2025 17:36:04.087,  0.0
05.12.2025 17:36:08.087,  0.0
05.12.2025 17:36:12.157,  0.0
05.12.2025 17:36:16.197,  0.0
05.12.2025 17:36:20.207,  0.0
05.12.2025 17:36:24.087,  0.0
05.12.2025 17:36:28.087,  0.0
05.12.2025 17:36:32.097,  0.0
05.12.2025 17:36:36.087,  0.0
05.12.2025 17:36:40.087,  0.0
05.12.2025 17:36:44.207,  0.0
05.12.2025 17:36:48.207,  0.0
05.12.2025 17:36:52.197,  0.0
05.12.2025 17:36:56.087,  0.0
05.12.2025 17:37:00.098,  0.0
05.12.2025 17:37:04.197,  0.0
05.12.2025 17:37:08.197,  0.0
05.12.2025 17:37:12.087,  0.0
05.12.2025 17:37:16.087,  0.0
05.12.2025 17:37:20.097,  0.0
05.12.2025 17:37:24.087,  0.0
05.12.2025 17:37:28.097,  0.0
05.12.2025 17:37:32.197,  0.0
05.12.2025 17:37:36.197,  0.0
05.12.2025 17:37:40.087,  0.0
05.12.2025 17:37:44.097,  0.0
05.12.2025 17:37:48.097,  0.0
05.12.2025 17:37:52.107,  0.0
05.12.2025 17:37:56.097,  0.0
05.12.2025 17:38:00.197,  0.0
05.12.2025 17:38:04.197,  0.0
05.12.2025 17:38:08.197,  0.0
05.12.2025 17:38:12.157,  0.0
05.12.2025 17:38:16.237,  0.0
05.12.2025 17:38:20.197,  0.0
05.12.2025 17:38:24.197,  0.0
05.12.2025 17:38:28.197,  0.0
05.12.2025 17:38:32.197,  0.0
05.12.2025 17:38:36.107,  0.0
05.12.2025 17:38:40.107,  0.0
05.12.2025 17:38:44.107,  0.0
05.12.2025 17:38:48.107,  0.0
05.12.2025 17:38:52.114,  0.0
05.12.2025 17:38:56.214,  0.0
05.12.2025 17:39:00.214,  0.0
05.12.2025 17:39:04.114,  0.0
05.12.2025 17:39:08.214,  0.0
05.12.2025 17:39:12.214,  0.0
05.12.2025 17:39:16.124,  0.0
05.12.2025 17:39:20.124,  0.0
05.12.2025 17:39:24.124,  0.0
05.12.2025 17:39:28.114,  0.0
05.12.2025 17:39:32.124,  0.0
05.12.2025 17:39:36.216,  0.0
05.12.2025 17:39:40.214,  0.0
05.12.2025 17:39:44.214,  0.0
05.12.2025 17:39:48.214,  0.0
05.12.2025 17:39:52.124,  0.0
05.12.2025 17:39:56.214,  0.0
05.12.2025 17:40:00.214,  0.0
05.12.2025 17:40:04.215,  0.0
05.12.2025 17:40:08.215,  0.0
05.12.2025 17:40:12.214,  0.0
05.12.2025 17:40:16.214,  0.0
05.12.2025 17:40:20.214,  0.0
05.12.2025 17:40:24.124,  0.0
05.12.2025 17:40:28.114,  0.0
05.12.2025 17:40:32.214,  0.0
05.12.2025 17:40:36.124,  0.0
05.12.2025 17:40:40.134,  0.0
05.12.2025 17:40:44.135,  0.0
05.12.2025 17:40:48.134,  0.0
05.12.2025 17:40:52.134,  0.0
05.12.2025 17:40:56.134,  0.0
05.12.2025 17:41:00.204,  0.0
05.12.2025 17:41:04.254,  0.0
05.12.2025 17:41:08.244,  0.0
05.12.2025 17:41:12.134,  0.0
05.12.2025 17:41:16.244,  0.0
05.12.2025 17:41:20.134,  0.0
05.12.2025 17:41:24.134,  0.0
05.12.2025 17:41:28.124,  0.0
05.12.2025 17:41:32.124,  0.0
05.12.2025 17:41:36.244,  0.0
05.12.2025 17:41:40.124,  0.0
05.12.2025 17:41:44.204,  0.0
05.12.2025 17:41:48.124,  0.0
05.12.2025 17:41:52.134,  0.0
05.12.2025 17:41:56.134,  0.0
05.12.2025 17:42:00.134,  0.0
05.12.2025 17:42:04.134,  0.0
05.12.2025 17:42:08.244,  0.0
05.12.2025 17:42:12.124,  0.0
05.12.2025 17:42:16.134,  0.0
05.12.2025 17:42:20.134,  0.0
05.12.2025 17:42:24.124,  0.0
05.12.2025 17:42:28.134,  0.0
05.12.2025 17:42:32.124,  0.0
05.12.2025 17:42:36.134,  0.0
05.12.2025 17:42:40.135,  0.0
05.12.2025 17:42:44.134,  0.0
05.12.2025 17:42:48.134,  0.0
05.12.2025 17:42:52.124,  0.0
05.12.2025 17:42:56.244,  0.0
05.12.2025 17:43:00.134,  0.0
05.12.2025 17:43:04.124,  0.0
05.12.2025 17:43:08.244,  0.0
05.12.2025 17:43:12.244,  0.0
05.12.2025 17:43:16.134,  0.0
05.12.2025 17:43:20.244,  0.0
05.12.2025 17:43:24.124,  0.0
05.12.2025 17:43:28.134,  0.0
05.12.2025 17:43:32.144,  0.0
05.12.2025 17:43:36.134,  0.0
05.12.2025 17:43:40.244,  0.0
05.12.2025 17:43:44.144,  0.0
05.12.2025 17:43:48.134,  0.0
05.12.2025 17:43:52.263,  0.0
05.12.2025 17:43:56.163,  0.0
05.12.2025 17:44:00.263,  0.0
05.12.2025 17:44:04.163,  0.0
05.12.2025 17:44:08.263,  0.0
05.12.2025 17:44:12.264,  0.0
05.12.2025 17:44:16.263,  0.0
05.12.2025 17:44:20.193,  0.0
05.12.2025 17:44:24.153,  0.0
05.12.2025 17:44:28.153,  0.0
05.12.2025 17:44:32.163,  0.0
05.12.2025 17:44:36.263,  0.0
05.12.2025 17:44:40.163,  0.0
05.12.2025 17:44:44.163,  0.0
05.12.2025 17:44:48.253,  0.0
05.12.2025 17:44:52.163,  0.0
05.12.2025 17:44:56.173,  0.0
05.12.2025 17:45:00.173,  0.0
05.12.2025 17:45:04.253,  0.0
05.12.2025 17:45:08.163,  0.0
05.12.2025 17:45:12.173,  0.0
05.12.2025 17:45:16.173,  0.0
05.12.2025 17:45:20.163,  0.0
05.12.2025 17:45:24.173,  0.0
05.12.2025 17:45:28.163,  0.0
05.12.2025 17:45:32.253,  0.0
05.12.2025 17:45:36.173,  0.0
05.12.2025 17:45:40.253,  0.0
05.12.2025 17:45:44.253,  0.0
05.12.2025 17:45:48.173,  0.0
05.12.2025 17:45:52.174,  0.0
05.12.2025 17:45:56.293,  0.0
05.12.2025 17:46:00.253,  0.0
05.12.2025 17:46:04.333,  0.0
05.12.2025 17:46:08.293,  0.0
05.12.2025 17:46:12.173,  0.0
05.12.2025 17:46:16.173,  0.0
05.12.2025 17:46:20.173,  0.0
05.12.2025 17:46:24.183,  0.0
05.12.2025 17:46:28.173,  0.0
05.12.2025 17:46:32.293,  0.0
05.12.2025 17:46:36.293,  0.0
05.12.2025 17:46:40.293,  0.0
05.12.2025 17:46:44.293,  0.0
05.12.2025 17:46:48.173,  0.0
05.12.2025 17:46:52.183,  0.0
05.12.2025 17:46:56.293,  0.0
05.12.2025 17:47:00.293,  0.0
05.12.2025 17:47:04.293,  0.0
05.12.2025 17:47:08.193,  0.0
05.12.2025 17:47:12.293,  0.0
05.12.2025 17:47:16.293,  0.0
05.12.2025 17:47:20.183,  0.0
